
G90 ;use absolute coordinates
G21 ;unit mm

;Homing sequence
M117 Gantry Align
G28 Z0 ;Home Z
G28 X0 Y0 ;Home X Y
G0 X75.0 Y70.0 F5000.0 ; Go with Head to probe position
SET_TMC_FIELD STEPPER=stepper_z FIELD=SGT VALUE=0
G0 Z110.0 F300.0 ; Ram into top
G0 Z105.0 F300.0 ; Back down
SET_TMC_FIELD STEPPER=stepper_z FIELD=SGT VALUE=4
G28 Z0; Home Z again
G28 Z0; Home Z again
M117 Aligned
MESH X_MIN=27.000 X_MAX=187.000 Y_MIN=32.500 Y_MAX=187.500 POINTS=5 ;Home Z with mesh bed leveling inside acceptance square
G0 X75.0 Y70.0 F5000.0; Go with probe above vacuum chuck
HOME_SYRINGE
DISPENSE MM=0
G1 Z0.0 F300.0 
M117 ;Calibrate Needle to touch substrate
PAUSE
G0 Z40.0 F5000.0
G0 Z40.0 F5000.0
G0 X221.0 Y66.0 F5000.0
G0 Z-6.0  F3000.0
ASPIRATE MM=50.0 SPEED=1.0; Filling the syringe
WAIT S=10.0
DISPENSE MM=10.0 SPEED=15.0 RELATIVE=1; Prevent backlash the syringe
WAIT S=2.0
G0 Z40.0 F5000.0

; Washing sequence
G0 Z40.0 F5000
G0 X221.0 Y116.0 F5000
G0 Z-5.0 F500
G0 X222.0 F2000.0
G0 X221.0 F2000.0
G0 X222.0 F2000.0
G0 X221.0 F2000.0
G0 X222.0 F2000.0
G0 X221.0 F2000.0
G0 X222.0 F2000.0
G0 X221.0 F2000.0
G0 X222.0 F2000.0
G0 X221.0 F2000.0
G0 X222.0 F2000.0
G0 X221.0 F2000.0
G0 X222.0 F2000.0
G0 X221.0 F2000.0
G0 X222.0 F2000.0
G0 X221.0 F2000.0
G0 X222.0 F2000.0
G0 X221.0 F2000.0
G0 X222.0 F2000.0
G0 X221.0 F2000.0
G0 X222.0 F2000.0
G0 X221.0 F2000.0
G0 X222.0 F2000.0
G0 X221.0 F2000.0
G0 X222.0 F2000.0
G0 X221.0 F2000.0
G0 X222.0 F2000.0
G0 X221.0 F2000.0
G0 X222.0 F2000.0
G0 X221.0 F2000.0
G0 X222.0 F2000.0
G0 X221.0 F2000.0
G0 X222.0 F2000.0
G0 X221.0 F2000.0
G0 X222.0 F2000.0
G0 X221.0 F2000.0
G0 X222.0 F2000.0
G0 X221.0 F2000.0
G0 X222.0 F2000.0
G0 X221.0 F2000.0
G0 X222.0 F2000.0
G0 X221.0 F2000.0
G0 X222.0 F2000.0
G0 X221.0 F2000.0
G0 X222.0 F2000.0
G0 X221.0 F2000.0
G0 X222.0 F2000.0
G0 X221.0 F2000.0
G0 X222.0 F2000.0
G0 X221.0 F2000.0
G0 X222.0 F2000.0
G0 X221.0 F2000.0
G0 X222.0 F2000.0
G0 X221.0 F2000.0
G0 X222.0 F2000.0
G0 X221.0 F2000.0
G0 X222.0 F2000.0
G0 X221.0 F2000.0
G0 X222.0 F2000.0
G0 X221.0 F2000.0
G0 X222.0 F2000.0
G0 X221.0 F2000.0
G0 X222.0 F2000.0
G0 X221.0 F2000.0
G0 X222.0 F2000.0
G0 X221.0 F2000.0
G0 X222.0 F2000.0
G0 X221.0 F2000.0
G0 X222.0 F2000.0
G0 X221.0 F2000.0
G0 X222.0 F2000.0
G0 X221.0 F2000.0
G0 X222.0 F2000.0
G0 X221.0 F2000.0
G0 X222.0 F2000.0
G0 X221.0 F2000.0
G0 X222.0 F2000.0
G0 X221.0 F2000.0
G0 X222.0 F2000.0
G0 X221.0 F2000.0
G0 X222.0 F2000.0
G0 X221.0 F2000.0
G0 X222.0 F2000.0
G0 X221.0 F2000.0
G0 X222.0 F2000.0
G0 X221.0 F2000.0
G0 X222.0 F2000.0
G0 X221.0 F2000.0
G0 X222.0 F2000.0
G0 X221.0 F2000.0
G0 X222.0 F2000.0
G0 X221.0 F2000.0
G0 X222.0 F2000.0
G0 X221.0 F2000.0
G0 X222.0 F2000.0
G0 X221.0 F2000.0
G0 X222.0 F2000.0
G0 X221.0 F2000.0
G0 X222.0 F2000.0
G0 X221.0 F2000.0
G0 Z40.0 F5000


; Create cleaning sequence
G0 X39.0 Y52.0 F5000
WAIT S=0.2
DISPENSE MM=0.125 SPEED=500 RELATIVE=1
G0 Z0.025 F500 ;position for liquid contact
G0 Z1.0 F5000
G0 X42.0 Y52.0 F5000
DISPENSE MM=0.125 SPEED=500 RELATIVE=1
G0 Z0.025 F500 ;position for liquid contact
G0 Z1.0 F5000
G0 X45.0 Y52.0 F5000
DISPENSE MM=0.125 SPEED=500 RELATIVE=1
G0 Z0.025 F500 ;position for liquid contact
G0 Z1.0 F5000
G0 X48.0 Y52.0 F5000
DISPENSE MM=0.125 SPEED=500 RELATIVE=1
G0 Z0.025 F500 ;position for liquid contact
G0 Z1.0 F5000
G0 X51.0 Y52.0 F5000
DISPENSE MM=0.125 SPEED=500 RELATIVE=1
G0 Z0.025 F500 ;position for liquid contact
G0 Z1.0 F5000
G0 X54.0 Y52.0 F5000
DISPENSE MM=0.125 SPEED=500 RELATIVE=1
G0 Z0.025 F500 ;position for liquid contact
G0 Z1.0 F5000
G0 X57.0 Y52.0 F5000
DISPENSE MM=0.125 SPEED=500 RELATIVE=1
G0 Z0.025 F500 ;position for liquid contact
G0 Z1.0 F5000
G0 X60.0 Y52.0 F5000
DISPENSE MM=0.125 SPEED=500 RELATIVE=1
G0 Z0.025 F500 ;position for liquid contact
G0 Z1.0 F5000
G0 X63.0 Y52.0 F5000
DISPENSE MM=0.125 SPEED=500 RELATIVE=1
G0 Z0.025 F500 ;position for liquid contact
G0 Z1.0 F5000
G0 X66.0 Y52.0 F5000
DISPENSE MM=0.125 SPEED=500 RELATIVE=1
G0 Z0.025 F500 ;position for liquid contact
G0 Z1.0 F5000
G0 X39.0 Y54.0 F5000
WAIT S=0.2
DISPENSE MM=0.125 SPEED=500 RELATIVE=1
G0 Z0.025 F500 ;position for liquid contact
G0 Z1.0 F5000
G0 X42.0 Y54.0 F5000
DISPENSE MM=0.125 SPEED=500 RELATIVE=1
G0 Z0.025 F500 ;position for liquid contact
G0 Z1.0 F5000
G0 X45.0 Y54.0 F5000
DISPENSE MM=0.125 SPEED=500 RELATIVE=1
G0 Z0.025 F500 ;position for liquid contact
G0 Z1.0 F5000
G0 X48.0 Y54.0 F5000
DISPENSE MM=0.125 SPEED=500 RELATIVE=1
G0 Z0.025 F500 ;position for liquid contact
G0 Z1.0 F5000
G0 X51.0 Y54.0 F5000
DISPENSE MM=0.125 SPEED=500 RELATIVE=1
G0 Z0.025 F500 ;position for liquid contact
G0 Z1.0 F5000
G0 X54.0 Y54.0 F5000
DISPENSE MM=0.125 SPEED=500 RELATIVE=1
G0 Z0.025 F500 ;position for liquid contact
G0 Z1.0 F5000
G0 X57.0 Y54.0 F5000
DISPENSE MM=0.125 SPEED=500 RELATIVE=1
G0 Z0.025 F500 ;position for liquid contact
G0 Z1.0 F5000
G0 X60.0 Y54.0 F5000
DISPENSE MM=0.125 SPEED=500 RELATIVE=1
G0 Z0.025 F500 ;position for liquid contact
G0 Z1.0 F5000
G0 X63.0 Y54.0 F5000
DISPENSE MM=0.125 SPEED=500 RELATIVE=1
G0 Z0.025 F500 ;position for liquid contact
G0 Z1.0 F5000
G0 X66.0 Y54.0 F5000
DISPENSE MM=0.125 SPEED=500 RELATIVE=1
G0 Z0.025 F500 ;position for liquid contact
G0 Z1.0 F5000
G0 Z40.0 F5000
G0 X39.0 Y57.0 F5000.0
G0 Z1.0 F3000.0
WAIT S=0.2
DISPENSE MM=0.045 SPEED=30.0 RELATIVE=1
WAIT S=0.001
G0 Z0.025 F3000.0 ;position for liquid contact
G0 Z1.0 F5000.0
G0 X41.0 Y57.0 F5000.0
G0 Z1.0 F3000.0
DISPENSE MM=0.045 SPEED=30.0 RELATIVE=1
WAIT S=0.001
G0 Z0.025 F3000.0 ;position for liquid contact
G0 Z1.0 F5000.0
G0 X43.0 Y57.0 F5000.0
G0 Z1.0 F3000.0
DISPENSE MM=0.045 SPEED=30.0 RELATIVE=1
WAIT S=0.001
G0 Z0.025 F3000.0 ;position for liquid contact
G0 Z1.0 F5000.0
G0 X45.0 Y57.0 F5000.0
G0 Z1.0 F3000.0
DISPENSE MM=0.045 SPEED=30.0 RELATIVE=1
WAIT S=0.001
G0 Z0.025 F3000.0 ;position for liquid contact
G0 Z1.0 F5000.0
G0 X47.0 Y57.0 F5000.0
G0 Z1.0 F3000.0
DISPENSE MM=0.045 SPEED=30.0 RELATIVE=1
WAIT S=0.001
G0 Z0.025 F3000.0 ;position for liquid contact
G0 Z1.0 F5000.0
G0 X49.0 Y57.0 F5000.0
G0 Z1.0 F3000.0
DISPENSE MM=0.045 SPEED=30.0 RELATIVE=1
WAIT S=0.001
G0 Z0.025 F3000.0 ;position for liquid contact
G0 Z1.0 F5000.0
G0 X51.0 Y57.0 F5000.0
G0 Z1.0 F3000.0
DISPENSE MM=0.045 SPEED=30.0 RELATIVE=1
WAIT S=0.001
G0 Z0.025 F3000.0 ;position for liquid contact
G0 Z1.0 F5000.0
G0 X53.0 Y57.0 F5000.0
G0 Z1.0 F3000.0
DISPENSE MM=0.045 SPEED=30.0 RELATIVE=1
WAIT S=0.001
G0 Z0.025 F3000.0 ;position for liquid contact
G0 Z1.0 F5000.0
G0 X55.0 Y57.0 F5000.0
G0 Z1.0 F3000.0
DISPENSE MM=0.045 SPEED=30.0 RELATIVE=1
WAIT S=0.001
G0 Z0.025 F3000.0 ;position for liquid contact
G0 Z1.0 F5000.0
G0 X57.0 Y57.0 F5000.0
G0 Z1.0 F3000.0
DISPENSE MM=0.045 SPEED=30.0 RELATIVE=1
WAIT S=0.001
G0 Z0.025 F3000.0 ;position for liquid contact
G0 Z1.0 F5000.0
G0 X59.0 Y57.0 F5000.0
G0 Z1.0 F3000.0
DISPENSE MM=0.045 SPEED=30.0 RELATIVE=1
WAIT S=0.001
G0 Z0.025 F3000.0 ;position for liquid contact
G0 Z1.0 F5000.0
G0 X61.0 Y57.0 F5000.0
G0 Z1.0 F3000.0
DISPENSE MM=0.045 SPEED=30.0 RELATIVE=1
WAIT S=0.001
G0 Z0.025 F3000.0 ;position for liquid contact
G0 Z1.0 F5000.0
G0 X63.0 Y57.0 F5000.0
G0 Z1.0 F3000.0
DISPENSE MM=0.045 SPEED=30.0 RELATIVE=1
WAIT S=0.001
G0 Z0.025 F3000.0 ;position for liquid contact
G0 Z1.0 F5000.0
G0 X65.0 Y57.0 F5000.0
G0 Z1.0 F3000.0
DISPENSE MM=0.045 SPEED=30.0 RELATIVE=1
WAIT S=0.001
G0 Z0.025 F3000.0 ;position for liquid contact
G0 Z1.0 F5000.0
G0 X67.0 Y57.0 F5000.0
G0 Z1.0 F3000.0
DISPENSE MM=0.045 SPEED=30.0 RELATIVE=1
WAIT S=0.001
G0 Z0.025 F3000.0 ;position for liquid contact
G0 Z1.0 F5000.0
G0 X69.0 Y57.0 F5000.0
G0 Z1.0 F3000.0
DISPENSE MM=0.045 SPEED=30.0 RELATIVE=1
WAIT S=0.001
G0 Z0.025 F3000.0 ;position for liquid contact
G0 Z1.0 F5000.0
G0 X71.0 Y57.0 F5000.0
G0 Z1.0 F3000.0
DISPENSE MM=0.045 SPEED=30.0 RELATIVE=1
WAIT S=0.001
G0 Z0.025 F3000.0 ;position for liquid contact
G0 Z1.0 F5000.0
G0 X73.0 Y57.0 F5000.0
G0 Z1.0 F3000.0
DISPENSE MM=0.045 SPEED=30.0 RELATIVE=1
WAIT S=0.001
G0 Z0.025 F3000.0 ;position for liquid contact
G0 Z1.0 F5000.0
G0 X75.0 Y57.0 F5000.0
G0 Z1.0 F3000.0
DISPENSE MM=0.045 SPEED=30.0 RELATIVE=1
WAIT S=0.001
G0 Z0.025 F3000.0 ;position for liquid contact
G0 Z1.0 F5000.0
G0 X77.0 Y57.0 F5000.0
G0 Z1.0 F3000.0
DISPENSE MM=0.045 SPEED=30.0 RELATIVE=1
WAIT S=0.001
G0 Z0.025 F3000.0 ;position for liquid contact
G0 Z1.0 F5000.0
G0 X79.0 Y57.0 F5000.0
G0 Z1.0 F3000.0
DISPENSE MM=0.045 SPEED=30.0 RELATIVE=1
WAIT S=0.001
G0 Z0.025 F3000.0 ;position for liquid contact
G0 Z1.0 F5000.0
G0 X81.0 Y57.0 F5000.0
G0 Z1.0 F3000.0
DISPENSE MM=0.045 SPEED=30.0 RELATIVE=1
WAIT S=0.001
G0 Z0.025 F3000.0 ;position for liquid contact
G0 Z1.0 F5000.0
G0 X83.0 Y57.0 F5000.0
G0 Z1.0 F3000.0
DISPENSE MM=0.045 SPEED=30.0 RELATIVE=1
WAIT S=0.001
G0 Z0.025 F3000.0 ;position for liquid contact
G0 Z1.0 F5000.0
G0 X85.0 Y57.0 F5000.0
G0 Z1.0 F3000.0
DISPENSE MM=0.045 SPEED=30.0 RELATIVE=1
WAIT S=0.001
G0 Z0.025 F3000.0 ;position for liquid contact
G0 Z1.0 F5000.0
G0 X87.0 Y57.0 F5000.0
G0 Z1.0 F3000.0
DISPENSE MM=0.045 SPEED=30.0 RELATIVE=1
WAIT S=0.001
G0 Z0.025 F3000.0 ;position for liquid contact
G0 Z1.0 F5000.0
G0 X89.0 Y57.0 F5000.0
G0 Z1.0 F3000.0
DISPENSE MM=0.045 SPEED=30.0 RELATIVE=1
WAIT S=0.001
G0 Z0.025 F3000.0 ;position for liquid contact
G0 Z1.0 F5000.0
G0 X91.0 Y57.0 F5000.0
G0 Z1.0 F3000.0
DISPENSE MM=0.045 SPEED=30.0 RELATIVE=1
WAIT S=0.001
G0 Z0.025 F3000.0 ;position for liquid contact
G0 Z1.0 F5000.0
G0 X93.0 Y57.0 F5000.0
G0 Z1.0 F3000.0
DISPENSE MM=0.045 SPEED=30.0 RELATIVE=1
WAIT S=0.001
G0 Z0.025 F3000.0 ;position for liquid contact
G0 Z1.0 F5000.0
G0 X95.0 Y57.0 F5000.0
G0 Z1.0 F3000.0
DISPENSE MM=0.045 SPEED=30.0 RELATIVE=1
WAIT S=0.001
G0 Z0.025 F3000.0 ;position for liquid contact
G0 Z1.0 F5000.0
G0 X97.0 Y57.0 F5000.0
G0 Z1.0 F3000.0
DISPENSE MM=0.045 SPEED=30.0 RELATIVE=1
WAIT S=0.001
G0 Z0.025 F3000.0 ;position for liquid contact
G0 Z1.0 F5000.0
G0 X39.0 Y59.0 F5000.0
G0 Z1.0 F3000.0
WAIT S=0.2
DISPENSE MM=0.045 SPEED=30.0 RELATIVE=1
WAIT S=0.001
G0 Z0.025 F3000.0 ;position for liquid contact
G0 Z1.0 F5000.0
G0 X41.0 Y59.0 F5000.0
G0 Z1.0 F3000.0
DISPENSE MM=0.045 SPEED=30.0 RELATIVE=1
WAIT S=0.001
G0 Z0.025 F3000.0 ;position for liquid contact
G0 Z1.0 F5000.0
G0 X43.0 Y59.0 F5000.0
G0 Z1.0 F3000.0
DISPENSE MM=0.045 SPEED=30.0 RELATIVE=1
WAIT S=0.001
G0 Z0.025 F3000.0 ;position for liquid contact
G0 Z1.0 F5000.0
G0 X45.0 Y59.0 F5000.0
G0 Z1.0 F3000.0
DISPENSE MM=0.045 SPEED=30.0 RELATIVE=1
WAIT S=0.001
G0 Z0.025 F3000.0 ;position for liquid contact
G0 Z1.0 F5000.0
G0 X47.0 Y59.0 F5000.0
G0 Z1.0 F3000.0
DISPENSE MM=0.045 SPEED=30.0 RELATIVE=1
WAIT S=0.001
G0 Z0.025 F3000.0 ;position for liquid contact
G0 Z1.0 F5000.0
G0 X49.0 Y59.0 F5000.0
G0 Z1.0 F3000.0
DISPENSE MM=0.045 SPEED=30.0 RELATIVE=1
WAIT S=0.001
G0 Z0.025 F3000.0 ;position for liquid contact
G0 Z1.0 F5000.0
G0 X51.0 Y59.0 F5000.0
G0 Z1.0 F3000.0
DISPENSE MM=0.045 SPEED=30.0 RELATIVE=1
WAIT S=0.001
G0 Z0.025 F3000.0 ;position for liquid contact
G0 Z1.0 F5000.0
G0 X53.0 Y59.0 F5000.0
G0 Z1.0 F3000.0
DISPENSE MM=0.045 SPEED=30.0 RELATIVE=1
WAIT S=0.001
G0 Z0.025 F3000.0 ;position for liquid contact
G0 Z1.0 F5000.0
G0 X55.0 Y59.0 F5000.0
G0 Z1.0 F3000.0
DISPENSE MM=0.045 SPEED=30.0 RELATIVE=1
WAIT S=0.001
G0 Z0.025 F3000.0 ;position for liquid contact
G0 Z1.0 F5000.0
G0 X57.0 Y59.0 F5000.0
G0 Z1.0 F3000.0
DISPENSE MM=0.045 SPEED=30.0 RELATIVE=1
WAIT S=0.001
G0 Z0.025 F3000.0 ;position for liquid contact
G0 Z1.0 F5000.0
G0 X59.0 Y59.0 F5000.0
G0 Z1.0 F3000.0
DISPENSE MM=0.045 SPEED=30.0 RELATIVE=1
WAIT S=0.001
G0 Z0.025 F3000.0 ;position for liquid contact
G0 Z1.0 F5000.0
G0 X61.0 Y59.0 F5000.0
G0 Z1.0 F3000.0
DISPENSE MM=0.045 SPEED=30.0 RELATIVE=1
WAIT S=0.001
G0 Z0.025 F3000.0 ;position for liquid contact
G0 Z1.0 F5000.0
G0 X63.0 Y59.0 F5000.0
G0 Z1.0 F3000.0
DISPENSE MM=0.045 SPEED=30.0 RELATIVE=1
WAIT S=0.001
G0 Z0.025 F3000.0 ;position for liquid contact
G0 Z1.0 F5000.0
G0 X65.0 Y59.0 F5000.0
G0 Z1.0 F3000.0
DISPENSE MM=0.045 SPEED=30.0 RELATIVE=1
WAIT S=0.001
G0 Z0.025 F3000.0 ;position for liquid contact
G0 Z1.0 F5000.0
G0 X67.0 Y59.0 F5000.0
G0 Z1.0 F3000.0
DISPENSE MM=0.045 SPEED=30.0 RELATIVE=1
WAIT S=0.001
G0 Z0.025 F3000.0 ;position for liquid contact
G0 Z1.0 F5000.0
G0 X69.0 Y59.0 F5000.0
G0 Z1.0 F3000.0
DISPENSE MM=0.045 SPEED=30.0 RELATIVE=1
WAIT S=0.001
G0 Z0.025 F3000.0 ;position for liquid contact
G0 Z1.0 F5000.0
G0 X71.0 Y59.0 F5000.0
G0 Z1.0 F3000.0
DISPENSE MM=0.045 SPEED=30.0 RELATIVE=1
WAIT S=0.001
G0 Z0.025 F3000.0 ;position for liquid contact
G0 Z1.0 F5000.0
G0 X73.0 Y59.0 F5000.0
G0 Z1.0 F3000.0
DISPENSE MM=0.045 SPEED=30.0 RELATIVE=1
WAIT S=0.001
G0 Z0.025 F3000.0 ;position for liquid contact
G0 Z1.0 F5000.0
G0 X75.0 Y59.0 F5000.0
G0 Z1.0 F3000.0
DISPENSE MM=0.045 SPEED=30.0 RELATIVE=1
WAIT S=0.001
G0 Z0.025 F3000.0 ;position for liquid contact
G0 Z1.0 F5000.0
G0 X77.0 Y59.0 F5000.0
G0 Z1.0 F3000.0
DISPENSE MM=0.045 SPEED=30.0 RELATIVE=1
WAIT S=0.001
G0 Z0.025 F3000.0 ;position for liquid contact
G0 Z1.0 F5000.0
G0 X79.0 Y59.0 F5000.0
G0 Z1.0 F3000.0
DISPENSE MM=0.045 SPEED=30.0 RELATIVE=1
WAIT S=0.001
G0 Z0.025 F3000.0 ;position for liquid contact
G0 Z1.0 F5000.0
G0 X81.0 Y59.0 F5000.0
G0 Z1.0 F3000.0
DISPENSE MM=0.045 SPEED=30.0 RELATIVE=1
WAIT S=0.001
G0 Z0.025 F3000.0 ;position for liquid contact
G0 Z1.0 F5000.0
G0 X83.0 Y59.0 F5000.0
G0 Z1.0 F3000.0
DISPENSE MM=0.045 SPEED=30.0 RELATIVE=1
WAIT S=0.001
G0 Z0.025 F3000.0 ;position for liquid contact
G0 Z1.0 F5000.0
G0 X85.0 Y59.0 F5000.0
G0 Z1.0 F3000.0
DISPENSE MM=0.045 SPEED=30.0 RELATIVE=1
WAIT S=0.001
G0 Z0.025 F3000.0 ;position for liquid contact
G0 Z1.0 F5000.0
G0 X87.0 Y59.0 F5000.0
G0 Z1.0 F3000.0
DISPENSE MM=0.045 SPEED=30.0 RELATIVE=1
WAIT S=0.001
G0 Z0.025 F3000.0 ;position for liquid contact
G0 Z1.0 F5000.0
G0 X89.0 Y59.0 F5000.0
G0 Z1.0 F3000.0
DISPENSE MM=0.045 SPEED=30.0 RELATIVE=1
WAIT S=0.001
G0 Z0.025 F3000.0 ;position for liquid contact
G0 Z1.0 F5000.0
G0 X91.0 Y59.0 F5000.0
G0 Z1.0 F3000.0
DISPENSE MM=0.045 SPEED=30.0 RELATIVE=1
WAIT S=0.001
G0 Z0.025 F3000.0 ;position for liquid contact
G0 Z1.0 F5000.0
G0 X93.0 Y59.0 F5000.0
G0 Z1.0 F3000.0
DISPENSE MM=0.045 SPEED=30.0 RELATIVE=1
WAIT S=0.001
G0 Z0.025 F3000.0 ;position for liquid contact
G0 Z1.0 F5000.0
G0 X95.0 Y59.0 F5000.0
G0 Z1.0 F3000.0
DISPENSE MM=0.045 SPEED=30.0 RELATIVE=1
WAIT S=0.001
G0 Z0.025 F3000.0 ;position for liquid contact
G0 Z1.0 F5000.0
G0 X97.0 Y59.0 F5000.0
G0 Z1.0 F3000.0
DISPENSE MM=0.045 SPEED=30.0 RELATIVE=1
WAIT S=0.001
G0 Z0.025 F3000.0 ;position for liquid contact
G0 Z1.0 F5000.0
G0 X39.0 Y61.0 F5000.0
G0 Z1.0 F3000.0
WAIT S=0.2
DISPENSE MM=0.045 SPEED=30.0 RELATIVE=1
WAIT S=0.001
G0 Z0.025 F3000.0 ;position for liquid contact
G0 Z1.0 F5000.0
G0 X41.0 Y61.0 F5000.0
G0 Z1.0 F3000.0
DISPENSE MM=0.045 SPEED=30.0 RELATIVE=1
WAIT S=0.001
G0 Z0.025 F3000.0 ;position for liquid contact
G0 Z1.0 F5000.0
G0 X43.0 Y61.0 F5000.0
G0 Z1.0 F3000.0
DISPENSE MM=0.045 SPEED=30.0 RELATIVE=1
WAIT S=0.001
G0 Z0.025 F3000.0 ;position for liquid contact
G0 Z1.0 F5000.0
G0 X45.0 Y61.0 F5000.0
G0 Z1.0 F3000.0
DISPENSE MM=0.045 SPEED=30.0 RELATIVE=1
WAIT S=0.001
G0 Z0.025 F3000.0 ;position for liquid contact
G0 Z1.0 F5000.0
G0 X47.0 Y61.0 F5000.0
G0 Z1.0 F3000.0
DISPENSE MM=0.045 SPEED=30.0 RELATIVE=1
WAIT S=0.001
G0 Z0.025 F3000.0 ;position for liquid contact
G0 Z1.0 F5000.0
G0 X49.0 Y61.0 F5000.0
G0 Z1.0 F3000.0
DISPENSE MM=0.045 SPEED=30.0 RELATIVE=1
WAIT S=0.001
G0 Z0.025 F3000.0 ;position for liquid contact
G0 Z1.0 F5000.0
G0 X51.0 Y61.0 F5000.0
G0 Z1.0 F3000.0
DISPENSE MM=0.045 SPEED=30.0 RELATIVE=1
WAIT S=0.001
G0 Z0.025 F3000.0 ;position for liquid contact
G0 Z1.0 F5000.0
G0 X53.0 Y61.0 F5000.0
G0 Z1.0 F3000.0
DISPENSE MM=0.045 SPEED=30.0 RELATIVE=1
WAIT S=0.001
G0 Z0.025 F3000.0 ;position for liquid contact
G0 Z1.0 F5000.0
G0 X55.0 Y61.0 F5000.0
G0 Z1.0 F3000.0
DISPENSE MM=0.045 SPEED=30.0 RELATIVE=1
WAIT S=0.001
G0 Z0.025 F3000.0 ;position for liquid contact
G0 Z1.0 F5000.0
G0 X57.0 Y61.0 F5000.0
G0 Z1.0 F3000.0
DISPENSE MM=0.045 SPEED=30.0 RELATIVE=1
WAIT S=0.001
G0 Z0.025 F3000.0 ;position for liquid contact
G0 Z1.0 F5000.0
G0 X59.0 Y61.0 F5000.0
G0 Z1.0 F3000.0
DISPENSE MM=0.045 SPEED=30.0 RELATIVE=1
WAIT S=0.001
G0 Z0.025 F3000.0 ;position for liquid contact
G0 Z1.0 F5000.0
G0 X61.0 Y61.0 F5000.0
G0 Z1.0 F3000.0
DISPENSE MM=0.045 SPEED=30.0 RELATIVE=1
WAIT S=0.001
G0 Z0.025 F3000.0 ;position for liquid contact
G0 Z1.0 F5000.0
G0 X63.0 Y61.0 F5000.0
G0 Z1.0 F3000.0
DISPENSE MM=0.045 SPEED=30.0 RELATIVE=1
WAIT S=0.001
G0 Z0.025 F3000.0 ;position for liquid contact
G0 Z1.0 F5000.0
G0 X65.0 Y61.0 F5000.0
G0 Z1.0 F3000.0
DISPENSE MM=0.045 SPEED=30.0 RELATIVE=1
WAIT S=0.001
G0 Z0.025 F3000.0 ;position for liquid contact
G0 Z1.0 F5000.0
G0 X67.0 Y61.0 F5000.0
G0 Z1.0 F3000.0
DISPENSE MM=0.045 SPEED=30.0 RELATIVE=1
WAIT S=0.001
G0 Z0.025 F3000.0 ;position for liquid contact
G0 Z1.0 F5000.0
G0 X69.0 Y61.0 F5000.0
G0 Z1.0 F3000.0
DISPENSE MM=0.045 SPEED=30.0 RELATIVE=1
WAIT S=0.001
G0 Z0.025 F3000.0 ;position for liquid contact
G0 Z1.0 F5000.0
G0 X71.0 Y61.0 F5000.0
G0 Z1.0 F3000.0
DISPENSE MM=0.045 SPEED=30.0 RELATIVE=1
WAIT S=0.001
G0 Z0.025 F3000.0 ;position for liquid contact
G0 Z1.0 F5000.0
G0 X73.0 Y61.0 F5000.0
G0 Z1.0 F3000.0
DISPENSE MM=0.045 SPEED=30.0 RELATIVE=1
WAIT S=0.001
G0 Z0.025 F3000.0 ;position for liquid contact
G0 Z1.0 F5000.0
G0 X75.0 Y61.0 F5000.0
G0 Z1.0 F3000.0
DISPENSE MM=0.045 SPEED=30.0 RELATIVE=1
WAIT S=0.001
G0 Z0.025 F3000.0 ;position for liquid contact
G0 Z1.0 F5000.0
G0 X77.0 Y61.0 F5000.0
G0 Z1.0 F3000.0
DISPENSE MM=0.045 SPEED=30.0 RELATIVE=1
WAIT S=0.001
G0 Z0.025 F3000.0 ;position for liquid contact
G0 Z1.0 F5000.0
G0 X79.0 Y61.0 F5000.0
G0 Z1.0 F3000.0
DISPENSE MM=0.045 SPEED=30.0 RELATIVE=1
WAIT S=0.001
G0 Z0.025 F3000.0 ;position for liquid contact
G0 Z1.0 F5000.0
G0 X81.0 Y61.0 F5000.0
G0 Z1.0 F3000.0
DISPENSE MM=0.045 SPEED=30.0 RELATIVE=1
WAIT S=0.001
G0 Z0.025 F3000.0 ;position for liquid contact
G0 Z1.0 F5000.0
G0 X83.0 Y61.0 F5000.0
G0 Z1.0 F3000.0
DISPENSE MM=0.045 SPEED=30.0 RELATIVE=1
WAIT S=0.001
G0 Z0.025 F3000.0 ;position for liquid contact
G0 Z1.0 F5000.0
G0 X85.0 Y61.0 F5000.0
G0 Z1.0 F3000.0
DISPENSE MM=0.045 SPEED=30.0 RELATIVE=1
WAIT S=0.001
G0 Z0.025 F3000.0 ;position for liquid contact
G0 Z1.0 F5000.0
G0 X87.0 Y61.0 F5000.0
G0 Z1.0 F3000.0
DISPENSE MM=0.045 SPEED=30.0 RELATIVE=1
WAIT S=0.001
G0 Z0.025 F3000.0 ;position for liquid contact
G0 Z1.0 F5000.0
G0 X89.0 Y61.0 F5000.0
G0 Z1.0 F3000.0
DISPENSE MM=0.045 SPEED=30.0 RELATIVE=1
WAIT S=0.001
G0 Z0.025 F3000.0 ;position for liquid contact
G0 Z1.0 F5000.0
G0 X91.0 Y61.0 F5000.0
G0 Z1.0 F3000.0
DISPENSE MM=0.045 SPEED=30.0 RELATIVE=1
WAIT S=0.001
G0 Z0.025 F3000.0 ;position for liquid contact
G0 Z1.0 F5000.0
G0 X93.0 Y61.0 F5000.0
G0 Z1.0 F3000.0
DISPENSE MM=0.045 SPEED=30.0 RELATIVE=1
WAIT S=0.001
G0 Z0.025 F3000.0 ;position for liquid contact
G0 Z1.0 F5000.0
G0 X95.0 Y61.0 F5000.0
G0 Z1.0 F3000.0
DISPENSE MM=0.045 SPEED=30.0 RELATIVE=1
WAIT S=0.001
G0 Z0.025 F3000.0 ;position for liquid contact
G0 Z1.0 F5000.0
G0 X97.0 Y61.0 F5000.0
G0 Z1.0 F3000.0
DISPENSE MM=0.045 SPEED=30.0 RELATIVE=1
WAIT S=0.001
G0 Z0.025 F3000.0 ;position for liquid contact
G0 Z1.0 F5000.0
G0 X39.0 Y63.0 F5000.0
G0 Z1.0 F3000.0
WAIT S=0.2
DISPENSE MM=0.045 SPEED=30.0 RELATIVE=1
WAIT S=0.001
G0 Z0.025 F3000.0 ;position for liquid contact
G0 Z1.0 F5000.0
G0 X41.0 Y63.0 F5000.0
G0 Z1.0 F3000.0
DISPENSE MM=0.045 SPEED=30.0 RELATIVE=1
WAIT S=0.001
G0 Z0.025 F3000.0 ;position for liquid contact
G0 Z1.0 F5000.0
G0 X43.0 Y63.0 F5000.0
G0 Z1.0 F3000.0
DISPENSE MM=0.045 SPEED=30.0 RELATIVE=1
WAIT S=0.001
G0 Z0.025 F3000.0 ;position for liquid contact
G0 Z1.0 F5000.0
G0 X45.0 Y63.0 F5000.0
G0 Z1.0 F3000.0
DISPENSE MM=0.045 SPEED=30.0 RELATIVE=1
WAIT S=0.001
G0 Z0.025 F3000.0 ;position for liquid contact
G0 Z1.0 F5000.0
G0 X47.0 Y63.0 F5000.0
G0 Z1.0 F3000.0
DISPENSE MM=0.045 SPEED=30.0 RELATIVE=1
WAIT S=0.001
G0 Z0.025 F3000.0 ;position for liquid contact
G0 Z1.0 F5000.0
G0 X49.0 Y63.0 F5000.0
G0 Z1.0 F3000.0
DISPENSE MM=0.045 SPEED=30.0 RELATIVE=1
WAIT S=0.001
G0 Z0.025 F3000.0 ;position for liquid contact
G0 Z1.0 F5000.0
G0 X51.0 Y63.0 F5000.0
G0 Z1.0 F3000.0
DISPENSE MM=0.045 SPEED=30.0 RELATIVE=1
WAIT S=0.001
G0 Z0.025 F3000.0 ;position for liquid contact
G0 Z1.0 F5000.0
G0 X53.0 Y63.0 F5000.0
G0 Z1.0 F3000.0
DISPENSE MM=0.045 SPEED=30.0 RELATIVE=1
WAIT S=0.001
G0 Z0.025 F3000.0 ;position for liquid contact
G0 Z1.0 F5000.0
G0 X55.0 Y63.0 F5000.0
G0 Z1.0 F3000.0
DISPENSE MM=0.045 SPEED=30.0 RELATIVE=1
WAIT S=0.001
G0 Z0.025 F3000.0 ;position for liquid contact
G0 Z1.0 F5000.0
G0 X57.0 Y63.0 F5000.0
G0 Z1.0 F3000.0
DISPENSE MM=0.045 SPEED=30.0 RELATIVE=1
WAIT S=0.001
G0 Z0.025 F3000.0 ;position for liquid contact
G0 Z1.0 F5000.0
G0 X59.0 Y63.0 F5000.0
G0 Z1.0 F3000.0
DISPENSE MM=0.045 SPEED=30.0 RELATIVE=1
WAIT S=0.001
G0 Z0.025 F3000.0 ;position for liquid contact
G0 Z1.0 F5000.0
G0 X61.0 Y63.0 F5000.0
G0 Z1.0 F3000.0
DISPENSE MM=0.045 SPEED=30.0 RELATIVE=1
WAIT S=0.001
G0 Z0.025 F3000.0 ;position for liquid contact
G0 Z1.0 F5000.0
G0 X63.0 Y63.0 F5000.0
G0 Z1.0 F3000.0
DISPENSE MM=0.045 SPEED=30.0 RELATIVE=1
WAIT S=0.001
G0 Z0.025 F3000.0 ;position for liquid contact
G0 Z1.0 F5000.0
G0 X65.0 Y63.0 F5000.0
G0 Z1.0 F3000.0
DISPENSE MM=0.045 SPEED=30.0 RELATIVE=1
WAIT S=0.001
G0 Z0.025 F3000.0 ;position for liquid contact
G0 Z1.0 F5000.0
G0 X67.0 Y63.0 F5000.0
G0 Z1.0 F3000.0
DISPENSE MM=0.045 SPEED=30.0 RELATIVE=1
WAIT S=0.001
G0 Z0.025 F3000.0 ;position for liquid contact
G0 Z1.0 F5000.0
G0 X69.0 Y63.0 F5000.0
G0 Z1.0 F3000.0
DISPENSE MM=0.045 SPEED=30.0 RELATIVE=1
WAIT S=0.001
G0 Z0.025 F3000.0 ;position for liquid contact
G0 Z1.0 F5000.0
G0 X71.0 Y63.0 F5000.0
G0 Z1.0 F3000.0
DISPENSE MM=0.045 SPEED=30.0 RELATIVE=1
WAIT S=0.001
G0 Z0.025 F3000.0 ;position for liquid contact
G0 Z1.0 F5000.0
G0 X73.0 Y63.0 F5000.0
G0 Z1.0 F3000.0
DISPENSE MM=0.045 SPEED=30.0 RELATIVE=1
WAIT S=0.001
G0 Z0.025 F3000.0 ;position for liquid contact
G0 Z1.0 F5000.0
G0 X75.0 Y63.0 F5000.0
G0 Z1.0 F3000.0
DISPENSE MM=0.045 SPEED=30.0 RELATIVE=1
WAIT S=0.001
G0 Z0.025 F3000.0 ;position for liquid contact
G0 Z1.0 F5000.0
G0 X77.0 Y63.0 F5000.0
G0 Z1.0 F3000.0
DISPENSE MM=0.045 SPEED=30.0 RELATIVE=1
WAIT S=0.001
G0 Z0.025 F3000.0 ;position for liquid contact
G0 Z1.0 F5000.0
G0 X79.0 Y63.0 F5000.0
G0 Z1.0 F3000.0
DISPENSE MM=0.045 SPEED=30.0 RELATIVE=1
WAIT S=0.001
G0 Z0.025 F3000.0 ;position for liquid contact
G0 Z1.0 F5000.0
G0 X81.0 Y63.0 F5000.0
G0 Z1.0 F3000.0
DISPENSE MM=0.045 SPEED=30.0 RELATIVE=1
WAIT S=0.001
G0 Z0.025 F3000.0 ;position for liquid contact
G0 Z1.0 F5000.0
G0 X83.0 Y63.0 F5000.0
G0 Z1.0 F3000.0
DISPENSE MM=0.045 SPEED=30.0 RELATIVE=1
WAIT S=0.001
G0 Z0.025 F3000.0 ;position for liquid contact
G0 Z1.0 F5000.0
G0 X85.0 Y63.0 F5000.0
G0 Z1.0 F3000.0
DISPENSE MM=0.045 SPEED=30.0 RELATIVE=1
WAIT S=0.001
G0 Z0.025 F3000.0 ;position for liquid contact
G0 Z1.0 F5000.0
G0 X87.0 Y63.0 F5000.0
G0 Z1.0 F3000.0
DISPENSE MM=0.045 SPEED=30.0 RELATIVE=1
WAIT S=0.001
G0 Z0.025 F3000.0 ;position for liquid contact
G0 Z1.0 F5000.0
G0 X89.0 Y63.0 F5000.0
G0 Z1.0 F3000.0
DISPENSE MM=0.045 SPEED=30.0 RELATIVE=1
WAIT S=0.001
G0 Z0.025 F3000.0 ;position for liquid contact
G0 Z1.0 F5000.0
G0 X91.0 Y63.0 F5000.0
G0 Z1.0 F3000.0
DISPENSE MM=0.045 SPEED=30.0 RELATIVE=1
WAIT S=0.001
G0 Z0.025 F3000.0 ;position for liquid contact
G0 Z1.0 F5000.0
G0 X93.0 Y63.0 F5000.0
G0 Z1.0 F3000.0
DISPENSE MM=0.045 SPEED=30.0 RELATIVE=1
WAIT S=0.001
G0 Z0.025 F3000.0 ;position for liquid contact
G0 Z1.0 F5000.0
G0 X95.0 Y63.0 F5000.0
G0 Z1.0 F3000.0
DISPENSE MM=0.045 SPEED=30.0 RELATIVE=1
WAIT S=0.001
G0 Z0.025 F3000.0 ;position for liquid contact
G0 Z1.0 F5000.0
G0 X97.0 Y63.0 F5000.0
G0 Z1.0 F3000.0
DISPENSE MM=0.045 SPEED=30.0 RELATIVE=1
WAIT S=0.001
G0 Z0.025 F3000.0 ;position for liquid contact
G0 Z1.0 F5000.0
G0 X39.0 Y65.0 F5000.0
G0 Z1.0 F3000.0
WAIT S=0.2
DISPENSE MM=0.045 SPEED=30.0 RELATIVE=1
WAIT S=0.001
G0 Z0.025 F3000.0 ;position for liquid contact
G0 Z1.0 F5000.0
G0 X41.0 Y65.0 F5000.0
G0 Z1.0 F3000.0
DISPENSE MM=0.045 SPEED=30.0 RELATIVE=1
WAIT S=0.001
G0 Z0.025 F3000.0 ;position for liquid contact
G0 Z1.0 F5000.0
G0 X43.0 Y65.0 F5000.0
G0 Z1.0 F3000.0
DISPENSE MM=0.045 SPEED=30.0 RELATIVE=1
WAIT S=0.001
G0 Z0.025 F3000.0 ;position for liquid contact
G0 Z1.0 F5000.0
G0 X45.0 Y65.0 F5000.0
G0 Z1.0 F3000.0
DISPENSE MM=0.045 SPEED=30.0 RELATIVE=1
WAIT S=0.001
G0 Z0.025 F3000.0 ;position for liquid contact
G0 Z1.0 F5000.0
G0 X47.0 Y65.0 F5000.0
G0 Z1.0 F3000.0
DISPENSE MM=0.045 SPEED=30.0 RELATIVE=1
WAIT S=0.001
G0 Z0.025 F3000.0 ;position for liquid contact
G0 Z1.0 F5000.0
G0 X49.0 Y65.0 F5000.0
G0 Z1.0 F3000.0
DISPENSE MM=0.045 SPEED=30.0 RELATIVE=1
WAIT S=0.001
G0 Z0.025 F3000.0 ;position for liquid contact
G0 Z1.0 F5000.0
G0 X51.0 Y65.0 F5000.0
G0 Z1.0 F3000.0
DISPENSE MM=0.045 SPEED=30.0 RELATIVE=1
WAIT S=0.001
G0 Z0.025 F3000.0 ;position for liquid contact
G0 Z1.0 F5000.0
G0 X53.0 Y65.0 F5000.0
G0 Z1.0 F3000.0
DISPENSE MM=0.045 SPEED=30.0 RELATIVE=1
WAIT S=0.001
G0 Z0.025 F3000.0 ;position for liquid contact
G0 Z1.0 F5000.0
G0 X55.0 Y65.0 F5000.0
G0 Z1.0 F3000.0
DISPENSE MM=0.045 SPEED=30.0 RELATIVE=1
WAIT S=0.001
G0 Z0.025 F3000.0 ;position for liquid contact
G0 Z1.0 F5000.0
G0 X57.0 Y65.0 F5000.0
G0 Z1.0 F3000.0
DISPENSE MM=0.045 SPEED=30.0 RELATIVE=1
WAIT S=0.001
G0 Z0.025 F3000.0 ;position for liquid contact
G0 Z1.0 F5000.0
G0 X59.0 Y65.0 F5000.0
G0 Z1.0 F3000.0
DISPENSE MM=0.045 SPEED=30.0 RELATIVE=1
WAIT S=0.001
G0 Z0.025 F3000.0 ;position for liquid contact
G0 Z1.0 F5000.0
G0 X61.0 Y65.0 F5000.0
G0 Z1.0 F3000.0
DISPENSE MM=0.045 SPEED=30.0 RELATIVE=1
WAIT S=0.001
G0 Z0.025 F3000.0 ;position for liquid contact
G0 Z1.0 F5000.0
G0 X63.0 Y65.0 F5000.0
G0 Z1.0 F3000.0
DISPENSE MM=0.045 SPEED=30.0 RELATIVE=1
WAIT S=0.001
G0 Z0.025 F3000.0 ;position for liquid contact
G0 Z1.0 F5000.0
G0 X65.0 Y65.0 F5000.0
G0 Z1.0 F3000.0
DISPENSE MM=0.045 SPEED=30.0 RELATIVE=1
WAIT S=0.001
G0 Z0.025 F3000.0 ;position for liquid contact
G0 Z1.0 F5000.0
G0 X67.0 Y65.0 F5000.0
G0 Z1.0 F3000.0
DISPENSE MM=0.045 SPEED=30.0 RELATIVE=1
WAIT S=0.001
G0 Z0.025 F3000.0 ;position for liquid contact
G0 Z1.0 F5000.0
G0 X69.0 Y65.0 F5000.0
G0 Z1.0 F3000.0
DISPENSE MM=0.045 SPEED=30.0 RELATIVE=1
WAIT S=0.001
G0 Z0.025 F3000.0 ;position for liquid contact
G0 Z1.0 F5000.0
G0 X71.0 Y65.0 F5000.0
G0 Z1.0 F3000.0
DISPENSE MM=0.045 SPEED=30.0 RELATIVE=1
WAIT S=0.001
G0 Z0.025 F3000.0 ;position for liquid contact
G0 Z1.0 F5000.0
G0 X73.0 Y65.0 F5000.0
G0 Z1.0 F3000.0
DISPENSE MM=0.045 SPEED=30.0 RELATIVE=1
WAIT S=0.001
G0 Z0.025 F3000.0 ;position for liquid contact
G0 Z1.0 F5000.0
G0 X75.0 Y65.0 F5000.0
G0 Z1.0 F3000.0
DISPENSE MM=0.045 SPEED=30.0 RELATIVE=1
WAIT S=0.001
G0 Z0.025 F3000.0 ;position for liquid contact
G0 Z1.0 F5000.0
G0 X77.0 Y65.0 F5000.0
G0 Z1.0 F3000.0
DISPENSE MM=0.045 SPEED=30.0 RELATIVE=1
WAIT S=0.001
G0 Z0.025 F3000.0 ;position for liquid contact
G0 Z1.0 F5000.0
G0 X79.0 Y65.0 F5000.0
G0 Z1.0 F3000.0
DISPENSE MM=0.045 SPEED=30.0 RELATIVE=1
WAIT S=0.001
G0 Z0.025 F3000.0 ;position for liquid contact
G0 Z1.0 F5000.0
G0 X81.0 Y65.0 F5000.0
G0 Z1.0 F3000.0
DISPENSE MM=0.045 SPEED=30.0 RELATIVE=1
WAIT S=0.001
G0 Z0.025 F3000.0 ;position for liquid contact
G0 Z1.0 F5000.0
G0 X83.0 Y65.0 F5000.0
G0 Z1.0 F3000.0
DISPENSE MM=0.045 SPEED=30.0 RELATIVE=1
WAIT S=0.001
G0 Z0.025 F3000.0 ;position for liquid contact
G0 Z1.0 F5000.0
G0 X85.0 Y65.0 F5000.0
G0 Z1.0 F3000.0
DISPENSE MM=0.045 SPEED=30.0 RELATIVE=1
WAIT S=0.001
G0 Z0.025 F3000.0 ;position for liquid contact
G0 Z1.0 F5000.0
G0 X87.0 Y65.0 F5000.0
G0 Z1.0 F3000.0
DISPENSE MM=0.045 SPEED=30.0 RELATIVE=1
WAIT S=0.001
G0 Z0.025 F3000.0 ;position for liquid contact
G0 Z1.0 F5000.0
G0 X89.0 Y65.0 F5000.0
G0 Z1.0 F3000.0
DISPENSE MM=0.045 SPEED=30.0 RELATIVE=1
WAIT S=0.001
G0 Z0.025 F3000.0 ;position for liquid contact
G0 Z1.0 F5000.0
G0 X91.0 Y65.0 F5000.0
G0 Z1.0 F3000.0
DISPENSE MM=0.045 SPEED=30.0 RELATIVE=1
WAIT S=0.001
G0 Z0.025 F3000.0 ;position for liquid contact
G0 Z1.0 F5000.0
G0 X93.0 Y65.0 F5000.0
G0 Z1.0 F3000.0
DISPENSE MM=0.045 SPEED=30.0 RELATIVE=1
WAIT S=0.001
G0 Z0.025 F3000.0 ;position for liquid contact
G0 Z1.0 F5000.0
G0 X95.0 Y65.0 F5000.0
G0 Z1.0 F3000.0
DISPENSE MM=0.045 SPEED=30.0 RELATIVE=1
WAIT S=0.001
G0 Z0.025 F3000.0 ;position for liquid contact
G0 Z1.0 F5000.0
G0 X97.0 Y65.0 F5000.0
G0 Z1.0 F3000.0
DISPENSE MM=0.045 SPEED=30.0 RELATIVE=1
WAIT S=0.001
G0 Z0.025 F3000.0 ;position for liquid contact
G0 Z1.0 F5000.0
G0 X39.0 Y67.0 F5000.0
G0 Z1.0 F3000.0
WAIT S=0.2
DISPENSE MM=0.045 SPEED=30.0 RELATIVE=1
WAIT S=0.001
G0 Z0.025 F3000.0 ;position for liquid contact
G0 Z1.0 F5000.0
G0 X41.0 Y67.0 F5000.0
G0 Z1.0 F3000.0
DISPENSE MM=0.045 SPEED=30.0 RELATIVE=1
WAIT S=0.001
G0 Z0.025 F3000.0 ;position for liquid contact
G0 Z1.0 F5000.0
G0 X43.0 Y67.0 F5000.0
G0 Z1.0 F3000.0
DISPENSE MM=0.045 SPEED=30.0 RELATIVE=1
WAIT S=0.001
G0 Z0.025 F3000.0 ;position for liquid contact
G0 Z1.0 F5000.0
G0 X45.0 Y67.0 F5000.0
G0 Z1.0 F3000.0
DISPENSE MM=0.045 SPEED=30.0 RELATIVE=1
WAIT S=0.001
G0 Z0.025 F3000.0 ;position for liquid contact
G0 Z1.0 F5000.0
G0 X47.0 Y67.0 F5000.0
G0 Z1.0 F3000.0
DISPENSE MM=0.045 SPEED=30.0 RELATIVE=1
WAIT S=0.001
G0 Z0.025 F3000.0 ;position for liquid contact
G0 Z1.0 F5000.0
G0 X49.0 Y67.0 F5000.0
G0 Z1.0 F3000.0
DISPENSE MM=0.045 SPEED=30.0 RELATIVE=1
WAIT S=0.001
G0 Z0.025 F3000.0 ;position for liquid contact
G0 Z1.0 F5000.0
G0 X51.0 Y67.0 F5000.0
G0 Z1.0 F3000.0
DISPENSE MM=0.045 SPEED=30.0 RELATIVE=1
WAIT S=0.001
G0 Z0.025 F3000.0 ;position for liquid contact
G0 Z1.0 F5000.0
G0 X53.0 Y67.0 F5000.0
G0 Z1.0 F3000.0
DISPENSE MM=0.045 SPEED=30.0 RELATIVE=1
WAIT S=0.001
G0 Z0.025 F3000.0 ;position for liquid contact
G0 Z1.0 F5000.0
G0 X55.0 Y67.0 F5000.0
G0 Z1.0 F3000.0
DISPENSE MM=0.045 SPEED=30.0 RELATIVE=1
WAIT S=0.001
G0 Z0.025 F3000.0 ;position for liquid contact
G0 Z1.0 F5000.0
G0 X57.0 Y67.0 F5000.0
G0 Z1.0 F3000.0
DISPENSE MM=0.045 SPEED=30.0 RELATIVE=1
WAIT S=0.001
G0 Z0.025 F3000.0 ;position for liquid contact
G0 Z1.0 F5000.0
G0 X59.0 Y67.0 F5000.0
G0 Z1.0 F3000.0
DISPENSE MM=0.045 SPEED=30.0 RELATIVE=1
WAIT S=0.001
G0 Z0.025 F3000.0 ;position for liquid contact
G0 Z1.0 F5000.0
G0 X61.0 Y67.0 F5000.0
G0 Z1.0 F3000.0
DISPENSE MM=0.045 SPEED=30.0 RELATIVE=1
WAIT S=0.001
G0 Z0.025 F3000.0 ;position for liquid contact
G0 Z1.0 F5000.0
G0 X63.0 Y67.0 F5000.0
G0 Z1.0 F3000.0
DISPENSE MM=0.045 SPEED=30.0 RELATIVE=1
WAIT S=0.001
G0 Z0.025 F3000.0 ;position for liquid contact
G0 Z1.0 F5000.0
G0 X65.0 Y67.0 F5000.0
G0 Z1.0 F3000.0
DISPENSE MM=0.045 SPEED=30.0 RELATIVE=1
WAIT S=0.001
G0 Z0.025 F3000.0 ;position for liquid contact
G0 Z1.0 F5000.0
G0 X67.0 Y67.0 F5000.0
G0 Z1.0 F3000.0
DISPENSE MM=0.045 SPEED=30.0 RELATIVE=1
WAIT S=0.001
G0 Z0.025 F3000.0 ;position for liquid contact
G0 Z1.0 F5000.0
G0 X69.0 Y67.0 F5000.0
G0 Z1.0 F3000.0
DISPENSE MM=0.045 SPEED=30.0 RELATIVE=1
WAIT S=0.001
G0 Z0.025 F3000.0 ;position for liquid contact
G0 Z1.0 F5000.0
G0 X71.0 Y67.0 F5000.0
G0 Z1.0 F3000.0
DISPENSE MM=0.045 SPEED=30.0 RELATIVE=1
WAIT S=0.001
G0 Z0.025 F3000.0 ;position for liquid contact
G0 Z1.0 F5000.0
G0 X73.0 Y67.0 F5000.0
G0 Z1.0 F3000.0
DISPENSE MM=0.045 SPEED=30.0 RELATIVE=1
WAIT S=0.001
G0 Z0.025 F3000.0 ;position for liquid contact
G0 Z1.0 F5000.0
G0 X75.0 Y67.0 F5000.0
G0 Z1.0 F3000.0
DISPENSE MM=0.045 SPEED=30.0 RELATIVE=1
WAIT S=0.001
G0 Z0.025 F3000.0 ;position for liquid contact
G0 Z1.0 F5000.0
G0 X77.0 Y67.0 F5000.0
G0 Z1.0 F3000.0
DISPENSE MM=0.045 SPEED=30.0 RELATIVE=1
WAIT S=0.001
G0 Z0.025 F3000.0 ;position for liquid contact
G0 Z1.0 F5000.0
G0 X79.0 Y67.0 F5000.0
G0 Z1.0 F3000.0
DISPENSE MM=0.045 SPEED=30.0 RELATIVE=1
WAIT S=0.001
G0 Z0.025 F3000.0 ;position for liquid contact
G0 Z1.0 F5000.0
G0 X81.0 Y67.0 F5000.0
G0 Z1.0 F3000.0
DISPENSE MM=0.045 SPEED=30.0 RELATIVE=1
WAIT S=0.001
G0 Z0.025 F3000.0 ;position for liquid contact
G0 Z1.0 F5000.0
G0 X83.0 Y67.0 F5000.0
G0 Z1.0 F3000.0
DISPENSE MM=0.045 SPEED=30.0 RELATIVE=1
WAIT S=0.001
G0 Z0.025 F3000.0 ;position for liquid contact
G0 Z1.0 F5000.0
G0 X85.0 Y67.0 F5000.0
G0 Z1.0 F3000.0
DISPENSE MM=0.045 SPEED=30.0 RELATIVE=1
WAIT S=0.001
G0 Z0.025 F3000.0 ;position for liquid contact
G0 Z1.0 F5000.0
G0 X87.0 Y67.0 F5000.0
G0 Z1.0 F3000.0
DISPENSE MM=0.045 SPEED=30.0 RELATIVE=1
WAIT S=0.001
G0 Z0.025 F3000.0 ;position for liquid contact
G0 Z1.0 F5000.0
G0 X89.0 Y67.0 F5000.0
G0 Z1.0 F3000.0
DISPENSE MM=0.045 SPEED=30.0 RELATIVE=1
WAIT S=0.001
G0 Z0.025 F3000.0 ;position for liquid contact
G0 Z1.0 F5000.0
G0 X91.0 Y67.0 F5000.0
G0 Z1.0 F3000.0
DISPENSE MM=0.045 SPEED=30.0 RELATIVE=1
WAIT S=0.001
G0 Z0.025 F3000.0 ;position for liquid contact
G0 Z1.0 F5000.0
G0 X93.0 Y67.0 F5000.0
G0 Z1.0 F3000.0
DISPENSE MM=0.045 SPEED=30.0 RELATIVE=1
WAIT S=0.001
G0 Z0.025 F3000.0 ;position for liquid contact
G0 Z1.0 F5000.0
G0 X95.0 Y67.0 F5000.0
G0 Z1.0 F3000.0
DISPENSE MM=0.045 SPEED=30.0 RELATIVE=1
WAIT S=0.001
G0 Z0.025 F3000.0 ;position for liquid contact
G0 Z1.0 F5000.0
G0 X97.0 Y67.0 F5000.0
G0 Z1.0 F3000.0
DISPENSE MM=0.045 SPEED=30.0 RELATIVE=1
WAIT S=0.001
G0 Z0.025 F3000.0 ;position for liquid contact
G0 Z1.0 F5000.0
G0 X39.0 Y69.0 F5000.0
G0 Z1.0 F3000.0
WAIT S=0.2
DISPENSE MM=0.045 SPEED=30.0 RELATIVE=1
WAIT S=0.001
G0 Z0.025 F3000.0 ;position for liquid contact
G0 Z1.0 F5000.0
G0 X41.0 Y69.0 F5000.0
G0 Z1.0 F3000.0
DISPENSE MM=0.045 SPEED=30.0 RELATIVE=1
WAIT S=0.001
G0 Z0.025 F3000.0 ;position for liquid contact
G0 Z1.0 F5000.0
G0 X43.0 Y69.0 F5000.0
G0 Z1.0 F3000.0
DISPENSE MM=0.045 SPEED=30.0 RELATIVE=1
WAIT S=0.001
G0 Z0.025 F3000.0 ;position for liquid contact
G0 Z1.0 F5000.0
G0 X45.0 Y69.0 F5000.0
G0 Z1.0 F3000.0
DISPENSE MM=0.045 SPEED=30.0 RELATIVE=1
WAIT S=0.001
G0 Z0.025 F3000.0 ;position for liquid contact
G0 Z1.0 F5000.0
G0 X47.0 Y69.0 F5000.0
G0 Z1.0 F3000.0
DISPENSE MM=0.045 SPEED=30.0 RELATIVE=1
WAIT S=0.001
G0 Z0.025 F3000.0 ;position for liquid contact
G0 Z1.0 F5000.0
G0 X49.0 Y69.0 F5000.0
G0 Z1.0 F3000.0
DISPENSE MM=0.045 SPEED=30.0 RELATIVE=1
WAIT S=0.001
G0 Z0.025 F3000.0 ;position for liquid contact
G0 Z1.0 F5000.0
G0 X51.0 Y69.0 F5000.0
G0 Z1.0 F3000.0
DISPENSE MM=0.045 SPEED=30.0 RELATIVE=1
WAIT S=0.001
G0 Z0.025 F3000.0 ;position for liquid contact
G0 Z1.0 F5000.0
G0 X53.0 Y69.0 F5000.0
G0 Z1.0 F3000.0
DISPENSE MM=0.045 SPEED=30.0 RELATIVE=1
WAIT S=0.001
G0 Z0.025 F3000.0 ;position for liquid contact
G0 Z1.0 F5000.0
G0 X55.0 Y69.0 F5000.0
G0 Z1.0 F3000.0
DISPENSE MM=0.045 SPEED=30.0 RELATIVE=1
WAIT S=0.001
G0 Z0.025 F3000.0 ;position for liquid contact
G0 Z1.0 F5000.0
G0 X57.0 Y69.0 F5000.0
G0 Z1.0 F3000.0
DISPENSE MM=0.045 SPEED=30.0 RELATIVE=1
WAIT S=0.001
G0 Z0.025 F3000.0 ;position for liquid contact
G0 Z1.0 F5000.0
G0 X59.0 Y69.0 F5000.0
G0 Z1.0 F3000.0
DISPENSE MM=0.045 SPEED=30.0 RELATIVE=1
WAIT S=0.001
G0 Z0.025 F3000.0 ;position for liquid contact
G0 Z1.0 F5000.0
G0 X61.0 Y69.0 F5000.0
G0 Z1.0 F3000.0
DISPENSE MM=0.045 SPEED=30.0 RELATIVE=1
WAIT S=0.001
G0 Z0.025 F3000.0 ;position for liquid contact
G0 Z1.0 F5000.0
G0 X63.0 Y69.0 F5000.0
G0 Z1.0 F3000.0
DISPENSE MM=0.045 SPEED=30.0 RELATIVE=1
WAIT S=0.001
G0 Z0.025 F3000.0 ;position for liquid contact
G0 Z1.0 F5000.0
G0 X65.0 Y69.0 F5000.0
G0 Z1.0 F3000.0
DISPENSE MM=0.045 SPEED=30.0 RELATIVE=1
WAIT S=0.001
G0 Z0.025 F3000.0 ;position for liquid contact
G0 Z1.0 F5000.0
G0 X67.0 Y69.0 F5000.0
G0 Z1.0 F3000.0
DISPENSE MM=0.045 SPEED=30.0 RELATIVE=1
WAIT S=0.001
G0 Z0.025 F3000.0 ;position for liquid contact
G0 Z1.0 F5000.0
G0 X69.0 Y69.0 F5000.0
G0 Z1.0 F3000.0
DISPENSE MM=0.045 SPEED=30.0 RELATIVE=1
WAIT S=0.001
G0 Z0.025 F3000.0 ;position for liquid contact
G0 Z1.0 F5000.0
G0 X71.0 Y69.0 F5000.0
G0 Z1.0 F3000.0
DISPENSE MM=0.045 SPEED=30.0 RELATIVE=1
WAIT S=0.001
G0 Z0.025 F3000.0 ;position for liquid contact
G0 Z1.0 F5000.0
G0 X73.0 Y69.0 F5000.0
G0 Z1.0 F3000.0
DISPENSE MM=0.045 SPEED=30.0 RELATIVE=1
WAIT S=0.001
G0 Z0.025 F3000.0 ;position for liquid contact
G0 Z1.0 F5000.0
G0 X75.0 Y69.0 F5000.0
G0 Z1.0 F3000.0
DISPENSE MM=0.045 SPEED=30.0 RELATIVE=1
WAIT S=0.001
G0 Z0.025 F3000.0 ;position for liquid contact
G0 Z1.0 F5000.0
G0 X77.0 Y69.0 F5000.0
G0 Z1.0 F3000.0
DISPENSE MM=0.045 SPEED=30.0 RELATIVE=1
WAIT S=0.001
G0 Z0.025 F3000.0 ;position for liquid contact
G0 Z1.0 F5000.0

; Washing sequence
G0 Z40.0 F5000
G0 X221.0 Y116.0 F5000
G0 Z-5.0 F500
G0 X222.0 F2000.0
G0 X221.0 F2000.0
G0 X222.0 F2000.0
G0 X221.0 F2000.0
G0 X222.0 F2000.0
G0 X221.0 F2000.0
G0 X222.0 F2000.0
G0 X221.0 F2000.0
G0 X222.0 F2000.0
G0 X221.0 F2000.0
G0 X222.0 F2000.0
G0 X221.0 F2000.0
G0 X222.0 F2000.0
G0 X221.0 F2000.0
G0 X222.0 F2000.0
G0 X221.0 F2000.0
G0 X222.0 F2000.0
G0 X221.0 F2000.0
G0 X222.0 F2000.0
G0 X221.0 F2000.0
G0 X222.0 F2000.0
G0 X221.0 F2000.0
G0 X222.0 F2000.0
G0 X221.0 F2000.0
G0 X222.0 F2000.0
G0 X221.0 F2000.0
G0 X222.0 F2000.0
G0 X221.0 F2000.0
G0 X222.0 F2000.0
G0 X221.0 F2000.0
G0 X222.0 F2000.0
G0 X221.0 F2000.0
G0 X222.0 F2000.0
G0 X221.0 F2000.0
G0 X222.0 F2000.0
G0 X221.0 F2000.0
G0 X222.0 F2000.0
G0 X221.0 F2000.0
G0 X222.0 F2000.0
G0 X221.0 F2000.0
G0 X222.0 F2000.0
G0 X221.0 F2000.0
G0 X222.0 F2000.0
G0 X221.0 F2000.0
G0 X222.0 F2000.0
G0 X221.0 F2000.0
G0 X222.0 F2000.0
G0 X221.0 F2000.0
G0 X222.0 F2000.0
G0 X221.0 F2000.0
G0 X222.0 F2000.0
G0 X221.0 F2000.0
G0 X222.0 F2000.0
G0 X221.0 F2000.0
G0 X222.0 F2000.0
G0 X221.0 F2000.0
G0 X222.0 F2000.0
G0 X221.0 F2000.0
G0 X222.0 F2000.0
G0 X221.0 F2000.0
G0 X222.0 F2000.0
G0 X221.0 F2000.0
G0 X222.0 F2000.0
G0 X221.0 F2000.0
G0 X222.0 F2000.0
G0 X221.0 F2000.0
G0 X222.0 F2000.0
G0 X221.0 F2000.0
G0 X222.0 F2000.0
G0 X221.0 F2000.0
G0 X222.0 F2000.0
G0 X221.0 F2000.0
G0 X222.0 F2000.0
G0 X221.0 F2000.0
G0 X222.0 F2000.0
G0 X221.0 F2000.0
G0 X222.0 F2000.0
G0 X221.0 F2000.0
G0 X222.0 F2000.0
G0 X221.0 F2000.0
G0 X222.0 F2000.0
G0 X221.0 F2000.0
G0 X222.0 F2000.0
G0 X221.0 F2000.0
G0 X222.0 F2000.0
G0 X221.0 F2000.0
G0 X222.0 F2000.0
G0 X221.0 F2000.0
G0 X222.0 F2000.0
G0 X221.0 F2000.0
G0 X222.0 F2000.0
G0 X221.0 F2000.0
G0 X222.0 F2000.0
G0 X221.0 F2000.0
G0 X222.0 F2000.0
G0 X221.0 F2000.0
G0 X222.0 F2000.0
G0 X221.0 F2000.0
G0 X222.0 F2000.0
G0 X221.0 F2000.0
G0 Z40.0 F5000


; Create cleaning sequence
G0 X39.0 Y52.0 F5000
WAIT S=0.2
DISPENSE MM=0.125 SPEED=500 RELATIVE=1
G0 Z0.025 F500 ;position for liquid contact
G0 Z1.0 F5000
G0 X42.0 Y52.0 F5000
DISPENSE MM=0.125 SPEED=500 RELATIVE=1
G0 Z0.025 F500 ;position for liquid contact
G0 Z1.0 F5000
G0 X45.0 Y52.0 F5000
DISPENSE MM=0.125 SPEED=500 RELATIVE=1
G0 Z0.025 F500 ;position for liquid contact
G0 Z1.0 F5000
G0 X48.0 Y52.0 F5000
DISPENSE MM=0.125 SPEED=500 RELATIVE=1
G0 Z0.025 F500 ;position for liquid contact
G0 Z1.0 F5000
G0 X51.0 Y52.0 F5000
DISPENSE MM=0.125 SPEED=500 RELATIVE=1
G0 Z0.025 F500 ;position for liquid contact
G0 Z1.0 F5000
G0 X54.0 Y52.0 F5000
DISPENSE MM=0.125 SPEED=500 RELATIVE=1
G0 Z0.025 F500 ;position for liquid contact
G0 Z1.0 F5000
G0 X57.0 Y52.0 F5000
DISPENSE MM=0.125 SPEED=500 RELATIVE=1
G0 Z0.025 F500 ;position for liquid contact
G0 Z1.0 F5000
G0 X60.0 Y52.0 F5000
DISPENSE MM=0.125 SPEED=500 RELATIVE=1
G0 Z0.025 F500 ;position for liquid contact
G0 Z1.0 F5000
G0 X63.0 Y52.0 F5000
DISPENSE MM=0.125 SPEED=500 RELATIVE=1
G0 Z0.025 F500 ;position for liquid contact
G0 Z1.0 F5000
G0 X66.0 Y52.0 F5000
DISPENSE MM=0.125 SPEED=500 RELATIVE=1
G0 Z0.025 F500 ;position for liquid contact
G0 Z1.0 F5000
G0 X39.0 Y54.0 F5000
WAIT S=0.2
DISPENSE MM=0.125 SPEED=500 RELATIVE=1
G0 Z0.025 F500 ;position for liquid contact
G0 Z1.0 F5000
G0 X42.0 Y54.0 F5000
DISPENSE MM=0.125 SPEED=500 RELATIVE=1
G0 Z0.025 F500 ;position for liquid contact
G0 Z1.0 F5000
G0 X45.0 Y54.0 F5000
DISPENSE MM=0.125 SPEED=500 RELATIVE=1
G0 Z0.025 F500 ;position for liquid contact
G0 Z1.0 F5000
G0 X48.0 Y54.0 F5000
DISPENSE MM=0.125 SPEED=500 RELATIVE=1
G0 Z0.025 F500 ;position for liquid contact
G0 Z1.0 F5000
G0 X51.0 Y54.0 F5000
DISPENSE MM=0.125 SPEED=500 RELATIVE=1
G0 Z0.025 F500 ;position for liquid contact
G0 Z1.0 F5000
G0 X54.0 Y54.0 F5000
DISPENSE MM=0.125 SPEED=500 RELATIVE=1
G0 Z0.025 F500 ;position for liquid contact
G0 Z1.0 F5000
G0 X57.0 Y54.0 F5000
DISPENSE MM=0.125 SPEED=500 RELATIVE=1
G0 Z0.025 F500 ;position for liquid contact
G0 Z1.0 F5000
G0 X60.0 Y54.0 F5000
DISPENSE MM=0.125 SPEED=500 RELATIVE=1
G0 Z0.025 F500 ;position for liquid contact
G0 Z1.0 F5000
G0 X63.0 Y54.0 F5000
DISPENSE MM=0.125 SPEED=500 RELATIVE=1
G0 Z0.025 F500 ;position for liquid contact
G0 Z1.0 F5000
G0 X66.0 Y54.0 F5000
DISPENSE MM=0.125 SPEED=500 RELATIVE=1
G0 Z0.025 F500 ;position for liquid contact
G0 Z1.0 F5000
G0 Z40.0 F5000
G0 X79.0 Y69.0 F5000.0
G0 Z1.0 F3000.0
DISPENSE MM=0.045 SPEED=30.0 RELATIVE=1
WAIT S=0.001
G0 Z0.025 F3000.0 ;position for liquid contact
G0 Z1.0 F5000.0
G0 X81.0 Y69.0 F5000.0
G0 Z1.0 F3000.0
DISPENSE MM=0.045 SPEED=30.0 RELATIVE=1
WAIT S=0.001
G0 Z0.025 F3000.0 ;position for liquid contact
G0 Z1.0 F5000.0
G0 X83.0 Y69.0 F5000.0
G0 Z1.0 F3000.0
DISPENSE MM=0.045 SPEED=30.0 RELATIVE=1
WAIT S=0.001
G0 Z0.025 F3000.0 ;position for liquid contact
G0 Z1.0 F5000.0
G0 X85.0 Y69.0 F5000.0
G0 Z1.0 F3000.0
DISPENSE MM=0.045 SPEED=30.0 RELATIVE=1
WAIT S=0.001
G0 Z0.025 F3000.0 ;position for liquid contact
G0 Z1.0 F5000.0
G0 X87.0 Y69.0 F5000.0
G0 Z1.0 F3000.0
DISPENSE MM=0.045 SPEED=30.0 RELATIVE=1
WAIT S=0.001
G0 Z0.025 F3000.0 ;position for liquid contact
G0 Z1.0 F5000.0
G0 X89.0 Y69.0 F5000.0
G0 Z1.0 F3000.0
DISPENSE MM=0.045 SPEED=30.0 RELATIVE=1
WAIT S=0.001
G0 Z0.025 F3000.0 ;position for liquid contact
G0 Z1.0 F5000.0
G0 X91.0 Y69.0 F5000.0
G0 Z1.0 F3000.0
DISPENSE MM=0.045 SPEED=30.0 RELATIVE=1
WAIT S=0.001
G0 Z0.025 F3000.0 ;position for liquid contact
G0 Z1.0 F5000.0
G0 X93.0 Y69.0 F5000.0
G0 Z1.0 F3000.0
DISPENSE MM=0.045 SPEED=30.0 RELATIVE=1
WAIT S=0.001
G0 Z0.025 F3000.0 ;position for liquid contact
G0 Z1.0 F5000.0
G0 X95.0 Y69.0 F5000.0
G0 Z1.0 F3000.0
DISPENSE MM=0.045 SPEED=30.0 RELATIVE=1
WAIT S=0.001
G0 Z0.025 F3000.0 ;position for liquid contact
G0 Z1.0 F5000.0
G0 X97.0 Y69.0 F5000.0
G0 Z1.0 F3000.0
DISPENSE MM=0.045 SPEED=30.0 RELATIVE=1
WAIT S=0.001
G0 Z0.025 F3000.0 ;position for liquid contact
G0 Z1.0 F5000.0
G0 X39.0 Y71.0 F5000.0
G0 Z1.0 F3000.0
WAIT S=0.2
DISPENSE MM=0.045 SPEED=30.0 RELATIVE=1
WAIT S=0.001
G0 Z0.025 F3000.0 ;position for liquid contact
G0 Z1.0 F5000.0
G0 X41.0 Y71.0 F5000.0
G0 Z1.0 F3000.0
DISPENSE MM=0.045 SPEED=30.0 RELATIVE=1
WAIT S=0.001
G0 Z0.025 F3000.0 ;position for liquid contact
G0 Z1.0 F5000.0
G0 X43.0 Y71.0 F5000.0
G0 Z1.0 F3000.0
DISPENSE MM=0.045 SPEED=30.0 RELATIVE=1
WAIT S=0.001
G0 Z0.025 F3000.0 ;position for liquid contact
G0 Z1.0 F5000.0
G0 X45.0 Y71.0 F5000.0
G0 Z1.0 F3000.0
DISPENSE MM=0.045 SPEED=30.0 RELATIVE=1
WAIT S=0.001
G0 Z0.025 F3000.0 ;position for liquid contact
G0 Z1.0 F5000.0
G0 X47.0 Y71.0 F5000.0
G0 Z1.0 F3000.0
DISPENSE MM=0.045 SPEED=30.0 RELATIVE=1
WAIT S=0.001
G0 Z0.025 F3000.0 ;position for liquid contact
G0 Z1.0 F5000.0
G0 X49.0 Y71.0 F5000.0
G0 Z1.0 F3000.0
DISPENSE MM=0.045 SPEED=30.0 RELATIVE=1
WAIT S=0.001
G0 Z0.025 F3000.0 ;position for liquid contact
G0 Z1.0 F5000.0
G0 X51.0 Y71.0 F5000.0
G0 Z1.0 F3000.0
DISPENSE MM=0.045 SPEED=30.0 RELATIVE=1
WAIT S=0.001
G0 Z0.025 F3000.0 ;position for liquid contact
G0 Z1.0 F5000.0
G0 X53.0 Y71.0 F5000.0
G0 Z1.0 F3000.0
DISPENSE MM=0.045 SPEED=30.0 RELATIVE=1
WAIT S=0.001
G0 Z0.025 F3000.0 ;position for liquid contact
G0 Z1.0 F5000.0
G0 X55.0 Y71.0 F5000.0
G0 Z1.0 F3000.0
DISPENSE MM=0.045 SPEED=30.0 RELATIVE=1
WAIT S=0.001
G0 Z0.025 F3000.0 ;position for liquid contact
G0 Z1.0 F5000.0
G0 X57.0 Y71.0 F5000.0
G0 Z1.0 F3000.0
DISPENSE MM=0.045 SPEED=30.0 RELATIVE=1
WAIT S=0.001
G0 Z0.025 F3000.0 ;position for liquid contact
G0 Z1.0 F5000.0
G0 X59.0 Y71.0 F5000.0
G0 Z1.0 F3000.0
DISPENSE MM=0.045 SPEED=30.0 RELATIVE=1
WAIT S=0.001
G0 Z0.025 F3000.0 ;position for liquid contact
G0 Z1.0 F5000.0
G0 X61.0 Y71.0 F5000.0
G0 Z1.0 F3000.0
DISPENSE MM=0.045 SPEED=30.0 RELATIVE=1
WAIT S=0.001
G0 Z0.025 F3000.0 ;position for liquid contact
G0 Z1.0 F5000.0
G0 X63.0 Y71.0 F5000.0
G0 Z1.0 F3000.0
DISPENSE MM=0.045 SPEED=30.0 RELATIVE=1
WAIT S=0.001
G0 Z0.025 F3000.0 ;position for liquid contact
G0 Z1.0 F5000.0
G0 X65.0 Y71.0 F5000.0
G0 Z1.0 F3000.0
DISPENSE MM=0.045 SPEED=30.0 RELATIVE=1
WAIT S=0.001
G0 Z0.025 F3000.0 ;position for liquid contact
G0 Z1.0 F5000.0
G0 X67.0 Y71.0 F5000.0
G0 Z1.0 F3000.0
DISPENSE MM=0.045 SPEED=30.0 RELATIVE=1
WAIT S=0.001
G0 Z0.025 F3000.0 ;position for liquid contact
G0 Z1.0 F5000.0
G0 X69.0 Y71.0 F5000.0
G0 Z1.0 F3000.0
DISPENSE MM=0.045 SPEED=30.0 RELATIVE=1
WAIT S=0.001
G0 Z0.025 F3000.0 ;position for liquid contact
G0 Z1.0 F5000.0
G0 X71.0 Y71.0 F5000.0
G0 Z1.0 F3000.0
DISPENSE MM=0.045 SPEED=30.0 RELATIVE=1
WAIT S=0.001
G0 Z0.025 F3000.0 ;position for liquid contact
G0 Z1.0 F5000.0
G0 X73.0 Y71.0 F5000.0
G0 Z1.0 F3000.0
DISPENSE MM=0.045 SPEED=30.0 RELATIVE=1
WAIT S=0.001
G0 Z0.025 F3000.0 ;position for liquid contact
G0 Z1.0 F5000.0
G0 X75.0 Y71.0 F5000.0
G0 Z1.0 F3000.0
DISPENSE MM=0.045 SPEED=30.0 RELATIVE=1
WAIT S=0.001
G0 Z0.025 F3000.0 ;position for liquid contact
G0 Z1.0 F5000.0
G0 X77.0 Y71.0 F5000.0
G0 Z1.0 F3000.0
DISPENSE MM=0.045 SPEED=30.0 RELATIVE=1
WAIT S=0.001
G0 Z0.025 F3000.0 ;position for liquid contact
G0 Z1.0 F5000.0
G0 X79.0 Y71.0 F5000.0
G0 Z1.0 F3000.0
DISPENSE MM=0.045 SPEED=30.0 RELATIVE=1
WAIT S=0.001
G0 Z0.025 F3000.0 ;position for liquid contact
G0 Z1.0 F5000.0
G0 X81.0 Y71.0 F5000.0
G0 Z1.0 F3000.0
DISPENSE MM=0.045 SPEED=30.0 RELATIVE=1
WAIT S=0.001
G0 Z0.025 F3000.0 ;position for liquid contact
G0 Z1.0 F5000.0
G0 X83.0 Y71.0 F5000.0
G0 Z1.0 F3000.0
DISPENSE MM=0.045 SPEED=30.0 RELATIVE=1
WAIT S=0.001
G0 Z0.025 F3000.0 ;position for liquid contact
G0 Z1.0 F5000.0
G0 X85.0 Y71.0 F5000.0
G0 Z1.0 F3000.0
DISPENSE MM=0.045 SPEED=30.0 RELATIVE=1
WAIT S=0.001
G0 Z0.025 F3000.0 ;position for liquid contact
G0 Z1.0 F5000.0
G0 X87.0 Y71.0 F5000.0
G0 Z1.0 F3000.0
DISPENSE MM=0.045 SPEED=30.0 RELATIVE=1
WAIT S=0.001
G0 Z0.025 F3000.0 ;position for liquid contact
G0 Z1.0 F5000.0
G0 X89.0 Y71.0 F5000.0
G0 Z1.0 F3000.0
DISPENSE MM=0.045 SPEED=30.0 RELATIVE=1
WAIT S=0.001
G0 Z0.025 F3000.0 ;position for liquid contact
G0 Z1.0 F5000.0
G0 X91.0 Y71.0 F5000.0
G0 Z1.0 F3000.0
DISPENSE MM=0.045 SPEED=30.0 RELATIVE=1
WAIT S=0.001
G0 Z0.025 F3000.0 ;position for liquid contact
G0 Z1.0 F5000.0
G0 X93.0 Y71.0 F5000.0
G0 Z1.0 F3000.0
DISPENSE MM=0.045 SPEED=30.0 RELATIVE=1
WAIT S=0.001
G0 Z0.025 F3000.0 ;position for liquid contact
G0 Z1.0 F5000.0
G0 X95.0 Y71.0 F5000.0
G0 Z1.0 F3000.0
DISPENSE MM=0.045 SPEED=30.0 RELATIVE=1
WAIT S=0.001
G0 Z0.025 F3000.0 ;position for liquid contact
G0 Z1.0 F5000.0
G0 X97.0 Y71.0 F5000.0
G0 Z1.0 F3000.0
DISPENSE MM=0.045 SPEED=30.0 RELATIVE=1
WAIT S=0.001
G0 Z0.025 F3000.0 ;position for liquid contact
G0 Z1.0 F5000.0
G0 X39.0 Y73.0 F5000.0
G0 Z1.0 F3000.0
WAIT S=0.2
DISPENSE MM=0.045 SPEED=30.0 RELATIVE=1
WAIT S=0.001
G0 Z0.025 F3000.0 ;position for liquid contact
G0 Z1.0 F5000.0
G0 X41.0 Y73.0 F5000.0
G0 Z1.0 F3000.0
DISPENSE MM=0.045 SPEED=30.0 RELATIVE=1
WAIT S=0.001
G0 Z0.025 F3000.0 ;position for liquid contact
G0 Z1.0 F5000.0
G0 X43.0 Y73.0 F5000.0
G0 Z1.0 F3000.0
DISPENSE MM=0.045 SPEED=30.0 RELATIVE=1
WAIT S=0.001
G0 Z0.025 F3000.0 ;position for liquid contact
G0 Z1.0 F5000.0
G0 X45.0 Y73.0 F5000.0
G0 Z1.0 F3000.0
DISPENSE MM=0.045 SPEED=30.0 RELATIVE=1
WAIT S=0.001
G0 Z0.025 F3000.0 ;position for liquid contact
G0 Z1.0 F5000.0
G0 X47.0 Y73.0 F5000.0
G0 Z1.0 F3000.0
DISPENSE MM=0.045 SPEED=30.0 RELATIVE=1
WAIT S=0.001
G0 Z0.025 F3000.0 ;position for liquid contact
G0 Z1.0 F5000.0
G0 X49.0 Y73.0 F5000.0
G0 Z1.0 F3000.0
DISPENSE MM=0.045 SPEED=30.0 RELATIVE=1
WAIT S=0.001
G0 Z0.025 F3000.0 ;position for liquid contact
G0 Z1.0 F5000.0
G0 X51.0 Y73.0 F5000.0
G0 Z1.0 F3000.0
DISPENSE MM=0.045 SPEED=30.0 RELATIVE=1
WAIT S=0.001
G0 Z0.025 F3000.0 ;position for liquid contact
G0 Z1.0 F5000.0
G0 X53.0 Y73.0 F5000.0
G0 Z1.0 F3000.0
DISPENSE MM=0.045 SPEED=30.0 RELATIVE=1
WAIT S=0.001
G0 Z0.025 F3000.0 ;position for liquid contact
G0 Z1.0 F5000.0
G0 X55.0 Y73.0 F5000.0
G0 Z1.0 F3000.0
DISPENSE MM=0.045 SPEED=30.0 RELATIVE=1
WAIT S=0.001
G0 Z0.025 F3000.0 ;position for liquid contact
G0 Z1.0 F5000.0
G0 X57.0 Y73.0 F5000.0
G0 Z1.0 F3000.0
DISPENSE MM=0.045 SPEED=30.0 RELATIVE=1
WAIT S=0.001
G0 Z0.025 F3000.0 ;position for liquid contact
G0 Z1.0 F5000.0
G0 X59.0 Y73.0 F5000.0
G0 Z1.0 F3000.0
DISPENSE MM=0.045 SPEED=30.0 RELATIVE=1
WAIT S=0.001
G0 Z0.025 F3000.0 ;position for liquid contact
G0 Z1.0 F5000.0
G0 X61.0 Y73.0 F5000.0
G0 Z1.0 F3000.0
DISPENSE MM=0.045 SPEED=30.0 RELATIVE=1
WAIT S=0.001
G0 Z0.025 F3000.0 ;position for liquid contact
G0 Z1.0 F5000.0
G0 X63.0 Y73.0 F5000.0
G0 Z1.0 F3000.0
DISPENSE MM=0.045 SPEED=30.0 RELATIVE=1
WAIT S=0.001
G0 Z0.025 F3000.0 ;position for liquid contact
G0 Z1.0 F5000.0
G0 X65.0 Y73.0 F5000.0
G0 Z1.0 F3000.0
DISPENSE MM=0.045 SPEED=30.0 RELATIVE=1
WAIT S=0.001
G0 Z0.025 F3000.0 ;position for liquid contact
G0 Z1.0 F5000.0
G0 X67.0 Y73.0 F5000.0
G0 Z1.0 F3000.0
DISPENSE MM=0.045 SPEED=30.0 RELATIVE=1
WAIT S=0.001
G0 Z0.025 F3000.0 ;position for liquid contact
G0 Z1.0 F5000.0
G0 X69.0 Y73.0 F5000.0
G0 Z1.0 F3000.0
DISPENSE MM=0.045 SPEED=30.0 RELATIVE=1
WAIT S=0.001
G0 Z0.025 F3000.0 ;position for liquid contact
G0 Z1.0 F5000.0
G0 X71.0 Y73.0 F5000.0
G0 Z1.0 F3000.0
DISPENSE MM=0.045 SPEED=30.0 RELATIVE=1
WAIT S=0.001
G0 Z0.025 F3000.0 ;position for liquid contact
G0 Z1.0 F5000.0
G0 X73.0 Y73.0 F5000.0
G0 Z1.0 F3000.0
DISPENSE MM=0.045 SPEED=30.0 RELATIVE=1
WAIT S=0.001
G0 Z0.025 F3000.0 ;position for liquid contact
G0 Z1.0 F5000.0
G0 X75.0 Y73.0 F5000.0
G0 Z1.0 F3000.0
DISPENSE MM=0.045 SPEED=30.0 RELATIVE=1
WAIT S=0.001
G0 Z0.025 F3000.0 ;position for liquid contact
G0 Z1.0 F5000.0
G0 X77.0 Y73.0 F5000.0
G0 Z1.0 F3000.0
DISPENSE MM=0.045 SPEED=30.0 RELATIVE=1
WAIT S=0.001
G0 Z0.025 F3000.0 ;position for liquid contact
G0 Z1.0 F5000.0
G0 X79.0 Y73.0 F5000.0
G0 Z1.0 F3000.0
DISPENSE MM=0.045 SPEED=30.0 RELATIVE=1
WAIT S=0.001
G0 Z0.025 F3000.0 ;position for liquid contact
G0 Z1.0 F5000.0
G0 X81.0 Y73.0 F5000.0
G0 Z1.0 F3000.0
DISPENSE MM=0.045 SPEED=30.0 RELATIVE=1
WAIT S=0.001
G0 Z0.025 F3000.0 ;position for liquid contact
G0 Z1.0 F5000.0
G0 X83.0 Y73.0 F5000.0
G0 Z1.0 F3000.0
DISPENSE MM=0.045 SPEED=30.0 RELATIVE=1
WAIT S=0.001
G0 Z0.025 F3000.0 ;position for liquid contact
G0 Z1.0 F5000.0
G0 X85.0 Y73.0 F5000.0
G0 Z1.0 F3000.0
DISPENSE MM=0.045 SPEED=30.0 RELATIVE=1
WAIT S=0.001
G0 Z0.025 F3000.0 ;position for liquid contact
G0 Z1.0 F5000.0
G0 X87.0 Y73.0 F5000.0
G0 Z1.0 F3000.0
DISPENSE MM=0.045 SPEED=30.0 RELATIVE=1
WAIT S=0.001
G0 Z0.025 F3000.0 ;position for liquid contact
G0 Z1.0 F5000.0
G0 X89.0 Y73.0 F5000.0
G0 Z1.0 F3000.0
DISPENSE MM=0.045 SPEED=30.0 RELATIVE=1
WAIT S=0.001
G0 Z0.025 F3000.0 ;position for liquid contact
G0 Z1.0 F5000.0
G0 X91.0 Y73.0 F5000.0
G0 Z1.0 F3000.0
DISPENSE MM=0.045 SPEED=30.0 RELATIVE=1
WAIT S=0.001
G0 Z0.025 F3000.0 ;position for liquid contact
G0 Z1.0 F5000.0
G0 X93.0 Y73.0 F5000.0
G0 Z1.0 F3000.0
DISPENSE MM=0.045 SPEED=30.0 RELATIVE=1
WAIT S=0.001
G0 Z0.025 F3000.0 ;position for liquid contact
G0 Z1.0 F5000.0
G0 X95.0 Y73.0 F5000.0
G0 Z1.0 F3000.0
DISPENSE MM=0.045 SPEED=30.0 RELATIVE=1
WAIT S=0.001
G0 Z0.025 F3000.0 ;position for liquid contact
G0 Z1.0 F5000.0
G0 X97.0 Y73.0 F5000.0
G0 Z1.0 F3000.0
DISPENSE MM=0.045 SPEED=30.0 RELATIVE=1
WAIT S=0.001
G0 Z0.025 F3000.0 ;position for liquid contact
G0 Z1.0 F5000.0
G0 X39.0 Y75.0 F5000.0
G0 Z1.0 F3000.0
WAIT S=0.2
DISPENSE MM=0.045 SPEED=30.0 RELATIVE=1
WAIT S=0.001
G0 Z0.025 F3000.0 ;position for liquid contact
G0 Z1.0 F5000.0
G0 X41.0 Y75.0 F5000.0
G0 Z1.0 F3000.0
DISPENSE MM=0.045 SPEED=30.0 RELATIVE=1
WAIT S=0.001
G0 Z0.025 F3000.0 ;position for liquid contact
G0 Z1.0 F5000.0
G0 X43.0 Y75.0 F5000.0
G0 Z1.0 F3000.0
DISPENSE MM=0.045 SPEED=30.0 RELATIVE=1
WAIT S=0.001
G0 Z0.025 F3000.0 ;position for liquid contact
G0 Z1.0 F5000.0
G0 X45.0 Y75.0 F5000.0
G0 Z1.0 F3000.0
DISPENSE MM=0.045 SPEED=30.0 RELATIVE=1
WAIT S=0.001
G0 Z0.025 F3000.0 ;position for liquid contact
G0 Z1.0 F5000.0
G0 X47.0 Y75.0 F5000.0
G0 Z1.0 F3000.0
DISPENSE MM=0.045 SPEED=30.0 RELATIVE=1
WAIT S=0.001
G0 Z0.025 F3000.0 ;position for liquid contact
G0 Z1.0 F5000.0
G0 X49.0 Y75.0 F5000.0
G0 Z1.0 F3000.0
DISPENSE MM=0.045 SPEED=30.0 RELATIVE=1
WAIT S=0.001
G0 Z0.025 F3000.0 ;position for liquid contact
G0 Z1.0 F5000.0
G0 X51.0 Y75.0 F5000.0
G0 Z1.0 F3000.0
DISPENSE MM=0.045 SPEED=30.0 RELATIVE=1
WAIT S=0.001
G0 Z0.025 F3000.0 ;position for liquid contact
G0 Z1.0 F5000.0
G0 X53.0 Y75.0 F5000.0
G0 Z1.0 F3000.0
DISPENSE MM=0.045 SPEED=30.0 RELATIVE=1
WAIT S=0.001
G0 Z0.025 F3000.0 ;position for liquid contact
G0 Z1.0 F5000.0
G0 X55.0 Y75.0 F5000.0
G0 Z1.0 F3000.0
DISPENSE MM=0.045 SPEED=30.0 RELATIVE=1
WAIT S=0.001
G0 Z0.025 F3000.0 ;position for liquid contact
G0 Z1.0 F5000.0
G0 X57.0 Y75.0 F5000.0
G0 Z1.0 F3000.0
DISPENSE MM=0.045 SPEED=30.0 RELATIVE=1
WAIT S=0.001
G0 Z0.025 F3000.0 ;position for liquid contact
G0 Z1.0 F5000.0
G0 X59.0 Y75.0 F5000.0
G0 Z1.0 F3000.0
DISPENSE MM=0.045 SPEED=30.0 RELATIVE=1
WAIT S=0.001
G0 Z0.025 F3000.0 ;position for liquid contact
G0 Z1.0 F5000.0
G0 X61.0 Y75.0 F5000.0
G0 Z1.0 F3000.0
DISPENSE MM=0.045 SPEED=30.0 RELATIVE=1
WAIT S=0.001
G0 Z0.025 F3000.0 ;position for liquid contact
G0 Z1.0 F5000.0
G0 X63.0 Y75.0 F5000.0
G0 Z1.0 F3000.0
DISPENSE MM=0.045 SPEED=30.0 RELATIVE=1
WAIT S=0.001
G0 Z0.025 F3000.0 ;position for liquid contact
G0 Z1.0 F5000.0
G0 X65.0 Y75.0 F5000.0
G0 Z1.0 F3000.0
DISPENSE MM=0.045 SPEED=30.0 RELATIVE=1
WAIT S=0.001
G0 Z0.025 F3000.0 ;position for liquid contact
G0 Z1.0 F5000.0
G0 X67.0 Y75.0 F5000.0
G0 Z1.0 F3000.0
DISPENSE MM=0.045 SPEED=30.0 RELATIVE=1
WAIT S=0.001
G0 Z0.025 F3000.0 ;position for liquid contact
G0 Z1.0 F5000.0
G0 X69.0 Y75.0 F5000.0
G0 Z1.0 F3000.0
DISPENSE MM=0.045 SPEED=30.0 RELATIVE=1
WAIT S=0.001
G0 Z0.025 F3000.0 ;position for liquid contact
G0 Z1.0 F5000.0
G0 X71.0 Y75.0 F5000.0
G0 Z1.0 F3000.0
DISPENSE MM=0.045 SPEED=30.0 RELATIVE=1
WAIT S=0.001
G0 Z0.025 F3000.0 ;position for liquid contact
G0 Z1.0 F5000.0
G0 X73.0 Y75.0 F5000.0
G0 Z1.0 F3000.0
DISPENSE MM=0.045 SPEED=30.0 RELATIVE=1
WAIT S=0.001
G0 Z0.025 F3000.0 ;position for liquid contact
G0 Z1.0 F5000.0
G0 X75.0 Y75.0 F5000.0
G0 Z1.0 F3000.0
DISPENSE MM=0.045 SPEED=30.0 RELATIVE=1
WAIT S=0.001
G0 Z0.025 F3000.0 ;position for liquid contact
G0 Z1.0 F5000.0
G0 X77.0 Y75.0 F5000.0
G0 Z1.0 F3000.0
DISPENSE MM=0.045 SPEED=30.0 RELATIVE=1
WAIT S=0.001
G0 Z0.025 F3000.0 ;position for liquid contact
G0 Z1.0 F5000.0
G0 X79.0 Y75.0 F5000.0
G0 Z1.0 F3000.0
DISPENSE MM=0.045 SPEED=30.0 RELATIVE=1
WAIT S=0.001
G0 Z0.025 F3000.0 ;position for liquid contact
G0 Z1.0 F5000.0
G0 X81.0 Y75.0 F5000.0
G0 Z1.0 F3000.0
DISPENSE MM=0.045 SPEED=30.0 RELATIVE=1
WAIT S=0.001
G0 Z0.025 F3000.0 ;position for liquid contact
G0 Z1.0 F5000.0
G0 X83.0 Y75.0 F5000.0
G0 Z1.0 F3000.0
DISPENSE MM=0.045 SPEED=30.0 RELATIVE=1
WAIT S=0.001
G0 Z0.025 F3000.0 ;position for liquid contact
G0 Z1.0 F5000.0
G0 X85.0 Y75.0 F5000.0
G0 Z1.0 F3000.0
DISPENSE MM=0.045 SPEED=30.0 RELATIVE=1
WAIT S=0.001
G0 Z0.025 F3000.0 ;position for liquid contact
G0 Z1.0 F5000.0
G0 X87.0 Y75.0 F5000.0
G0 Z1.0 F3000.0
DISPENSE MM=0.045 SPEED=30.0 RELATIVE=1
WAIT S=0.001
G0 Z0.025 F3000.0 ;position for liquid contact
G0 Z1.0 F5000.0
G0 X89.0 Y75.0 F5000.0
G0 Z1.0 F3000.0
DISPENSE MM=0.045 SPEED=30.0 RELATIVE=1
WAIT S=0.001
G0 Z0.025 F3000.0 ;position for liquid contact
G0 Z1.0 F5000.0
G0 X91.0 Y75.0 F5000.0
G0 Z1.0 F3000.0
DISPENSE MM=0.045 SPEED=30.0 RELATIVE=1
WAIT S=0.001
G0 Z0.025 F3000.0 ;position for liquid contact
G0 Z1.0 F5000.0
G0 X93.0 Y75.0 F5000.0
G0 Z1.0 F3000.0
DISPENSE MM=0.045 SPEED=30.0 RELATIVE=1
WAIT S=0.001
G0 Z0.025 F3000.0 ;position for liquid contact
G0 Z1.0 F5000.0
G0 X95.0 Y75.0 F5000.0
G0 Z1.0 F3000.0
DISPENSE MM=0.045 SPEED=30.0 RELATIVE=1
WAIT S=0.001
G0 Z0.025 F3000.0 ;position for liquid contact
G0 Z1.0 F5000.0
G0 X97.0 Y75.0 F5000.0
G0 Z1.0 F3000.0
DISPENSE MM=0.045 SPEED=30.0 RELATIVE=1
WAIT S=0.001
G0 Z0.025 F3000.0 ;position for liquid contact
G0 Z1.0 F5000.0
G0 X39.0 Y77.0 F5000.0
G0 Z1.0 F3000.0
WAIT S=0.2
DISPENSE MM=0.045 SPEED=30.0 RELATIVE=1
WAIT S=0.001
G0 Z0.025 F3000.0 ;position for liquid contact
G0 Z1.0 F5000.0
G0 X41.0 Y77.0 F5000.0
G0 Z1.0 F3000.0
DISPENSE MM=0.045 SPEED=30.0 RELATIVE=1
WAIT S=0.001
G0 Z0.025 F3000.0 ;position for liquid contact
G0 Z1.0 F5000.0
G0 X43.0 Y77.0 F5000.0
G0 Z1.0 F3000.0
DISPENSE MM=0.045 SPEED=30.0 RELATIVE=1
WAIT S=0.001
G0 Z0.025 F3000.0 ;position for liquid contact
G0 Z1.0 F5000.0
G0 X45.0 Y77.0 F5000.0
G0 Z1.0 F3000.0
DISPENSE MM=0.045 SPEED=30.0 RELATIVE=1
WAIT S=0.001
G0 Z0.025 F3000.0 ;position for liquid contact
G0 Z1.0 F5000.0
G0 X47.0 Y77.0 F5000.0
G0 Z1.0 F3000.0
DISPENSE MM=0.045 SPEED=30.0 RELATIVE=1
WAIT S=0.001
G0 Z0.025 F3000.0 ;position for liquid contact
G0 Z1.0 F5000.0
G0 X49.0 Y77.0 F5000.0
G0 Z1.0 F3000.0
DISPENSE MM=0.045 SPEED=30.0 RELATIVE=1
WAIT S=0.001
G0 Z0.025 F3000.0 ;position for liquid contact
G0 Z1.0 F5000.0
G0 X51.0 Y77.0 F5000.0
G0 Z1.0 F3000.0
DISPENSE MM=0.045 SPEED=30.0 RELATIVE=1
WAIT S=0.001
G0 Z0.025 F3000.0 ;position for liquid contact
G0 Z1.0 F5000.0
G0 X53.0 Y77.0 F5000.0
G0 Z1.0 F3000.0
DISPENSE MM=0.045 SPEED=30.0 RELATIVE=1
WAIT S=0.001
G0 Z0.025 F3000.0 ;position for liquid contact
G0 Z1.0 F5000.0
G0 X55.0 Y77.0 F5000.0
G0 Z1.0 F3000.0
DISPENSE MM=0.045 SPEED=30.0 RELATIVE=1
WAIT S=0.001
G0 Z0.025 F3000.0 ;position for liquid contact
G0 Z1.0 F5000.0
G0 X57.0 Y77.0 F5000.0
G0 Z1.0 F3000.0
DISPENSE MM=0.045 SPEED=30.0 RELATIVE=1
WAIT S=0.001
G0 Z0.025 F3000.0 ;position for liquid contact
G0 Z1.0 F5000.0
G0 X59.0 Y77.0 F5000.0
G0 Z1.0 F3000.0
DISPENSE MM=0.045 SPEED=30.0 RELATIVE=1
WAIT S=0.001
G0 Z0.025 F3000.0 ;position for liquid contact
G0 Z1.0 F5000.0
G0 X61.0 Y77.0 F5000.0
G0 Z1.0 F3000.0
DISPENSE MM=0.045 SPEED=30.0 RELATIVE=1
WAIT S=0.001
G0 Z0.025 F3000.0 ;position for liquid contact
G0 Z1.0 F5000.0
G0 X63.0 Y77.0 F5000.0
G0 Z1.0 F3000.0
DISPENSE MM=0.045 SPEED=30.0 RELATIVE=1
WAIT S=0.001
G0 Z0.025 F3000.0 ;position for liquid contact
G0 Z1.0 F5000.0
G0 X65.0 Y77.0 F5000.0
G0 Z1.0 F3000.0
DISPENSE MM=0.045 SPEED=30.0 RELATIVE=1
WAIT S=0.001
G0 Z0.025 F3000.0 ;position for liquid contact
G0 Z1.0 F5000.0
G0 X67.0 Y77.0 F5000.0
G0 Z1.0 F3000.0
DISPENSE MM=0.045 SPEED=30.0 RELATIVE=1
WAIT S=0.001
G0 Z0.025 F3000.0 ;position for liquid contact
G0 Z1.0 F5000.0
G0 X69.0 Y77.0 F5000.0
G0 Z1.0 F3000.0
DISPENSE MM=0.045 SPEED=30.0 RELATIVE=1
WAIT S=0.001
G0 Z0.025 F3000.0 ;position for liquid contact
G0 Z1.0 F5000.0
G0 X71.0 Y77.0 F5000.0
G0 Z1.0 F3000.0
DISPENSE MM=0.045 SPEED=30.0 RELATIVE=1
WAIT S=0.001
G0 Z0.025 F3000.0 ;position for liquid contact
G0 Z1.0 F5000.0
G0 X73.0 Y77.0 F5000.0
G0 Z1.0 F3000.0
DISPENSE MM=0.045 SPEED=30.0 RELATIVE=1
WAIT S=0.001
G0 Z0.025 F3000.0 ;position for liquid contact
G0 Z1.0 F5000.0
G0 X75.0 Y77.0 F5000.0
G0 Z1.0 F3000.0
DISPENSE MM=0.045 SPEED=30.0 RELATIVE=1
WAIT S=0.001
G0 Z0.025 F3000.0 ;position for liquid contact
G0 Z1.0 F5000.0
G0 X77.0 Y77.0 F5000.0
G0 Z1.0 F3000.0
DISPENSE MM=0.045 SPEED=30.0 RELATIVE=1
WAIT S=0.001
G0 Z0.025 F3000.0 ;position for liquid contact
G0 Z1.0 F5000.0
G0 X79.0 Y77.0 F5000.0
G0 Z1.0 F3000.0
DISPENSE MM=0.045 SPEED=30.0 RELATIVE=1
WAIT S=0.001
G0 Z0.025 F3000.0 ;position for liquid contact
G0 Z1.0 F5000.0
G0 X81.0 Y77.0 F5000.0
G0 Z1.0 F3000.0
DISPENSE MM=0.045 SPEED=30.0 RELATIVE=1
WAIT S=0.001
G0 Z0.025 F3000.0 ;position for liquid contact
G0 Z1.0 F5000.0
G0 X83.0 Y77.0 F5000.0
G0 Z1.0 F3000.0
DISPENSE MM=0.045 SPEED=30.0 RELATIVE=1
WAIT S=0.001
G0 Z0.025 F3000.0 ;position for liquid contact
G0 Z1.0 F5000.0
G0 X85.0 Y77.0 F5000.0
G0 Z1.0 F3000.0
DISPENSE MM=0.045 SPEED=30.0 RELATIVE=1
WAIT S=0.001
G0 Z0.025 F3000.0 ;position for liquid contact
G0 Z1.0 F5000.0
G0 X87.0 Y77.0 F5000.0
G0 Z1.0 F3000.0
DISPENSE MM=0.045 SPEED=30.0 RELATIVE=1
WAIT S=0.001
G0 Z0.025 F3000.0 ;position for liquid contact
G0 Z1.0 F5000.0
G0 X89.0 Y77.0 F5000.0
G0 Z1.0 F3000.0
DISPENSE MM=0.045 SPEED=30.0 RELATIVE=1
WAIT S=0.001
G0 Z0.025 F3000.0 ;position for liquid contact
G0 Z1.0 F5000.0
G0 X91.0 Y77.0 F5000.0
G0 Z1.0 F3000.0
DISPENSE MM=0.045 SPEED=30.0 RELATIVE=1
WAIT S=0.001
G0 Z0.025 F3000.0 ;position for liquid contact
G0 Z1.0 F5000.0
G0 X93.0 Y77.0 F5000.0
G0 Z1.0 F3000.0
DISPENSE MM=0.045 SPEED=30.0 RELATIVE=1
WAIT S=0.001
G0 Z0.025 F3000.0 ;position for liquid contact
G0 Z1.0 F5000.0
G0 X95.0 Y77.0 F5000.0
G0 Z1.0 F3000.0
DISPENSE MM=0.045 SPEED=30.0 RELATIVE=1
WAIT S=0.001
G0 Z0.025 F3000.0 ;position for liquid contact
G0 Z1.0 F5000.0
G0 X97.0 Y77.0 F5000.0
G0 Z1.0 F3000.0
DISPENSE MM=0.045 SPEED=30.0 RELATIVE=1
WAIT S=0.001
G0 Z0.025 F3000.0 ;position for liquid contact
G0 Z1.0 F5000.0
G0 X39.0 Y79.0 F5000.0
G0 Z1.0 F3000.0
WAIT S=0.2
DISPENSE MM=0.045 SPEED=30.0 RELATIVE=1
WAIT S=0.001
G0 Z0.025 F3000.0 ;position for liquid contact
G0 Z1.0 F5000.0
G0 X41.0 Y79.0 F5000.0
G0 Z1.0 F3000.0
DISPENSE MM=0.045 SPEED=30.0 RELATIVE=1
WAIT S=0.001
G0 Z0.025 F3000.0 ;position for liquid contact
G0 Z1.0 F5000.0
G0 X43.0 Y79.0 F5000.0
G0 Z1.0 F3000.0
DISPENSE MM=0.045 SPEED=30.0 RELATIVE=1
WAIT S=0.001
G0 Z0.025 F3000.0 ;position for liquid contact
G0 Z1.0 F5000.0
G0 X45.0 Y79.0 F5000.0
G0 Z1.0 F3000.0
DISPENSE MM=0.045 SPEED=30.0 RELATIVE=1
WAIT S=0.001
G0 Z0.025 F3000.0 ;position for liquid contact
G0 Z1.0 F5000.0
G0 X47.0 Y79.0 F5000.0
G0 Z1.0 F3000.0
DISPENSE MM=0.045 SPEED=30.0 RELATIVE=1
WAIT S=0.001
G0 Z0.025 F3000.0 ;position for liquid contact
G0 Z1.0 F5000.0
G0 X49.0 Y79.0 F5000.0
G0 Z1.0 F3000.0
DISPENSE MM=0.045 SPEED=30.0 RELATIVE=1
WAIT S=0.001
G0 Z0.025 F3000.0 ;position for liquid contact
G0 Z1.0 F5000.0
G0 X51.0 Y79.0 F5000.0
G0 Z1.0 F3000.0
DISPENSE MM=0.045 SPEED=30.0 RELATIVE=1
WAIT S=0.001
G0 Z0.025 F3000.0 ;position for liquid contact
G0 Z1.0 F5000.0
G0 X53.0 Y79.0 F5000.0
G0 Z1.0 F3000.0
DISPENSE MM=0.045 SPEED=30.0 RELATIVE=1
WAIT S=0.001
G0 Z0.025 F3000.0 ;position for liquid contact
G0 Z1.0 F5000.0
G0 X55.0 Y79.0 F5000.0
G0 Z1.0 F3000.0
DISPENSE MM=0.045 SPEED=30.0 RELATIVE=1
WAIT S=0.001
G0 Z0.025 F3000.0 ;position for liquid contact
G0 Z1.0 F5000.0
G0 X57.0 Y79.0 F5000.0
G0 Z1.0 F3000.0
DISPENSE MM=0.045 SPEED=30.0 RELATIVE=1
WAIT S=0.001
G0 Z0.025 F3000.0 ;position for liquid contact
G0 Z1.0 F5000.0
G0 X59.0 Y79.0 F5000.0
G0 Z1.0 F3000.0
DISPENSE MM=0.045 SPEED=30.0 RELATIVE=1
WAIT S=0.001
G0 Z0.025 F3000.0 ;position for liquid contact
G0 Z1.0 F5000.0
G0 X61.0 Y79.0 F5000.0
G0 Z1.0 F3000.0
DISPENSE MM=0.045 SPEED=30.0 RELATIVE=1
WAIT S=0.001
G0 Z0.025 F3000.0 ;position for liquid contact
G0 Z1.0 F5000.0
G0 X63.0 Y79.0 F5000.0
G0 Z1.0 F3000.0
DISPENSE MM=0.045 SPEED=30.0 RELATIVE=1
WAIT S=0.001
G0 Z0.025 F3000.0 ;position for liquid contact
G0 Z1.0 F5000.0
G0 X65.0 Y79.0 F5000.0
G0 Z1.0 F3000.0
DISPENSE MM=0.045 SPEED=30.0 RELATIVE=1
WAIT S=0.001
G0 Z0.025 F3000.0 ;position for liquid contact
G0 Z1.0 F5000.0
G0 X67.0 Y79.0 F5000.0
G0 Z1.0 F3000.0
DISPENSE MM=0.045 SPEED=30.0 RELATIVE=1
WAIT S=0.001
G0 Z0.025 F3000.0 ;position for liquid contact
G0 Z1.0 F5000.0
G0 X69.0 Y79.0 F5000.0
G0 Z1.0 F3000.0
DISPENSE MM=0.045 SPEED=30.0 RELATIVE=1
WAIT S=0.001
G0 Z0.025 F3000.0 ;position for liquid contact
G0 Z1.0 F5000.0
G0 X71.0 Y79.0 F5000.0
G0 Z1.0 F3000.0
DISPENSE MM=0.045 SPEED=30.0 RELATIVE=1
WAIT S=0.001
G0 Z0.025 F3000.0 ;position for liquid contact
G0 Z1.0 F5000.0
G0 X73.0 Y79.0 F5000.0
G0 Z1.0 F3000.0
DISPENSE MM=0.045 SPEED=30.0 RELATIVE=1
WAIT S=0.001
G0 Z0.025 F3000.0 ;position for liquid contact
G0 Z1.0 F5000.0
G0 X75.0 Y79.0 F5000.0
G0 Z1.0 F3000.0
DISPENSE MM=0.045 SPEED=30.0 RELATIVE=1
WAIT S=0.001
G0 Z0.025 F3000.0 ;position for liquid contact
G0 Z1.0 F5000.0
G0 X77.0 Y79.0 F5000.0
G0 Z1.0 F3000.0
DISPENSE MM=0.045 SPEED=30.0 RELATIVE=1
WAIT S=0.001
G0 Z0.025 F3000.0 ;position for liquid contact
G0 Z1.0 F5000.0
G0 X79.0 Y79.0 F5000.0
G0 Z1.0 F3000.0
DISPENSE MM=0.045 SPEED=30.0 RELATIVE=1
WAIT S=0.001
G0 Z0.025 F3000.0 ;position for liquid contact
G0 Z1.0 F5000.0
G0 X81.0 Y79.0 F5000.0
G0 Z1.0 F3000.0
DISPENSE MM=0.045 SPEED=30.0 RELATIVE=1
WAIT S=0.001
G0 Z0.025 F3000.0 ;position for liquid contact
G0 Z1.0 F5000.0
G0 X83.0 Y79.0 F5000.0
G0 Z1.0 F3000.0
DISPENSE MM=0.045 SPEED=30.0 RELATIVE=1
WAIT S=0.001
G0 Z0.025 F3000.0 ;position for liquid contact
G0 Z1.0 F5000.0
G0 X85.0 Y79.0 F5000.0
G0 Z1.0 F3000.0
DISPENSE MM=0.045 SPEED=30.0 RELATIVE=1
WAIT S=0.001
G0 Z0.025 F3000.0 ;position for liquid contact
G0 Z1.0 F5000.0
G0 X87.0 Y79.0 F5000.0
G0 Z1.0 F3000.0
DISPENSE MM=0.045 SPEED=30.0 RELATIVE=1
WAIT S=0.001
G0 Z0.025 F3000.0 ;position for liquid contact
G0 Z1.0 F5000.0
G0 X89.0 Y79.0 F5000.0
G0 Z1.0 F3000.0
DISPENSE MM=0.045 SPEED=30.0 RELATIVE=1
WAIT S=0.001
G0 Z0.025 F3000.0 ;position for liquid contact
G0 Z1.0 F5000.0
G0 X91.0 Y79.0 F5000.0
G0 Z1.0 F3000.0
DISPENSE MM=0.045 SPEED=30.0 RELATIVE=1
WAIT S=0.001
G0 Z0.025 F3000.0 ;position for liquid contact
G0 Z1.0 F5000.0
G0 X93.0 Y79.0 F5000.0
G0 Z1.0 F3000.0
DISPENSE MM=0.045 SPEED=30.0 RELATIVE=1
WAIT S=0.001
G0 Z0.025 F3000.0 ;position for liquid contact
G0 Z1.0 F5000.0
G0 X95.0 Y79.0 F5000.0
G0 Z1.0 F3000.0
DISPENSE MM=0.045 SPEED=30.0 RELATIVE=1
WAIT S=0.001
G0 Z0.025 F3000.0 ;position for liquid contact
G0 Z1.0 F5000.0
G0 X97.0 Y79.0 F5000.0
G0 Z1.0 F3000.0
DISPENSE MM=0.045 SPEED=30.0 RELATIVE=1
WAIT S=0.001
G0 Z0.025 F3000.0 ;position for liquid contact
G0 Z1.0 F5000.0
G0 X39.0 Y81.0 F5000.0
G0 Z1.0 F3000.0
WAIT S=0.2
DISPENSE MM=0.045 SPEED=30.0 RELATIVE=1
WAIT S=0.001
G0 Z0.025 F3000.0 ;position for liquid contact
G0 Z1.0 F5000.0
G0 X41.0 Y81.0 F5000.0
G0 Z1.0 F3000.0
DISPENSE MM=0.045 SPEED=30.0 RELATIVE=1
WAIT S=0.001
G0 Z0.025 F3000.0 ;position for liquid contact
G0 Z1.0 F5000.0
G0 X43.0 Y81.0 F5000.0
G0 Z1.0 F3000.0
DISPENSE MM=0.045 SPEED=30.0 RELATIVE=1
WAIT S=0.001
G0 Z0.025 F3000.0 ;position for liquid contact
G0 Z1.0 F5000.0
G0 X45.0 Y81.0 F5000.0
G0 Z1.0 F3000.0
DISPENSE MM=0.045 SPEED=30.0 RELATIVE=1
WAIT S=0.001
G0 Z0.025 F3000.0 ;position for liquid contact
G0 Z1.0 F5000.0
G0 X47.0 Y81.0 F5000.0
G0 Z1.0 F3000.0
DISPENSE MM=0.045 SPEED=30.0 RELATIVE=1
WAIT S=0.001
G0 Z0.025 F3000.0 ;position for liquid contact
G0 Z1.0 F5000.0
G0 X49.0 Y81.0 F5000.0
G0 Z1.0 F3000.0
DISPENSE MM=0.045 SPEED=30.0 RELATIVE=1
WAIT S=0.001
G0 Z0.025 F3000.0 ;position for liquid contact
G0 Z1.0 F5000.0
G0 X51.0 Y81.0 F5000.0
G0 Z1.0 F3000.0
DISPENSE MM=0.045 SPEED=30.0 RELATIVE=1
WAIT S=0.001
G0 Z0.025 F3000.0 ;position for liquid contact
G0 Z1.0 F5000.0
G0 X53.0 Y81.0 F5000.0
G0 Z1.0 F3000.0
DISPENSE MM=0.045 SPEED=30.0 RELATIVE=1
WAIT S=0.001
G0 Z0.025 F3000.0 ;position for liquid contact
G0 Z1.0 F5000.0
G0 X55.0 Y81.0 F5000.0
G0 Z1.0 F3000.0
DISPENSE MM=0.045 SPEED=30.0 RELATIVE=1
WAIT S=0.001
G0 Z0.025 F3000.0 ;position for liquid contact
G0 Z1.0 F5000.0
G0 X57.0 Y81.0 F5000.0
G0 Z1.0 F3000.0
DISPENSE MM=0.045 SPEED=30.0 RELATIVE=1
WAIT S=0.001
G0 Z0.025 F3000.0 ;position for liquid contact
G0 Z1.0 F5000.0
G0 X59.0 Y81.0 F5000.0
G0 Z1.0 F3000.0
DISPENSE MM=0.045 SPEED=30.0 RELATIVE=1
WAIT S=0.001
G0 Z0.025 F3000.0 ;position for liquid contact
G0 Z1.0 F5000.0
G0 X61.0 Y81.0 F5000.0
G0 Z1.0 F3000.0
DISPENSE MM=0.045 SPEED=30.0 RELATIVE=1
WAIT S=0.001
G0 Z0.025 F3000.0 ;position for liquid contact
G0 Z1.0 F5000.0
G0 X63.0 Y81.0 F5000.0
G0 Z1.0 F3000.0
DISPENSE MM=0.045 SPEED=30.0 RELATIVE=1
WAIT S=0.001
G0 Z0.025 F3000.0 ;position for liquid contact
G0 Z1.0 F5000.0
G0 X65.0 Y81.0 F5000.0
G0 Z1.0 F3000.0
DISPENSE MM=0.045 SPEED=30.0 RELATIVE=1
WAIT S=0.001
G0 Z0.025 F3000.0 ;position for liquid contact
G0 Z1.0 F5000.0
G0 X67.0 Y81.0 F5000.0
G0 Z1.0 F3000.0
DISPENSE MM=0.045 SPEED=30.0 RELATIVE=1
WAIT S=0.001
G0 Z0.025 F3000.0 ;position for liquid contact
G0 Z1.0 F5000.0
G0 X69.0 Y81.0 F5000.0
G0 Z1.0 F3000.0
DISPENSE MM=0.045 SPEED=30.0 RELATIVE=1
WAIT S=0.001
G0 Z0.025 F3000.0 ;position for liquid contact
G0 Z1.0 F5000.0
G0 X71.0 Y81.0 F5000.0
G0 Z1.0 F3000.0
DISPENSE MM=0.045 SPEED=30.0 RELATIVE=1
WAIT S=0.001
G0 Z0.025 F3000.0 ;position for liquid contact
G0 Z1.0 F5000.0
G0 X73.0 Y81.0 F5000.0
G0 Z1.0 F3000.0
DISPENSE MM=0.045 SPEED=30.0 RELATIVE=1
WAIT S=0.001
G0 Z0.025 F3000.0 ;position for liquid contact
G0 Z1.0 F5000.0
G0 X75.0 Y81.0 F5000.0
G0 Z1.0 F3000.0
DISPENSE MM=0.045 SPEED=30.0 RELATIVE=1
WAIT S=0.001
G0 Z0.025 F3000.0 ;position for liquid contact
G0 Z1.0 F5000.0
G0 X77.0 Y81.0 F5000.0
G0 Z1.0 F3000.0
DISPENSE MM=0.045 SPEED=30.0 RELATIVE=1
WAIT S=0.001
G0 Z0.025 F3000.0 ;position for liquid contact
G0 Z1.0 F5000.0
G0 X79.0 Y81.0 F5000.0
G0 Z1.0 F3000.0
DISPENSE MM=0.045 SPEED=30.0 RELATIVE=1
WAIT S=0.001
G0 Z0.025 F3000.0 ;position for liquid contact
G0 Z1.0 F5000.0
G0 X81.0 Y81.0 F5000.0
G0 Z1.0 F3000.0
DISPENSE MM=0.045 SPEED=30.0 RELATIVE=1
WAIT S=0.001
G0 Z0.025 F3000.0 ;position for liquid contact
G0 Z1.0 F5000.0
G0 X83.0 Y81.0 F5000.0
G0 Z1.0 F3000.0
DISPENSE MM=0.045 SPEED=30.0 RELATIVE=1
WAIT S=0.001
G0 Z0.025 F3000.0 ;position for liquid contact
G0 Z1.0 F5000.0
G0 X85.0 Y81.0 F5000.0
G0 Z1.0 F3000.0
DISPENSE MM=0.045 SPEED=30.0 RELATIVE=1
WAIT S=0.001
G0 Z0.025 F3000.0 ;position for liquid contact
G0 Z1.0 F5000.0
G0 X87.0 Y81.0 F5000.0
G0 Z1.0 F3000.0
DISPENSE MM=0.045 SPEED=30.0 RELATIVE=1
WAIT S=0.001
G0 Z0.025 F3000.0 ;position for liquid contact
G0 Z1.0 F5000.0
G0 X89.0 Y81.0 F5000.0
G0 Z1.0 F3000.0
DISPENSE MM=0.045 SPEED=30.0 RELATIVE=1
WAIT S=0.001
G0 Z0.025 F3000.0 ;position for liquid contact
G0 Z1.0 F5000.0
G0 X91.0 Y81.0 F5000.0
G0 Z1.0 F3000.0
DISPENSE MM=0.045 SPEED=30.0 RELATIVE=1
WAIT S=0.001
G0 Z0.025 F3000.0 ;position for liquid contact
G0 Z1.0 F5000.0
G0 X93.0 Y81.0 F5000.0
G0 Z1.0 F3000.0
DISPENSE MM=0.045 SPEED=30.0 RELATIVE=1
WAIT S=0.001
G0 Z0.025 F3000.0 ;position for liquid contact
G0 Z1.0 F5000.0
G0 X95.0 Y81.0 F5000.0
G0 Z1.0 F3000.0
DISPENSE MM=0.045 SPEED=30.0 RELATIVE=1
WAIT S=0.001
G0 Z0.025 F3000.0 ;position for liquid contact
G0 Z1.0 F5000.0
G0 X97.0 Y81.0 F5000.0
G0 Z1.0 F3000.0
DISPENSE MM=0.045 SPEED=30.0 RELATIVE=1
WAIT S=0.001
G0 Z0.025 F3000.0 ;position for liquid contact
G0 Z1.0 F5000.0
G0 X39.0 Y83.0 F5000.0
G0 Z1.0 F3000.0
WAIT S=0.2
DISPENSE MM=0.045 SPEED=30.0 RELATIVE=1
WAIT S=0.001
G0 Z0.025 F3000.0 ;position for liquid contact
G0 Z1.0 F5000.0
G0 X41.0 Y83.0 F5000.0
G0 Z1.0 F3000.0
DISPENSE MM=0.045 SPEED=30.0 RELATIVE=1
WAIT S=0.001
G0 Z0.025 F3000.0 ;position for liquid contact
G0 Z1.0 F5000.0
G0 X43.0 Y83.0 F5000.0
G0 Z1.0 F3000.0
DISPENSE MM=0.045 SPEED=30.0 RELATIVE=1
WAIT S=0.001
G0 Z0.025 F3000.0 ;position for liquid contact
G0 Z1.0 F5000.0
G0 X45.0 Y83.0 F5000.0
G0 Z1.0 F3000.0
DISPENSE MM=0.045 SPEED=30.0 RELATIVE=1
WAIT S=0.001
G0 Z0.025 F3000.0 ;position for liquid contact
G0 Z1.0 F5000.0
G0 X47.0 Y83.0 F5000.0
G0 Z1.0 F3000.0
DISPENSE MM=0.045 SPEED=30.0 RELATIVE=1
WAIT S=0.001
G0 Z0.025 F3000.0 ;position for liquid contact
G0 Z1.0 F5000.0
G0 X49.0 Y83.0 F5000.0
G0 Z1.0 F3000.0
DISPENSE MM=0.045 SPEED=30.0 RELATIVE=1
WAIT S=0.001
G0 Z0.025 F3000.0 ;position for liquid contact
G0 Z1.0 F5000.0
G0 X51.0 Y83.0 F5000.0
G0 Z1.0 F3000.0
DISPENSE MM=0.045 SPEED=30.0 RELATIVE=1
WAIT S=0.001
G0 Z0.025 F3000.0 ;position for liquid contact
G0 Z1.0 F5000.0
G0 X53.0 Y83.0 F5000.0
G0 Z1.0 F3000.0
DISPENSE MM=0.045 SPEED=30.0 RELATIVE=1
WAIT S=0.001
G0 Z0.025 F3000.0 ;position for liquid contact
G0 Z1.0 F5000.0
G0 X55.0 Y83.0 F5000.0
G0 Z1.0 F3000.0
DISPENSE MM=0.045 SPEED=30.0 RELATIVE=1
WAIT S=0.001
G0 Z0.025 F3000.0 ;position for liquid contact
G0 Z1.0 F5000.0
G0 X57.0 Y83.0 F5000.0
G0 Z1.0 F3000.0
DISPENSE MM=0.045 SPEED=30.0 RELATIVE=1
WAIT S=0.001
G0 Z0.025 F3000.0 ;position for liquid contact
G0 Z1.0 F5000.0

; Washing sequence
G0 Z40.0 F5000
G0 X221.0 Y116.0 F5000
G0 Z-5.0 F500
G0 X222.0 F2000.0
G0 X221.0 F2000.0
G0 X222.0 F2000.0
G0 X221.0 F2000.0
G0 X222.0 F2000.0
G0 X221.0 F2000.0
G0 X222.0 F2000.0
G0 X221.0 F2000.0
G0 X222.0 F2000.0
G0 X221.0 F2000.0
G0 X222.0 F2000.0
G0 X221.0 F2000.0
G0 X222.0 F2000.0
G0 X221.0 F2000.0
G0 X222.0 F2000.0
G0 X221.0 F2000.0
G0 X222.0 F2000.0
G0 X221.0 F2000.0
G0 X222.0 F2000.0
G0 X221.0 F2000.0
G0 X222.0 F2000.0
G0 X221.0 F2000.0
G0 X222.0 F2000.0
G0 X221.0 F2000.0
G0 X222.0 F2000.0
G0 X221.0 F2000.0
G0 X222.0 F2000.0
G0 X221.0 F2000.0
G0 X222.0 F2000.0
G0 X221.0 F2000.0
G0 X222.0 F2000.0
G0 X221.0 F2000.0
G0 X222.0 F2000.0
G0 X221.0 F2000.0
G0 X222.0 F2000.0
G0 X221.0 F2000.0
G0 X222.0 F2000.0
G0 X221.0 F2000.0
G0 X222.0 F2000.0
G0 X221.0 F2000.0
G0 X222.0 F2000.0
G0 X221.0 F2000.0
G0 X222.0 F2000.0
G0 X221.0 F2000.0
G0 X222.0 F2000.0
G0 X221.0 F2000.0
G0 X222.0 F2000.0
G0 X221.0 F2000.0
G0 X222.0 F2000.0
G0 X221.0 F2000.0
G0 X222.0 F2000.0
G0 X221.0 F2000.0
G0 X222.0 F2000.0
G0 X221.0 F2000.0
G0 X222.0 F2000.0
G0 X221.0 F2000.0
G0 X222.0 F2000.0
G0 X221.0 F2000.0
G0 X222.0 F2000.0
G0 X221.0 F2000.0
G0 X222.0 F2000.0
G0 X221.0 F2000.0
G0 X222.0 F2000.0
G0 X221.0 F2000.0
G0 X222.0 F2000.0
G0 X221.0 F2000.0
G0 X222.0 F2000.0
G0 X221.0 F2000.0
G0 X222.0 F2000.0
G0 X221.0 F2000.0
G0 X222.0 F2000.0
G0 X221.0 F2000.0
G0 X222.0 F2000.0
G0 X221.0 F2000.0
G0 X222.0 F2000.0
G0 X221.0 F2000.0
G0 X222.0 F2000.0
G0 X221.0 F2000.0
G0 X222.0 F2000.0
G0 X221.0 F2000.0
G0 X222.0 F2000.0
G0 X221.0 F2000.0
G0 X222.0 F2000.0
G0 X221.0 F2000.0
G0 X222.0 F2000.0
G0 X221.0 F2000.0
G0 X222.0 F2000.0
G0 X221.0 F2000.0
G0 X222.0 F2000.0
G0 X221.0 F2000.0
G0 X222.0 F2000.0
G0 X221.0 F2000.0
G0 X222.0 F2000.0
G0 X221.0 F2000.0
G0 X222.0 F2000.0
G0 X221.0 F2000.0
G0 X222.0 F2000.0
G0 X221.0 F2000.0
G0 X222.0 F2000.0
G0 X221.0 F2000.0
G0 Z40.0 F5000


; Create cleaning sequence
G0 X39.0 Y52.0 F5000
WAIT S=0.2
DISPENSE MM=0.125 SPEED=500 RELATIVE=1
G0 Z0.025 F500 ;position for liquid contact
G0 Z1.0 F5000
G0 X42.0 Y52.0 F5000
DISPENSE MM=0.125 SPEED=500 RELATIVE=1
G0 Z0.025 F500 ;position for liquid contact
G0 Z1.0 F5000
G0 X45.0 Y52.0 F5000
DISPENSE MM=0.125 SPEED=500 RELATIVE=1
G0 Z0.025 F500 ;position for liquid contact
G0 Z1.0 F5000
G0 X48.0 Y52.0 F5000
DISPENSE MM=0.125 SPEED=500 RELATIVE=1
G0 Z0.025 F500 ;position for liquid contact
G0 Z1.0 F5000
G0 X51.0 Y52.0 F5000
DISPENSE MM=0.125 SPEED=500 RELATIVE=1
G0 Z0.025 F500 ;position for liquid contact
G0 Z1.0 F5000
G0 X54.0 Y52.0 F5000
DISPENSE MM=0.125 SPEED=500 RELATIVE=1
G0 Z0.025 F500 ;position for liquid contact
G0 Z1.0 F5000
G0 X57.0 Y52.0 F5000
DISPENSE MM=0.125 SPEED=500 RELATIVE=1
G0 Z0.025 F500 ;position for liquid contact
G0 Z1.0 F5000
G0 X60.0 Y52.0 F5000
DISPENSE MM=0.125 SPEED=500 RELATIVE=1
G0 Z0.025 F500 ;position for liquid contact
G0 Z1.0 F5000
G0 X63.0 Y52.0 F5000
DISPENSE MM=0.125 SPEED=500 RELATIVE=1
G0 Z0.025 F500 ;position for liquid contact
G0 Z1.0 F5000
G0 X66.0 Y52.0 F5000
DISPENSE MM=0.125 SPEED=500 RELATIVE=1
G0 Z0.025 F500 ;position for liquid contact
G0 Z1.0 F5000
G0 X39.0 Y54.0 F5000
WAIT S=0.2
DISPENSE MM=0.125 SPEED=500 RELATIVE=1
G0 Z0.025 F500 ;position for liquid contact
G0 Z1.0 F5000
G0 X42.0 Y54.0 F5000
DISPENSE MM=0.125 SPEED=500 RELATIVE=1
G0 Z0.025 F500 ;position for liquid contact
G0 Z1.0 F5000
G0 X45.0 Y54.0 F5000
DISPENSE MM=0.125 SPEED=500 RELATIVE=1
G0 Z0.025 F500 ;position for liquid contact
G0 Z1.0 F5000
G0 X48.0 Y54.0 F5000
DISPENSE MM=0.125 SPEED=500 RELATIVE=1
G0 Z0.025 F500 ;position for liquid contact
G0 Z1.0 F5000
G0 X51.0 Y54.0 F5000
DISPENSE MM=0.125 SPEED=500 RELATIVE=1
G0 Z0.025 F500 ;position for liquid contact
G0 Z1.0 F5000
G0 X54.0 Y54.0 F5000
DISPENSE MM=0.125 SPEED=500 RELATIVE=1
G0 Z0.025 F500 ;position for liquid contact
G0 Z1.0 F5000
G0 X57.0 Y54.0 F5000
DISPENSE MM=0.125 SPEED=500 RELATIVE=1
G0 Z0.025 F500 ;position for liquid contact
G0 Z1.0 F5000
G0 X60.0 Y54.0 F5000
DISPENSE MM=0.125 SPEED=500 RELATIVE=1
G0 Z0.025 F500 ;position for liquid contact
G0 Z1.0 F5000
G0 X63.0 Y54.0 F5000
DISPENSE MM=0.125 SPEED=500 RELATIVE=1
G0 Z0.025 F500 ;position for liquid contact
G0 Z1.0 F5000
G0 X66.0 Y54.0 F5000
DISPENSE MM=0.125 SPEED=500 RELATIVE=1
G0 Z0.025 F500 ;position for liquid contact
G0 Z1.0 F5000
G0 Z40.0 F5000
G0 X59.0 Y83.0 F5000.0
G0 Z1.0 F3000.0
DISPENSE MM=0.045 SPEED=30.0 RELATIVE=1
WAIT S=0.001
G0 Z0.025 F3000.0 ;position for liquid contact
G0 Z1.0 F5000.0
G0 X61.0 Y83.0 F5000.0
G0 Z1.0 F3000.0
DISPENSE MM=0.045 SPEED=30.0 RELATIVE=1
WAIT S=0.001
G0 Z0.025 F3000.0 ;position for liquid contact
G0 Z1.0 F5000.0
G0 X63.0 Y83.0 F5000.0
G0 Z1.0 F3000.0
DISPENSE MM=0.045 SPEED=30.0 RELATIVE=1
WAIT S=0.001
G0 Z0.025 F3000.0 ;position for liquid contact
G0 Z1.0 F5000.0
G0 X65.0 Y83.0 F5000.0
G0 Z1.0 F3000.0
DISPENSE MM=0.045 SPEED=30.0 RELATIVE=1
WAIT S=0.001
G0 Z0.025 F3000.0 ;position for liquid contact
G0 Z1.0 F5000.0
G0 X67.0 Y83.0 F5000.0
G0 Z1.0 F3000.0
DISPENSE MM=0.045 SPEED=30.0 RELATIVE=1
WAIT S=0.001
G0 Z0.025 F3000.0 ;position for liquid contact
G0 Z1.0 F5000.0
G0 X69.0 Y83.0 F5000.0
G0 Z1.0 F3000.0
DISPENSE MM=0.045 SPEED=30.0 RELATIVE=1
WAIT S=0.001
G0 Z0.025 F3000.0 ;position for liquid contact
G0 Z1.0 F5000.0
G0 X71.0 Y83.0 F5000.0
G0 Z1.0 F3000.0
DISPENSE MM=0.045 SPEED=30.0 RELATIVE=1
WAIT S=0.001
G0 Z0.025 F3000.0 ;position for liquid contact
G0 Z1.0 F5000.0
G0 X73.0 Y83.0 F5000.0
G0 Z1.0 F3000.0
DISPENSE MM=0.045 SPEED=30.0 RELATIVE=1
WAIT S=0.001
G0 Z0.025 F3000.0 ;position for liquid contact
G0 Z1.0 F5000.0
G0 X75.0 Y83.0 F5000.0
G0 Z1.0 F3000.0
DISPENSE MM=0.045 SPEED=30.0 RELATIVE=1
WAIT S=0.001
G0 Z0.025 F3000.0 ;position for liquid contact
G0 Z1.0 F5000.0
G0 X77.0 Y83.0 F5000.0
G0 Z1.0 F3000.0
DISPENSE MM=0.045 SPEED=30.0 RELATIVE=1
WAIT S=0.001
G0 Z0.025 F3000.0 ;position for liquid contact
G0 Z1.0 F5000.0
G0 X79.0 Y83.0 F5000.0
G0 Z1.0 F3000.0
DISPENSE MM=0.045 SPEED=30.0 RELATIVE=1
WAIT S=0.001
G0 Z0.025 F3000.0 ;position for liquid contact
G0 Z1.0 F5000.0
G0 X81.0 Y83.0 F5000.0
G0 Z1.0 F3000.0
DISPENSE MM=0.045 SPEED=30.0 RELATIVE=1
WAIT S=0.001
G0 Z0.025 F3000.0 ;position for liquid contact
G0 Z1.0 F5000.0
G0 X83.0 Y83.0 F5000.0
G0 Z1.0 F3000.0
DISPENSE MM=0.045 SPEED=30.0 RELATIVE=1
WAIT S=0.001
G0 Z0.025 F3000.0 ;position for liquid contact
G0 Z1.0 F5000.0
G0 X85.0 Y83.0 F5000.0
G0 Z1.0 F3000.0
DISPENSE MM=0.045 SPEED=30.0 RELATIVE=1
WAIT S=0.001
G0 Z0.025 F3000.0 ;position for liquid contact
G0 Z1.0 F5000.0
G0 X87.0 Y83.0 F5000.0
G0 Z1.0 F3000.0
DISPENSE MM=0.045 SPEED=30.0 RELATIVE=1
WAIT S=0.001
G0 Z0.025 F3000.0 ;position for liquid contact
G0 Z1.0 F5000.0
G0 X89.0 Y83.0 F5000.0
G0 Z1.0 F3000.0
DISPENSE MM=0.045 SPEED=30.0 RELATIVE=1
WAIT S=0.001
G0 Z0.025 F3000.0 ;position for liquid contact
G0 Z1.0 F5000.0
G0 X91.0 Y83.0 F5000.0
G0 Z1.0 F3000.0
DISPENSE MM=0.045 SPEED=30.0 RELATIVE=1
WAIT S=0.001
G0 Z0.025 F3000.0 ;position for liquid contact
G0 Z1.0 F5000.0
G0 X93.0 Y83.0 F5000.0
G0 Z1.0 F3000.0
DISPENSE MM=0.045 SPEED=30.0 RELATIVE=1
WAIT S=0.001
G0 Z0.025 F3000.0 ;position for liquid contact
G0 Z1.0 F5000.0
G0 X95.0 Y83.0 F5000.0
G0 Z1.0 F3000.0
DISPENSE MM=0.045 SPEED=30.0 RELATIVE=1
WAIT S=0.001
G0 Z0.025 F3000.0 ;position for liquid contact
G0 Z1.0 F5000.0
G0 X97.0 Y83.0 F5000.0
G0 Z1.0 F3000.0
DISPENSE MM=0.045 SPEED=30.0 RELATIVE=1
WAIT S=0.001
G0 Z0.025 F3000.0 ;position for liquid contact
G0 Z1.0 F5000.0
G0 X39.0 Y85.0 F5000.0
G0 Z1.0 F3000.0
WAIT S=0.2
DISPENSE MM=0.045 SPEED=30.0 RELATIVE=1
WAIT S=0.001
G0 Z0.025 F3000.0 ;position for liquid contact
G0 Z1.0 F5000.0
G0 X41.0 Y85.0 F5000.0
G0 Z1.0 F3000.0
DISPENSE MM=0.045 SPEED=30.0 RELATIVE=1
WAIT S=0.001
G0 Z0.025 F3000.0 ;position for liquid contact
G0 Z1.0 F5000.0
G0 X43.0 Y85.0 F5000.0
G0 Z1.0 F3000.0
DISPENSE MM=0.045 SPEED=30.0 RELATIVE=1
WAIT S=0.001
G0 Z0.025 F3000.0 ;position for liquid contact
G0 Z1.0 F5000.0
G0 X45.0 Y85.0 F5000.0
G0 Z1.0 F3000.0
DISPENSE MM=0.045 SPEED=30.0 RELATIVE=1
WAIT S=0.001
G0 Z0.025 F3000.0 ;position for liquid contact
G0 Z1.0 F5000.0
G0 X47.0 Y85.0 F5000.0
G0 Z1.0 F3000.0
DISPENSE MM=0.045 SPEED=30.0 RELATIVE=1
WAIT S=0.001
G0 Z0.025 F3000.0 ;position for liquid contact
G0 Z1.0 F5000.0
G0 X49.0 Y85.0 F5000.0
G0 Z1.0 F3000.0
DISPENSE MM=0.045 SPEED=30.0 RELATIVE=1
WAIT S=0.001
G0 Z0.025 F3000.0 ;position for liquid contact
G0 Z1.0 F5000.0
G0 X51.0 Y85.0 F5000.0
G0 Z1.0 F3000.0
DISPENSE MM=0.045 SPEED=30.0 RELATIVE=1
WAIT S=0.001
G0 Z0.025 F3000.0 ;position for liquid contact
G0 Z1.0 F5000.0
G0 X53.0 Y85.0 F5000.0
G0 Z1.0 F3000.0
DISPENSE MM=0.045 SPEED=30.0 RELATIVE=1
WAIT S=0.001
G0 Z0.025 F3000.0 ;position for liquid contact
G0 Z1.0 F5000.0
G0 X55.0 Y85.0 F5000.0
G0 Z1.0 F3000.0
DISPENSE MM=0.045 SPEED=30.0 RELATIVE=1
WAIT S=0.001
G0 Z0.025 F3000.0 ;position for liquid contact
G0 Z1.0 F5000.0
G0 X57.0 Y85.0 F5000.0
G0 Z1.0 F3000.0
DISPENSE MM=0.045 SPEED=30.0 RELATIVE=1
WAIT S=0.001
G0 Z0.025 F3000.0 ;position for liquid contact
G0 Z1.0 F5000.0
G0 X59.0 Y85.0 F5000.0
G0 Z1.0 F3000.0
DISPENSE MM=0.045 SPEED=30.0 RELATIVE=1
WAIT S=0.001
G0 Z0.025 F3000.0 ;position for liquid contact
G0 Z1.0 F5000.0
G0 X61.0 Y85.0 F5000.0
G0 Z1.0 F3000.0
DISPENSE MM=0.045 SPEED=30.0 RELATIVE=1
WAIT S=0.001
G0 Z0.025 F3000.0 ;position for liquid contact
G0 Z1.0 F5000.0
G0 X63.0 Y85.0 F5000.0
G0 Z1.0 F3000.0
DISPENSE MM=0.045 SPEED=30.0 RELATIVE=1
WAIT S=0.001
G0 Z0.025 F3000.0 ;position for liquid contact
G0 Z1.0 F5000.0
G0 X65.0 Y85.0 F5000.0
G0 Z1.0 F3000.0
DISPENSE MM=0.045 SPEED=30.0 RELATIVE=1
WAIT S=0.001
G0 Z0.025 F3000.0 ;position for liquid contact
G0 Z1.0 F5000.0
G0 X67.0 Y85.0 F5000.0
G0 Z1.0 F3000.0
DISPENSE MM=0.045 SPEED=30.0 RELATIVE=1
WAIT S=0.001
G0 Z0.025 F3000.0 ;position for liquid contact
G0 Z1.0 F5000.0
G0 X69.0 Y85.0 F5000.0
G0 Z1.0 F3000.0
DISPENSE MM=0.045 SPEED=30.0 RELATIVE=1
WAIT S=0.001
G0 Z0.025 F3000.0 ;position for liquid contact
G0 Z1.0 F5000.0
G0 X71.0 Y85.0 F5000.0
G0 Z1.0 F3000.0
DISPENSE MM=0.045 SPEED=30.0 RELATIVE=1
WAIT S=0.001
G0 Z0.025 F3000.0 ;position for liquid contact
G0 Z1.0 F5000.0
G0 X73.0 Y85.0 F5000.0
G0 Z1.0 F3000.0
DISPENSE MM=0.045 SPEED=30.0 RELATIVE=1
WAIT S=0.001
G0 Z0.025 F3000.0 ;position for liquid contact
G0 Z1.0 F5000.0
G0 X75.0 Y85.0 F5000.0
G0 Z1.0 F3000.0
DISPENSE MM=0.045 SPEED=30.0 RELATIVE=1
WAIT S=0.001
G0 Z0.025 F3000.0 ;position for liquid contact
G0 Z1.0 F5000.0
G0 X77.0 Y85.0 F5000.0
G0 Z1.0 F3000.0
DISPENSE MM=0.045 SPEED=30.0 RELATIVE=1
WAIT S=0.001
G0 Z0.025 F3000.0 ;position for liquid contact
G0 Z1.0 F5000.0
G0 X79.0 Y85.0 F5000.0
G0 Z1.0 F3000.0
DISPENSE MM=0.045 SPEED=30.0 RELATIVE=1
WAIT S=0.001
G0 Z0.025 F3000.0 ;position for liquid contact
G0 Z1.0 F5000.0
G0 X81.0 Y85.0 F5000.0
G0 Z1.0 F3000.0
DISPENSE MM=0.045 SPEED=30.0 RELATIVE=1
WAIT S=0.001
G0 Z0.025 F3000.0 ;position for liquid contact
G0 Z1.0 F5000.0
G0 X83.0 Y85.0 F5000.0
G0 Z1.0 F3000.0
DISPENSE MM=0.045 SPEED=30.0 RELATIVE=1
WAIT S=0.001
G0 Z0.025 F3000.0 ;position for liquid contact
G0 Z1.0 F5000.0
G0 X85.0 Y85.0 F5000.0
G0 Z1.0 F3000.0
DISPENSE MM=0.045 SPEED=30.0 RELATIVE=1
WAIT S=0.001
G0 Z0.025 F3000.0 ;position for liquid contact
G0 Z1.0 F5000.0
G0 X87.0 Y85.0 F5000.0
G0 Z1.0 F3000.0
DISPENSE MM=0.045 SPEED=30.0 RELATIVE=1
WAIT S=0.001
G0 Z0.025 F3000.0 ;position for liquid contact
G0 Z1.0 F5000.0
G0 X89.0 Y85.0 F5000.0
G0 Z1.0 F3000.0
DISPENSE MM=0.045 SPEED=30.0 RELATIVE=1
WAIT S=0.001
G0 Z0.025 F3000.0 ;position for liquid contact
G0 Z1.0 F5000.0
G0 X91.0 Y85.0 F5000.0
G0 Z1.0 F3000.0
DISPENSE MM=0.045 SPEED=30.0 RELATIVE=1
WAIT S=0.001
G0 Z0.025 F3000.0 ;position for liquid contact
G0 Z1.0 F5000.0
G0 X93.0 Y85.0 F5000.0
G0 Z1.0 F3000.0
DISPENSE MM=0.045 SPEED=30.0 RELATIVE=1
WAIT S=0.001
G0 Z0.025 F3000.0 ;position for liquid contact
G0 Z1.0 F5000.0
G0 X95.0 Y85.0 F5000.0
G0 Z1.0 F3000.0
DISPENSE MM=0.045 SPEED=30.0 RELATIVE=1
WAIT S=0.001
G0 Z0.025 F3000.0 ;position for liquid contact
G0 Z1.0 F5000.0
G0 X97.0 Y85.0 F5000.0
G0 Z1.0 F3000.0
DISPENSE MM=0.045 SPEED=30.0 RELATIVE=1
WAIT S=0.001
G0 Z0.025 F3000.0 ;position for liquid contact
G0 Z1.0 F5000.0
G0 X39.0 Y87.0 F5000.0
G0 Z1.0 F3000.0
WAIT S=0.2
DISPENSE MM=0.045 SPEED=30.0 RELATIVE=1
WAIT S=0.001
G0 Z0.025 F3000.0 ;position for liquid contact
G0 Z1.0 F5000.0
G0 X41.0 Y87.0 F5000.0
G0 Z1.0 F3000.0
DISPENSE MM=0.045 SPEED=30.0 RELATIVE=1
WAIT S=0.001
G0 Z0.025 F3000.0 ;position for liquid contact
G0 Z1.0 F5000.0
G0 X43.0 Y87.0 F5000.0
G0 Z1.0 F3000.0
DISPENSE MM=0.045 SPEED=30.0 RELATIVE=1
WAIT S=0.001
G0 Z0.025 F3000.0 ;position for liquid contact
G0 Z1.0 F5000.0
G0 X45.0 Y87.0 F5000.0
G0 Z1.0 F3000.0
DISPENSE MM=0.045 SPEED=30.0 RELATIVE=1
WAIT S=0.001
G0 Z0.025 F3000.0 ;position for liquid contact
G0 Z1.0 F5000.0
G0 X47.0 Y87.0 F5000.0
G0 Z1.0 F3000.0
DISPENSE MM=0.045 SPEED=30.0 RELATIVE=1
WAIT S=0.001
G0 Z0.025 F3000.0 ;position for liquid contact
G0 Z1.0 F5000.0
G0 X49.0 Y87.0 F5000.0
G0 Z1.0 F3000.0
DISPENSE MM=0.045 SPEED=30.0 RELATIVE=1
WAIT S=0.001
G0 Z0.025 F3000.0 ;position for liquid contact
G0 Z1.0 F5000.0
G0 X51.0 Y87.0 F5000.0
G0 Z1.0 F3000.0
DISPENSE MM=0.045 SPEED=30.0 RELATIVE=1
WAIT S=0.001
G0 Z0.025 F3000.0 ;position for liquid contact
G0 Z1.0 F5000.0
G0 X53.0 Y87.0 F5000.0
G0 Z1.0 F3000.0
DISPENSE MM=0.045 SPEED=30.0 RELATIVE=1
WAIT S=0.001
G0 Z0.025 F3000.0 ;position for liquid contact
G0 Z1.0 F5000.0
G0 X55.0 Y87.0 F5000.0
G0 Z1.0 F3000.0
DISPENSE MM=0.045 SPEED=30.0 RELATIVE=1
WAIT S=0.001
G0 Z0.025 F3000.0 ;position for liquid contact
G0 Z1.0 F5000.0
G0 X57.0 Y87.0 F5000.0
G0 Z1.0 F3000.0
DISPENSE MM=0.045 SPEED=30.0 RELATIVE=1
WAIT S=0.001
G0 Z0.025 F3000.0 ;position for liquid contact
G0 Z1.0 F5000.0
G0 X59.0 Y87.0 F5000.0
G0 Z1.0 F3000.0
DISPENSE MM=0.045 SPEED=30.0 RELATIVE=1
WAIT S=0.001
G0 Z0.025 F3000.0 ;position for liquid contact
G0 Z1.0 F5000.0
G0 X61.0 Y87.0 F5000.0
G0 Z1.0 F3000.0
DISPENSE MM=0.045 SPEED=30.0 RELATIVE=1
WAIT S=0.001
G0 Z0.025 F3000.0 ;position for liquid contact
G0 Z1.0 F5000.0
G0 X63.0 Y87.0 F5000.0
G0 Z1.0 F3000.0
DISPENSE MM=0.045 SPEED=30.0 RELATIVE=1
WAIT S=0.001
G0 Z0.025 F3000.0 ;position for liquid contact
G0 Z1.0 F5000.0
G0 X65.0 Y87.0 F5000.0
G0 Z1.0 F3000.0
DISPENSE MM=0.045 SPEED=30.0 RELATIVE=1
WAIT S=0.001
G0 Z0.025 F3000.0 ;position for liquid contact
G0 Z1.0 F5000.0
G0 X67.0 Y87.0 F5000.0
G0 Z1.0 F3000.0
DISPENSE MM=0.045 SPEED=30.0 RELATIVE=1
WAIT S=0.001
G0 Z0.025 F3000.0 ;position for liquid contact
G0 Z1.0 F5000.0
G0 X69.0 Y87.0 F5000.0
G0 Z1.0 F3000.0
DISPENSE MM=0.045 SPEED=30.0 RELATIVE=1
WAIT S=0.001
G0 Z0.025 F3000.0 ;position for liquid contact
G0 Z1.0 F5000.0
G0 X71.0 Y87.0 F5000.0
G0 Z1.0 F3000.0
DISPENSE MM=0.045 SPEED=30.0 RELATIVE=1
WAIT S=0.001
G0 Z0.025 F3000.0 ;position for liquid contact
G0 Z1.0 F5000.0
G0 X73.0 Y87.0 F5000.0
G0 Z1.0 F3000.0
DISPENSE MM=0.045 SPEED=30.0 RELATIVE=1
WAIT S=0.001
G0 Z0.025 F3000.0 ;position for liquid contact
G0 Z1.0 F5000.0
G0 X75.0 Y87.0 F5000.0
G0 Z1.0 F3000.0
DISPENSE MM=0.045 SPEED=30.0 RELATIVE=1
WAIT S=0.001
G0 Z0.025 F3000.0 ;position for liquid contact
G0 Z1.0 F5000.0
G0 X77.0 Y87.0 F5000.0
G0 Z1.0 F3000.0
DISPENSE MM=0.045 SPEED=30.0 RELATIVE=1
WAIT S=0.001
G0 Z0.025 F3000.0 ;position for liquid contact
G0 Z1.0 F5000.0
G0 X79.0 Y87.0 F5000.0
G0 Z1.0 F3000.0
DISPENSE MM=0.045 SPEED=30.0 RELATIVE=1
WAIT S=0.001
G0 Z0.025 F3000.0 ;position for liquid contact
G0 Z1.0 F5000.0
G0 X81.0 Y87.0 F5000.0
G0 Z1.0 F3000.0
DISPENSE MM=0.045 SPEED=30.0 RELATIVE=1
WAIT S=0.001
G0 Z0.025 F3000.0 ;position for liquid contact
G0 Z1.0 F5000.0
G0 X83.0 Y87.0 F5000.0
G0 Z1.0 F3000.0
DISPENSE MM=0.045 SPEED=30.0 RELATIVE=1
WAIT S=0.001
G0 Z0.025 F3000.0 ;position for liquid contact
G0 Z1.0 F5000.0
G0 X85.0 Y87.0 F5000.0
G0 Z1.0 F3000.0
DISPENSE MM=0.045 SPEED=30.0 RELATIVE=1
WAIT S=0.001
G0 Z0.025 F3000.0 ;position for liquid contact
G0 Z1.0 F5000.0
G0 X87.0 Y87.0 F5000.0
G0 Z1.0 F3000.0
DISPENSE MM=0.045 SPEED=30.0 RELATIVE=1
WAIT S=0.001
G0 Z0.025 F3000.0 ;position for liquid contact
G0 Z1.0 F5000.0
G0 X89.0 Y87.0 F5000.0
G0 Z1.0 F3000.0
DISPENSE MM=0.045 SPEED=30.0 RELATIVE=1
WAIT S=0.001
G0 Z0.025 F3000.0 ;position for liquid contact
G0 Z1.0 F5000.0
G0 X91.0 Y87.0 F5000.0
G0 Z1.0 F3000.0
DISPENSE MM=0.045 SPEED=30.0 RELATIVE=1
WAIT S=0.001
G0 Z0.025 F3000.0 ;position for liquid contact
G0 Z1.0 F5000.0
G0 X93.0 Y87.0 F5000.0
G0 Z1.0 F3000.0
DISPENSE MM=0.045 SPEED=30.0 RELATIVE=1
WAIT S=0.001
G0 Z0.025 F3000.0 ;position for liquid contact
G0 Z1.0 F5000.0
G0 X95.0 Y87.0 F5000.0
G0 Z1.0 F3000.0
DISPENSE MM=0.045 SPEED=30.0 RELATIVE=1
WAIT S=0.001
G0 Z0.025 F3000.0 ;position for liquid contact
G0 Z1.0 F5000.0
G0 X97.0 Y87.0 F5000.0
G0 Z1.0 F3000.0
DISPENSE MM=0.045 SPEED=30.0 RELATIVE=1
WAIT S=0.001
G0 Z0.025 F3000.0 ;position for liquid contact
G0 Z1.0 F5000.0
G0 X39.0 Y89.0 F5000.0
G0 Z1.0 F3000.0
WAIT S=0.2
DISPENSE MM=0.045 SPEED=30.0 RELATIVE=1
WAIT S=0.001
G0 Z0.025 F3000.0 ;position for liquid contact
G0 Z1.0 F5000.0
G0 X41.0 Y89.0 F5000.0
G0 Z1.0 F3000.0
DISPENSE MM=0.045 SPEED=30.0 RELATIVE=1
WAIT S=0.001
G0 Z0.025 F3000.0 ;position for liquid contact
G0 Z1.0 F5000.0
G0 X43.0 Y89.0 F5000.0
G0 Z1.0 F3000.0
DISPENSE MM=0.045 SPEED=30.0 RELATIVE=1
WAIT S=0.001
G0 Z0.025 F3000.0 ;position for liquid contact
G0 Z1.0 F5000.0
G0 X45.0 Y89.0 F5000.0
G0 Z1.0 F3000.0
DISPENSE MM=0.045 SPEED=30.0 RELATIVE=1
WAIT S=0.001
G0 Z0.025 F3000.0 ;position for liquid contact
G0 Z1.0 F5000.0
G0 X47.0 Y89.0 F5000.0
G0 Z1.0 F3000.0
DISPENSE MM=0.045 SPEED=30.0 RELATIVE=1
WAIT S=0.001
G0 Z0.025 F3000.0 ;position for liquid contact
G0 Z1.0 F5000.0
G0 X49.0 Y89.0 F5000.0
G0 Z1.0 F3000.0
DISPENSE MM=0.045 SPEED=30.0 RELATIVE=1
WAIT S=0.001
G0 Z0.025 F3000.0 ;position for liquid contact
G0 Z1.0 F5000.0
G0 X51.0 Y89.0 F5000.0
G0 Z1.0 F3000.0
DISPENSE MM=0.045 SPEED=30.0 RELATIVE=1
WAIT S=0.001
G0 Z0.025 F3000.0 ;position for liquid contact
G0 Z1.0 F5000.0
G0 X53.0 Y89.0 F5000.0
G0 Z1.0 F3000.0
DISPENSE MM=0.045 SPEED=30.0 RELATIVE=1
WAIT S=0.001
G0 Z0.025 F3000.0 ;position for liquid contact
G0 Z1.0 F5000.0
G0 X55.0 Y89.0 F5000.0
G0 Z1.0 F3000.0
DISPENSE MM=0.045 SPEED=30.0 RELATIVE=1
WAIT S=0.001
G0 Z0.025 F3000.0 ;position for liquid contact
G0 Z1.0 F5000.0
G0 X57.0 Y89.0 F5000.0
G0 Z1.0 F3000.0
DISPENSE MM=0.045 SPEED=30.0 RELATIVE=1
WAIT S=0.001
G0 Z0.025 F3000.0 ;position for liquid contact
G0 Z1.0 F5000.0
G0 X59.0 Y89.0 F5000.0
G0 Z1.0 F3000.0
DISPENSE MM=0.045 SPEED=30.0 RELATIVE=1
WAIT S=0.001
G0 Z0.025 F3000.0 ;position for liquid contact
G0 Z1.0 F5000.0
G0 X61.0 Y89.0 F5000.0
G0 Z1.0 F3000.0
DISPENSE MM=0.045 SPEED=30.0 RELATIVE=1
WAIT S=0.001
G0 Z0.025 F3000.0 ;position for liquid contact
G0 Z1.0 F5000.0
G0 X63.0 Y89.0 F5000.0
G0 Z1.0 F3000.0
DISPENSE MM=0.045 SPEED=30.0 RELATIVE=1
WAIT S=0.001
G0 Z0.025 F3000.0 ;position for liquid contact
G0 Z1.0 F5000.0
G0 X65.0 Y89.0 F5000.0
G0 Z1.0 F3000.0
DISPENSE MM=0.045 SPEED=30.0 RELATIVE=1
WAIT S=0.001
G0 Z0.025 F3000.0 ;position for liquid contact
G0 Z1.0 F5000.0
G0 X67.0 Y89.0 F5000.0
G0 Z1.0 F3000.0
DISPENSE MM=0.045 SPEED=30.0 RELATIVE=1
WAIT S=0.001
G0 Z0.025 F3000.0 ;position for liquid contact
G0 Z1.0 F5000.0
G0 X69.0 Y89.0 F5000.0
G0 Z1.0 F3000.0
DISPENSE MM=0.045 SPEED=30.0 RELATIVE=1
WAIT S=0.001
G0 Z0.025 F3000.0 ;position for liquid contact
G0 Z1.0 F5000.0
G0 X71.0 Y89.0 F5000.0
G0 Z1.0 F3000.0
DISPENSE MM=0.045 SPEED=30.0 RELATIVE=1
WAIT S=0.001
G0 Z0.025 F3000.0 ;position for liquid contact
G0 Z1.0 F5000.0
G0 X73.0 Y89.0 F5000.0
G0 Z1.0 F3000.0
DISPENSE MM=0.045 SPEED=30.0 RELATIVE=1
WAIT S=0.001
G0 Z0.025 F3000.0 ;position for liquid contact
G0 Z1.0 F5000.0
G0 X75.0 Y89.0 F5000.0
G0 Z1.0 F3000.0
DISPENSE MM=0.045 SPEED=30.0 RELATIVE=1
WAIT S=0.001
G0 Z0.025 F3000.0 ;position for liquid contact
G0 Z1.0 F5000.0
G0 X77.0 Y89.0 F5000.0
G0 Z1.0 F3000.0
DISPENSE MM=0.045 SPEED=30.0 RELATIVE=1
WAIT S=0.001
G0 Z0.025 F3000.0 ;position for liquid contact
G0 Z1.0 F5000.0
G0 X79.0 Y89.0 F5000.0
G0 Z1.0 F3000.0
DISPENSE MM=0.045 SPEED=30.0 RELATIVE=1
WAIT S=0.001
G0 Z0.025 F3000.0 ;position for liquid contact
G0 Z1.0 F5000.0
G0 X81.0 Y89.0 F5000.0
G0 Z1.0 F3000.0
DISPENSE MM=0.045 SPEED=30.0 RELATIVE=1
WAIT S=0.001
G0 Z0.025 F3000.0 ;position for liquid contact
G0 Z1.0 F5000.0
G0 X83.0 Y89.0 F5000.0
G0 Z1.0 F3000.0
DISPENSE MM=0.045 SPEED=30.0 RELATIVE=1
WAIT S=0.001
G0 Z0.025 F3000.0 ;position for liquid contact
G0 Z1.0 F5000.0
G0 X85.0 Y89.0 F5000.0
G0 Z1.0 F3000.0
DISPENSE MM=0.045 SPEED=30.0 RELATIVE=1
WAIT S=0.001
G0 Z0.025 F3000.0 ;position for liquid contact
G0 Z1.0 F5000.0
G0 X87.0 Y89.0 F5000.0
G0 Z1.0 F3000.0
DISPENSE MM=0.045 SPEED=30.0 RELATIVE=1
WAIT S=0.001
G0 Z0.025 F3000.0 ;position for liquid contact
G0 Z1.0 F5000.0
G0 X89.0 Y89.0 F5000.0
G0 Z1.0 F3000.0
DISPENSE MM=0.045 SPEED=30.0 RELATIVE=1
WAIT S=0.001
G0 Z0.025 F3000.0 ;position for liquid contact
G0 Z1.0 F5000.0
G0 X91.0 Y89.0 F5000.0
G0 Z1.0 F3000.0
DISPENSE MM=0.045 SPEED=30.0 RELATIVE=1
WAIT S=0.001
G0 Z0.025 F3000.0 ;position for liquid contact
G0 Z1.0 F5000.0
G0 X93.0 Y89.0 F5000.0
G0 Z1.0 F3000.0
DISPENSE MM=0.045 SPEED=30.0 RELATIVE=1
WAIT S=0.001
G0 Z0.025 F3000.0 ;position for liquid contact
G0 Z1.0 F5000.0
G0 X95.0 Y89.0 F5000.0
G0 Z1.0 F3000.0
DISPENSE MM=0.045 SPEED=30.0 RELATIVE=1
WAIT S=0.001
G0 Z0.025 F3000.0 ;position for liquid contact
G0 Z1.0 F5000.0
G0 X97.0 Y89.0 F5000.0
G0 Z1.0 F3000.0
DISPENSE MM=0.045 SPEED=30.0 RELATIVE=1
WAIT S=0.001
G0 Z0.025 F3000.0 ;position for liquid contact
G0 Z1.0 F5000.0
G0 X39.0 Y91.0 F5000.0
G0 Z1.0 F3000.0
WAIT S=0.2
DISPENSE MM=0.045 SPEED=30.0 RELATIVE=1
WAIT S=0.001
G0 Z0.025 F3000.0 ;position for liquid contact
G0 Z1.0 F5000.0
G0 X41.0 Y91.0 F5000.0
G0 Z1.0 F3000.0
DISPENSE MM=0.045 SPEED=30.0 RELATIVE=1
WAIT S=0.001
G0 Z0.025 F3000.0 ;position for liquid contact
G0 Z1.0 F5000.0
G0 X43.0 Y91.0 F5000.0
G0 Z1.0 F3000.0
DISPENSE MM=0.045 SPEED=30.0 RELATIVE=1
WAIT S=0.001
G0 Z0.025 F3000.0 ;position for liquid contact
G0 Z1.0 F5000.0
G0 X45.0 Y91.0 F5000.0
G0 Z1.0 F3000.0
DISPENSE MM=0.045 SPEED=30.0 RELATIVE=1
WAIT S=0.001
G0 Z0.025 F3000.0 ;position for liquid contact
G0 Z1.0 F5000.0
G0 X47.0 Y91.0 F5000.0
G0 Z1.0 F3000.0
DISPENSE MM=0.045 SPEED=30.0 RELATIVE=1
WAIT S=0.001
G0 Z0.025 F3000.0 ;position for liquid contact
G0 Z1.0 F5000.0
G0 X49.0 Y91.0 F5000.0
G0 Z1.0 F3000.0
DISPENSE MM=0.045 SPEED=30.0 RELATIVE=1
WAIT S=0.001
G0 Z0.025 F3000.0 ;position for liquid contact
G0 Z1.0 F5000.0
G0 X51.0 Y91.0 F5000.0
G0 Z1.0 F3000.0
DISPENSE MM=0.045 SPEED=30.0 RELATIVE=1
WAIT S=0.001
G0 Z0.025 F3000.0 ;position for liquid contact
G0 Z1.0 F5000.0
G0 X53.0 Y91.0 F5000.0
G0 Z1.0 F3000.0
DISPENSE MM=0.045 SPEED=30.0 RELATIVE=1
WAIT S=0.001
G0 Z0.025 F3000.0 ;position for liquid contact
G0 Z1.0 F5000.0
G0 X55.0 Y91.0 F5000.0
G0 Z1.0 F3000.0
DISPENSE MM=0.045 SPEED=30.0 RELATIVE=1
WAIT S=0.001
G0 Z0.025 F3000.0 ;position for liquid contact
G0 Z1.0 F5000.0
G0 X57.0 Y91.0 F5000.0
G0 Z1.0 F3000.0
DISPENSE MM=0.045 SPEED=30.0 RELATIVE=1
WAIT S=0.001
G0 Z0.025 F3000.0 ;position for liquid contact
G0 Z1.0 F5000.0
G0 X59.0 Y91.0 F5000.0
G0 Z1.0 F3000.0
DISPENSE MM=0.045 SPEED=30.0 RELATIVE=1
WAIT S=0.001
G0 Z0.025 F3000.0 ;position for liquid contact
G0 Z1.0 F5000.0
G0 X61.0 Y91.0 F5000.0
G0 Z1.0 F3000.0
DISPENSE MM=0.045 SPEED=30.0 RELATIVE=1
WAIT S=0.001
G0 Z0.025 F3000.0 ;position for liquid contact
G0 Z1.0 F5000.0
G0 X63.0 Y91.0 F5000.0
G0 Z1.0 F3000.0
DISPENSE MM=0.045 SPEED=30.0 RELATIVE=1
WAIT S=0.001
G0 Z0.025 F3000.0 ;position for liquid contact
G0 Z1.0 F5000.0
G0 X65.0 Y91.0 F5000.0
G0 Z1.0 F3000.0
DISPENSE MM=0.045 SPEED=30.0 RELATIVE=1
WAIT S=0.001
G0 Z0.025 F3000.0 ;position for liquid contact
G0 Z1.0 F5000.0
G0 X67.0 Y91.0 F5000.0
G0 Z1.0 F3000.0
DISPENSE MM=0.045 SPEED=30.0 RELATIVE=1
WAIT S=0.001
G0 Z0.025 F3000.0 ;position for liquid contact
G0 Z1.0 F5000.0
G0 X69.0 Y91.0 F5000.0
G0 Z1.0 F3000.0
DISPENSE MM=0.045 SPEED=30.0 RELATIVE=1
WAIT S=0.001
G0 Z0.025 F3000.0 ;position for liquid contact
G0 Z1.0 F5000.0
G0 X71.0 Y91.0 F5000.0
G0 Z1.0 F3000.0
DISPENSE MM=0.045 SPEED=30.0 RELATIVE=1
WAIT S=0.001
G0 Z0.025 F3000.0 ;position for liquid contact
G0 Z1.0 F5000.0
G0 X73.0 Y91.0 F5000.0
G0 Z1.0 F3000.0
DISPENSE MM=0.045 SPEED=30.0 RELATIVE=1
WAIT S=0.001
G0 Z0.025 F3000.0 ;position for liquid contact
G0 Z1.0 F5000.0
G0 X75.0 Y91.0 F5000.0
G0 Z1.0 F3000.0
DISPENSE MM=0.045 SPEED=30.0 RELATIVE=1
WAIT S=0.001
G0 Z0.025 F3000.0 ;position for liquid contact
G0 Z1.0 F5000.0
G0 X77.0 Y91.0 F5000.0
G0 Z1.0 F3000.0
DISPENSE MM=0.045 SPEED=30.0 RELATIVE=1
WAIT S=0.001
G0 Z0.025 F3000.0 ;position for liquid contact
G0 Z1.0 F5000.0
G0 X79.0 Y91.0 F5000.0
G0 Z1.0 F3000.0
DISPENSE MM=0.045 SPEED=30.0 RELATIVE=1
WAIT S=0.001
G0 Z0.025 F3000.0 ;position for liquid contact
G0 Z1.0 F5000.0
G0 X81.0 Y91.0 F5000.0
G0 Z1.0 F3000.0
DISPENSE MM=0.045 SPEED=30.0 RELATIVE=1
WAIT S=0.001
G0 Z0.025 F3000.0 ;position for liquid contact
G0 Z1.0 F5000.0
G0 X83.0 Y91.0 F5000.0
G0 Z1.0 F3000.0
DISPENSE MM=0.045 SPEED=30.0 RELATIVE=1
WAIT S=0.001
G0 Z0.025 F3000.0 ;position for liquid contact
G0 Z1.0 F5000.0
G0 X85.0 Y91.0 F5000.0
G0 Z1.0 F3000.0
DISPENSE MM=0.045 SPEED=30.0 RELATIVE=1
WAIT S=0.001
G0 Z0.025 F3000.0 ;position for liquid contact
G0 Z1.0 F5000.0
G0 X87.0 Y91.0 F5000.0
G0 Z1.0 F3000.0
DISPENSE MM=0.045 SPEED=30.0 RELATIVE=1
WAIT S=0.001
G0 Z0.025 F3000.0 ;position for liquid contact
G0 Z1.0 F5000.0
G0 X89.0 Y91.0 F5000.0
G0 Z1.0 F3000.0
DISPENSE MM=0.045 SPEED=30.0 RELATIVE=1
WAIT S=0.001
G0 Z0.025 F3000.0 ;position for liquid contact
G0 Z1.0 F5000.0
G0 X91.0 Y91.0 F5000.0
G0 Z1.0 F3000.0
DISPENSE MM=0.045 SPEED=30.0 RELATIVE=1
WAIT S=0.001
G0 Z0.025 F3000.0 ;position for liquid contact
G0 Z1.0 F5000.0
G0 X93.0 Y91.0 F5000.0
G0 Z1.0 F3000.0
DISPENSE MM=0.045 SPEED=30.0 RELATIVE=1
WAIT S=0.001
G0 Z0.025 F3000.0 ;position for liquid contact
G0 Z1.0 F5000.0
G0 X95.0 Y91.0 F5000.0
G0 Z1.0 F3000.0
DISPENSE MM=0.045 SPEED=30.0 RELATIVE=1
WAIT S=0.001
G0 Z0.025 F3000.0 ;position for liquid contact
G0 Z1.0 F5000.0
G0 X97.0 Y91.0 F5000.0
G0 Z1.0 F3000.0
DISPENSE MM=0.045 SPEED=30.0 RELATIVE=1
WAIT S=0.001
G0 Z0.025 F3000.0 ;position for liquid contact
G0 Z1.0 F5000.0
G0 X39.0 Y93.0 F5000.0
G0 Z1.0 F3000.0
WAIT S=0.2
DISPENSE MM=0.045 SPEED=30.0 RELATIVE=1
WAIT S=0.001
G0 Z0.025 F3000.0 ;position for liquid contact
G0 Z1.0 F5000.0
G0 X41.0 Y93.0 F5000.0
G0 Z1.0 F3000.0
DISPENSE MM=0.045 SPEED=30.0 RELATIVE=1
WAIT S=0.001
G0 Z0.025 F3000.0 ;position for liquid contact
G0 Z1.0 F5000.0
G0 X43.0 Y93.0 F5000.0
G0 Z1.0 F3000.0
DISPENSE MM=0.045 SPEED=30.0 RELATIVE=1
WAIT S=0.001
G0 Z0.025 F3000.0 ;position for liquid contact
G0 Z1.0 F5000.0
G0 X45.0 Y93.0 F5000.0
G0 Z1.0 F3000.0
DISPENSE MM=0.045 SPEED=30.0 RELATIVE=1
WAIT S=0.001
G0 Z0.025 F3000.0 ;position for liquid contact
G0 Z1.0 F5000.0
G0 X47.0 Y93.0 F5000.0
G0 Z1.0 F3000.0
DISPENSE MM=0.045 SPEED=30.0 RELATIVE=1
WAIT S=0.001
G0 Z0.025 F3000.0 ;position for liquid contact
G0 Z1.0 F5000.0
G0 X49.0 Y93.0 F5000.0
G0 Z1.0 F3000.0
DISPENSE MM=0.045 SPEED=30.0 RELATIVE=1
WAIT S=0.001
G0 Z0.025 F3000.0 ;position for liquid contact
G0 Z1.0 F5000.0
G0 X51.0 Y93.0 F5000.0
G0 Z1.0 F3000.0
DISPENSE MM=0.045 SPEED=30.0 RELATIVE=1
WAIT S=0.001
G0 Z0.025 F3000.0 ;position for liquid contact
G0 Z1.0 F5000.0
G0 X53.0 Y93.0 F5000.0
G0 Z1.0 F3000.0
DISPENSE MM=0.045 SPEED=30.0 RELATIVE=1
WAIT S=0.001
G0 Z0.025 F3000.0 ;position for liquid contact
G0 Z1.0 F5000.0
G0 X55.0 Y93.0 F5000.0
G0 Z1.0 F3000.0
DISPENSE MM=0.045 SPEED=30.0 RELATIVE=1
WAIT S=0.001
G0 Z0.025 F3000.0 ;position for liquid contact
G0 Z1.0 F5000.0
G0 X57.0 Y93.0 F5000.0
G0 Z1.0 F3000.0
DISPENSE MM=0.045 SPEED=30.0 RELATIVE=1
WAIT S=0.001
G0 Z0.025 F3000.0 ;position for liquid contact
G0 Z1.0 F5000.0
G0 X59.0 Y93.0 F5000.0
G0 Z1.0 F3000.0
DISPENSE MM=0.045 SPEED=30.0 RELATIVE=1
WAIT S=0.001
G0 Z0.025 F3000.0 ;position for liquid contact
G0 Z1.0 F5000.0
G0 X61.0 Y93.0 F5000.0
G0 Z1.0 F3000.0
DISPENSE MM=0.045 SPEED=30.0 RELATIVE=1
WAIT S=0.001
G0 Z0.025 F3000.0 ;position for liquid contact
G0 Z1.0 F5000.0
G0 X63.0 Y93.0 F5000.0
G0 Z1.0 F3000.0
DISPENSE MM=0.045 SPEED=30.0 RELATIVE=1
WAIT S=0.001
G0 Z0.025 F3000.0 ;position for liquid contact
G0 Z1.0 F5000.0
G0 X65.0 Y93.0 F5000.0
G0 Z1.0 F3000.0
DISPENSE MM=0.045 SPEED=30.0 RELATIVE=1
WAIT S=0.001
G0 Z0.025 F3000.0 ;position for liquid contact
G0 Z1.0 F5000.0
G0 X67.0 Y93.0 F5000.0
G0 Z1.0 F3000.0
DISPENSE MM=0.045 SPEED=30.0 RELATIVE=1
WAIT S=0.001
G0 Z0.025 F3000.0 ;position for liquid contact
G0 Z1.0 F5000.0
G0 X69.0 Y93.0 F5000.0
G0 Z1.0 F3000.0
DISPENSE MM=0.045 SPEED=30.0 RELATIVE=1
WAIT S=0.001
G0 Z0.025 F3000.0 ;position for liquid contact
G0 Z1.0 F5000.0
G0 X71.0 Y93.0 F5000.0
G0 Z1.0 F3000.0
DISPENSE MM=0.045 SPEED=30.0 RELATIVE=1
WAIT S=0.001
G0 Z0.025 F3000.0 ;position for liquid contact
G0 Z1.0 F5000.0
G0 X73.0 Y93.0 F5000.0
G0 Z1.0 F3000.0
DISPENSE MM=0.045 SPEED=30.0 RELATIVE=1
WAIT S=0.001
G0 Z0.025 F3000.0 ;position for liquid contact
G0 Z1.0 F5000.0
G0 X75.0 Y93.0 F5000.0
G0 Z1.0 F3000.0
DISPENSE MM=0.045 SPEED=30.0 RELATIVE=1
WAIT S=0.001
G0 Z0.025 F3000.0 ;position for liquid contact
G0 Z1.0 F5000.0
G0 X77.0 Y93.0 F5000.0
G0 Z1.0 F3000.0
DISPENSE MM=0.045 SPEED=30.0 RELATIVE=1
WAIT S=0.001
G0 Z0.025 F3000.0 ;position for liquid contact
G0 Z1.0 F5000.0
G0 X79.0 Y93.0 F5000.0
G0 Z1.0 F3000.0
DISPENSE MM=0.045 SPEED=30.0 RELATIVE=1
WAIT S=0.001
G0 Z0.025 F3000.0 ;position for liquid contact
G0 Z1.0 F5000.0
G0 X81.0 Y93.0 F5000.0
G0 Z1.0 F3000.0
DISPENSE MM=0.045 SPEED=30.0 RELATIVE=1
WAIT S=0.001
G0 Z0.025 F3000.0 ;position for liquid contact
G0 Z1.0 F5000.0
G0 X83.0 Y93.0 F5000.0
G0 Z1.0 F3000.0
DISPENSE MM=0.045 SPEED=30.0 RELATIVE=1
WAIT S=0.001
G0 Z0.025 F3000.0 ;position for liquid contact
G0 Z1.0 F5000.0
G0 X85.0 Y93.0 F5000.0
G0 Z1.0 F3000.0
DISPENSE MM=0.045 SPEED=30.0 RELATIVE=1
WAIT S=0.001
G0 Z0.025 F3000.0 ;position for liquid contact
G0 Z1.0 F5000.0
G0 X87.0 Y93.0 F5000.0
G0 Z1.0 F3000.0
DISPENSE MM=0.045 SPEED=30.0 RELATIVE=1
WAIT S=0.001
G0 Z0.025 F3000.0 ;position for liquid contact
G0 Z1.0 F5000.0
G0 X89.0 Y93.0 F5000.0
G0 Z1.0 F3000.0
DISPENSE MM=0.045 SPEED=30.0 RELATIVE=1
WAIT S=0.001
G0 Z0.025 F3000.0 ;position for liquid contact
G0 Z1.0 F5000.0
G0 X91.0 Y93.0 F5000.0
G0 Z1.0 F3000.0
DISPENSE MM=0.045 SPEED=30.0 RELATIVE=1
WAIT S=0.001
G0 Z0.025 F3000.0 ;position for liquid contact
G0 Z1.0 F5000.0
G0 X93.0 Y93.0 F5000.0
G0 Z1.0 F3000.0
DISPENSE MM=0.045 SPEED=30.0 RELATIVE=1
WAIT S=0.001
G0 Z0.025 F3000.0 ;position for liquid contact
G0 Z1.0 F5000.0
G0 X95.0 Y93.0 F5000.0
G0 Z1.0 F3000.0
DISPENSE MM=0.045 SPEED=30.0 RELATIVE=1
WAIT S=0.001
G0 Z0.025 F3000.0 ;position for liquid contact
G0 Z1.0 F5000.0
G0 X97.0 Y93.0 F5000.0
G0 Z1.0 F3000.0
DISPENSE MM=0.045 SPEED=30.0 RELATIVE=1
WAIT S=0.001
G0 Z0.025 F3000.0 ;position for liquid contact
G0 Z1.0 F5000.0
G0 X39.0 Y95.0 F5000.0
G0 Z1.0 F3000.0
WAIT S=0.2
DISPENSE MM=0.045 SPEED=30.0 RELATIVE=1
WAIT S=0.001
G0 Z0.025 F3000.0 ;position for liquid contact
G0 Z1.0 F5000.0
G0 X41.0 Y95.0 F5000.0
G0 Z1.0 F3000.0
DISPENSE MM=0.045 SPEED=30.0 RELATIVE=1
WAIT S=0.001
G0 Z0.025 F3000.0 ;position for liquid contact
G0 Z1.0 F5000.0
G0 X43.0 Y95.0 F5000.0
G0 Z1.0 F3000.0
DISPENSE MM=0.045 SPEED=30.0 RELATIVE=1
WAIT S=0.001
G0 Z0.025 F3000.0 ;position for liquid contact
G0 Z1.0 F5000.0
G0 X45.0 Y95.0 F5000.0
G0 Z1.0 F3000.0
DISPENSE MM=0.045 SPEED=30.0 RELATIVE=1
WAIT S=0.001
G0 Z0.025 F3000.0 ;position for liquid contact
G0 Z1.0 F5000.0
G0 X47.0 Y95.0 F5000.0
G0 Z1.0 F3000.0
DISPENSE MM=0.045 SPEED=30.0 RELATIVE=1
WAIT S=0.001
G0 Z0.025 F3000.0 ;position for liquid contact
G0 Z1.0 F5000.0
G0 X49.0 Y95.0 F5000.0
G0 Z1.0 F3000.0
DISPENSE MM=0.045 SPEED=30.0 RELATIVE=1
WAIT S=0.001
G0 Z0.025 F3000.0 ;position for liquid contact
G0 Z1.0 F5000.0
G0 X51.0 Y95.0 F5000.0
G0 Z1.0 F3000.0
DISPENSE MM=0.045 SPEED=30.0 RELATIVE=1
WAIT S=0.001
G0 Z0.025 F3000.0 ;position for liquid contact
G0 Z1.0 F5000.0
G0 X53.0 Y95.0 F5000.0
G0 Z1.0 F3000.0
DISPENSE MM=0.045 SPEED=30.0 RELATIVE=1
WAIT S=0.001
G0 Z0.025 F3000.0 ;position for liquid contact
G0 Z1.0 F5000.0
G0 X55.0 Y95.0 F5000.0
G0 Z1.0 F3000.0
DISPENSE MM=0.045 SPEED=30.0 RELATIVE=1
WAIT S=0.001
G0 Z0.025 F3000.0 ;position for liquid contact
G0 Z1.0 F5000.0
G0 X57.0 Y95.0 F5000.0
G0 Z1.0 F3000.0
DISPENSE MM=0.045 SPEED=30.0 RELATIVE=1
WAIT S=0.001
G0 Z0.025 F3000.0 ;position for liquid contact
G0 Z1.0 F5000.0
G0 X59.0 Y95.0 F5000.0
G0 Z1.0 F3000.0
DISPENSE MM=0.045 SPEED=30.0 RELATIVE=1
WAIT S=0.001
G0 Z0.025 F3000.0 ;position for liquid contact
G0 Z1.0 F5000.0
G0 X61.0 Y95.0 F5000.0
G0 Z1.0 F3000.0
DISPENSE MM=0.045 SPEED=30.0 RELATIVE=1
WAIT S=0.001
G0 Z0.025 F3000.0 ;position for liquid contact
G0 Z1.0 F5000.0
G0 X63.0 Y95.0 F5000.0
G0 Z1.0 F3000.0
DISPENSE MM=0.045 SPEED=30.0 RELATIVE=1
WAIT S=0.001
G0 Z0.025 F3000.0 ;position for liquid contact
G0 Z1.0 F5000.0
G0 X65.0 Y95.0 F5000.0
G0 Z1.0 F3000.0
DISPENSE MM=0.045 SPEED=30.0 RELATIVE=1
WAIT S=0.001
G0 Z0.025 F3000.0 ;position for liquid contact
G0 Z1.0 F5000.0
G0 X67.0 Y95.0 F5000.0
G0 Z1.0 F3000.0
DISPENSE MM=0.045 SPEED=30.0 RELATIVE=1
WAIT S=0.001
G0 Z0.025 F3000.0 ;position for liquid contact
G0 Z1.0 F5000.0
G0 X69.0 Y95.0 F5000.0
G0 Z1.0 F3000.0
DISPENSE MM=0.045 SPEED=30.0 RELATIVE=1
WAIT S=0.001
G0 Z0.025 F3000.0 ;position for liquid contact
G0 Z1.0 F5000.0
G0 X71.0 Y95.0 F5000.0
G0 Z1.0 F3000.0
DISPENSE MM=0.045 SPEED=30.0 RELATIVE=1
WAIT S=0.001
G0 Z0.025 F3000.0 ;position for liquid contact
G0 Z1.0 F5000.0
G0 X73.0 Y95.0 F5000.0
G0 Z1.0 F3000.0
DISPENSE MM=0.045 SPEED=30.0 RELATIVE=1
WAIT S=0.001
G0 Z0.025 F3000.0 ;position for liquid contact
G0 Z1.0 F5000.0
G0 X75.0 Y95.0 F5000.0
G0 Z1.0 F3000.0
DISPENSE MM=0.045 SPEED=30.0 RELATIVE=1
WAIT S=0.001
G0 Z0.025 F3000.0 ;position for liquid contact
G0 Z1.0 F5000.0
G0 X77.0 Y95.0 F5000.0
G0 Z1.0 F3000.0
DISPENSE MM=0.045 SPEED=30.0 RELATIVE=1
WAIT S=0.001
G0 Z0.025 F3000.0 ;position for liquid contact
G0 Z1.0 F5000.0
G0 X79.0 Y95.0 F5000.0
G0 Z1.0 F3000.0
DISPENSE MM=0.045 SPEED=30.0 RELATIVE=1
WAIT S=0.001
G0 Z0.025 F3000.0 ;position for liquid contact
G0 Z1.0 F5000.0
G0 X81.0 Y95.0 F5000.0
G0 Z1.0 F3000.0
DISPENSE MM=0.045 SPEED=30.0 RELATIVE=1
WAIT S=0.001
G0 Z0.025 F3000.0 ;position for liquid contact
G0 Z1.0 F5000.0
G0 X83.0 Y95.0 F5000.0
G0 Z1.0 F3000.0
DISPENSE MM=0.045 SPEED=30.0 RELATIVE=1
WAIT S=0.001
G0 Z0.025 F3000.0 ;position for liquid contact
G0 Z1.0 F5000.0
G0 X85.0 Y95.0 F5000.0
G0 Z1.0 F3000.0
DISPENSE MM=0.045 SPEED=30.0 RELATIVE=1
WAIT S=0.001
G0 Z0.025 F3000.0 ;position for liquid contact
G0 Z1.0 F5000.0
G0 X87.0 Y95.0 F5000.0
G0 Z1.0 F3000.0
DISPENSE MM=0.045 SPEED=30.0 RELATIVE=1
WAIT S=0.001
G0 Z0.025 F3000.0 ;position for liquid contact
G0 Z1.0 F5000.0
G0 X89.0 Y95.0 F5000.0
G0 Z1.0 F3000.0
DISPENSE MM=0.045 SPEED=30.0 RELATIVE=1
WAIT S=0.001
G0 Z0.025 F3000.0 ;position for liquid contact
G0 Z1.0 F5000.0
G0 X91.0 Y95.0 F5000.0
G0 Z1.0 F3000.0
DISPENSE MM=0.045 SPEED=30.0 RELATIVE=1
WAIT S=0.001
G0 Z0.025 F3000.0 ;position for liquid contact
G0 Z1.0 F5000.0
G0 X93.0 Y95.0 F5000.0
G0 Z1.0 F3000.0
DISPENSE MM=0.045 SPEED=30.0 RELATIVE=1
WAIT S=0.001
G0 Z0.025 F3000.0 ;position for liquid contact
G0 Z1.0 F5000.0
G0 X95.0 Y95.0 F5000.0
G0 Z1.0 F3000.0
DISPENSE MM=0.045 SPEED=30.0 RELATIVE=1
WAIT S=0.001
G0 Z0.025 F3000.0 ;position for liquid contact
G0 Z1.0 F5000.0
G0 X97.0 Y95.0 F5000.0
G0 Z1.0 F3000.0
DISPENSE MM=0.045 SPEED=30.0 RELATIVE=1
WAIT S=0.001
G0 Z0.025 F3000.0 ;position for liquid contact
G0 Z1.0 F5000.0

; Washing sequence
G0 Z40.0 F5000
G0 X221.0 Y116.0 F5000
G0 Z-5.0 F500
G0 X222.0 F2000.0
G0 X221.0 F2000.0
G0 X222.0 F2000.0
G0 X221.0 F2000.0
G0 X222.0 F2000.0
G0 X221.0 F2000.0
G0 X222.0 F2000.0
G0 X221.0 F2000.0
G0 X222.0 F2000.0
G0 X221.0 F2000.0
G0 X222.0 F2000.0
G0 X221.0 F2000.0
G0 X222.0 F2000.0
G0 X221.0 F2000.0
G0 X222.0 F2000.0
G0 X221.0 F2000.0
G0 X222.0 F2000.0
G0 X221.0 F2000.0
G0 X222.0 F2000.0
G0 X221.0 F2000.0
G0 X222.0 F2000.0
G0 X221.0 F2000.0
G0 X222.0 F2000.0
G0 X221.0 F2000.0
G0 X222.0 F2000.0
G0 X221.0 F2000.0
G0 X222.0 F2000.0
G0 X221.0 F2000.0
G0 X222.0 F2000.0
G0 X221.0 F2000.0
G0 X222.0 F2000.0
G0 X221.0 F2000.0
G0 X222.0 F2000.0
G0 X221.0 F2000.0
G0 X222.0 F2000.0
G0 X221.0 F2000.0
G0 X222.0 F2000.0
G0 X221.0 F2000.0
G0 X222.0 F2000.0
G0 X221.0 F2000.0
G0 X222.0 F2000.0
G0 X221.0 F2000.0
G0 X222.0 F2000.0
G0 X221.0 F2000.0
G0 X222.0 F2000.0
G0 X221.0 F2000.0
G0 X222.0 F2000.0
G0 X221.0 F2000.0
G0 X222.0 F2000.0
G0 X221.0 F2000.0
G0 X222.0 F2000.0
G0 X221.0 F2000.0
G0 X222.0 F2000.0
G0 X221.0 F2000.0
G0 X222.0 F2000.0
G0 X221.0 F2000.0
G0 X222.0 F2000.0
G0 X221.0 F2000.0
G0 X222.0 F2000.0
G0 X221.0 F2000.0
G0 X222.0 F2000.0
G0 X221.0 F2000.0
G0 X222.0 F2000.0
G0 X221.0 F2000.0
G0 X222.0 F2000.0
G0 X221.0 F2000.0
G0 X222.0 F2000.0
G0 X221.0 F2000.0
G0 X222.0 F2000.0
G0 X221.0 F2000.0
G0 X222.0 F2000.0
G0 X221.0 F2000.0
G0 X222.0 F2000.0
G0 X221.0 F2000.0
G0 X222.0 F2000.0
G0 X221.0 F2000.0
G0 X222.0 F2000.0
G0 X221.0 F2000.0
G0 X222.0 F2000.0
G0 X221.0 F2000.0
G0 X222.0 F2000.0
G0 X221.0 F2000.0
G0 X222.0 F2000.0
G0 X221.0 F2000.0
G0 X222.0 F2000.0
G0 X221.0 F2000.0
G0 X222.0 F2000.0
G0 X221.0 F2000.0
G0 X222.0 F2000.0
G0 X221.0 F2000.0
G0 X222.0 F2000.0
G0 X221.0 F2000.0
G0 X222.0 F2000.0
G0 X221.0 F2000.0
G0 X222.0 F2000.0
G0 X221.0 F2000.0
G0 X222.0 F2000.0
G0 X221.0 F2000.0
G0 X222.0 F2000.0
G0 X221.0 F2000.0
G0 Z40.0 F5000


; Create cleaning sequence
G0 X39.0 Y52.0 F5000
WAIT S=0.2
DISPENSE MM=0.125 SPEED=500 RELATIVE=1
G0 Z0.025 F500 ;position for liquid contact
G0 Z1.0 F5000
G0 X42.0 Y52.0 F5000
DISPENSE MM=0.125 SPEED=500 RELATIVE=1
G0 Z0.025 F500 ;position for liquid contact
G0 Z1.0 F5000
G0 X45.0 Y52.0 F5000
DISPENSE MM=0.125 SPEED=500 RELATIVE=1
G0 Z0.025 F500 ;position for liquid contact
G0 Z1.0 F5000
G0 X48.0 Y52.0 F5000
DISPENSE MM=0.125 SPEED=500 RELATIVE=1
G0 Z0.025 F500 ;position for liquid contact
G0 Z1.0 F5000
G0 X51.0 Y52.0 F5000
DISPENSE MM=0.125 SPEED=500 RELATIVE=1
G0 Z0.025 F500 ;position for liquid contact
G0 Z1.0 F5000
G0 X54.0 Y52.0 F5000
DISPENSE MM=0.125 SPEED=500 RELATIVE=1
G0 Z0.025 F500 ;position for liquid contact
G0 Z1.0 F5000
G0 X57.0 Y52.0 F5000
DISPENSE MM=0.125 SPEED=500 RELATIVE=1
G0 Z0.025 F500 ;position for liquid contact
G0 Z1.0 F5000
G0 X60.0 Y52.0 F5000
DISPENSE MM=0.125 SPEED=500 RELATIVE=1
G0 Z0.025 F500 ;position for liquid contact
G0 Z1.0 F5000
G0 X63.0 Y52.0 F5000
DISPENSE MM=0.125 SPEED=500 RELATIVE=1
G0 Z0.025 F500 ;position for liquid contact
G0 Z1.0 F5000
G0 X66.0 Y52.0 F5000
DISPENSE MM=0.125 SPEED=500 RELATIVE=1
G0 Z0.025 F500 ;position for liquid contact
G0 Z1.0 F5000
G0 X39.0 Y54.0 F5000
WAIT S=0.2
DISPENSE MM=0.125 SPEED=500 RELATIVE=1
G0 Z0.025 F500 ;position for liquid contact
G0 Z1.0 F5000
G0 X42.0 Y54.0 F5000
DISPENSE MM=0.125 SPEED=500 RELATIVE=1
G0 Z0.025 F500 ;position for liquid contact
G0 Z1.0 F5000
G0 X45.0 Y54.0 F5000
DISPENSE MM=0.125 SPEED=500 RELATIVE=1
G0 Z0.025 F500 ;position for liquid contact
G0 Z1.0 F5000
G0 X48.0 Y54.0 F5000
DISPENSE MM=0.125 SPEED=500 RELATIVE=1
G0 Z0.025 F500 ;position for liquid contact
G0 Z1.0 F5000
G0 X51.0 Y54.0 F5000
DISPENSE MM=0.125 SPEED=500 RELATIVE=1
G0 Z0.025 F500 ;position for liquid contact
G0 Z1.0 F5000
G0 X54.0 Y54.0 F5000
DISPENSE MM=0.125 SPEED=500 RELATIVE=1
G0 Z0.025 F500 ;position for liquid contact
G0 Z1.0 F5000
G0 X57.0 Y54.0 F5000
DISPENSE MM=0.125 SPEED=500 RELATIVE=1
G0 Z0.025 F500 ;position for liquid contact
G0 Z1.0 F5000
G0 X60.0 Y54.0 F5000
DISPENSE MM=0.125 SPEED=500 RELATIVE=1
G0 Z0.025 F500 ;position for liquid contact
G0 Z1.0 F5000
G0 X63.0 Y54.0 F5000
DISPENSE MM=0.125 SPEED=500 RELATIVE=1
G0 Z0.025 F500 ;position for liquid contact
G0 Z1.0 F5000
G0 X66.0 Y54.0 F5000
DISPENSE MM=0.125 SPEED=500 RELATIVE=1
G0 Z0.025 F500 ;position for liquid contact
G0 Z1.0 F5000
G0 Z40.0 F5000
G0 X39.0 Y97.0 F5000.0
G0 Z1.0 F3000.0
WAIT S=0.2
DISPENSE MM=0.045 SPEED=30.0 RELATIVE=1
WAIT S=0.001
G0 Z0.025 F3000.0 ;position for liquid contact
G0 Z1.0 F5000.0
G0 X41.0 Y97.0 F5000.0
G0 Z1.0 F3000.0
DISPENSE MM=0.045 SPEED=30.0 RELATIVE=1
WAIT S=0.001
G0 Z0.025 F3000.0 ;position for liquid contact
G0 Z1.0 F5000.0
G0 X43.0 Y97.0 F5000.0
G0 Z1.0 F3000.0
DISPENSE MM=0.045 SPEED=30.0 RELATIVE=1
WAIT S=0.001
G0 Z0.025 F3000.0 ;position for liquid contact
G0 Z1.0 F5000.0
G0 X45.0 Y97.0 F5000.0
G0 Z1.0 F3000.0
DISPENSE MM=0.045 SPEED=30.0 RELATIVE=1
WAIT S=0.001
G0 Z0.025 F3000.0 ;position for liquid contact
G0 Z1.0 F5000.0
G0 X47.0 Y97.0 F5000.0
G0 Z1.0 F3000.0
DISPENSE MM=0.045 SPEED=30.0 RELATIVE=1
WAIT S=0.001
G0 Z0.025 F3000.0 ;position for liquid contact
G0 Z1.0 F5000.0
G0 X49.0 Y97.0 F5000.0
G0 Z1.0 F3000.0
DISPENSE MM=0.045 SPEED=30.0 RELATIVE=1
WAIT S=0.001
G0 Z0.025 F3000.0 ;position for liquid contact
G0 Z1.0 F5000.0
G0 X51.0 Y97.0 F5000.0
G0 Z1.0 F3000.0
DISPENSE MM=0.045 SPEED=30.0 RELATIVE=1
WAIT S=0.001
G0 Z0.025 F3000.0 ;position for liquid contact
G0 Z1.0 F5000.0
G0 X53.0 Y97.0 F5000.0
G0 Z1.0 F3000.0
DISPENSE MM=0.045 SPEED=30.0 RELATIVE=1
WAIT S=0.001
G0 Z0.025 F3000.0 ;position for liquid contact
G0 Z1.0 F5000.0
G0 X55.0 Y97.0 F5000.0
G0 Z1.0 F3000.0
DISPENSE MM=0.045 SPEED=30.0 RELATIVE=1
WAIT S=0.001
G0 Z0.025 F3000.0 ;position for liquid contact
G0 Z1.0 F5000.0
G0 X57.0 Y97.0 F5000.0
G0 Z1.0 F3000.0
DISPENSE MM=0.045 SPEED=30.0 RELATIVE=1
WAIT S=0.001
G0 Z0.025 F3000.0 ;position for liquid contact
G0 Z1.0 F5000.0
G0 X59.0 Y97.0 F5000.0
G0 Z1.0 F3000.0
DISPENSE MM=0.045 SPEED=30.0 RELATIVE=1
WAIT S=0.001
G0 Z0.025 F3000.0 ;position for liquid contact
G0 Z1.0 F5000.0
G0 X61.0 Y97.0 F5000.0
G0 Z1.0 F3000.0
DISPENSE MM=0.045 SPEED=30.0 RELATIVE=1
WAIT S=0.001
G0 Z0.025 F3000.0 ;position for liquid contact
G0 Z1.0 F5000.0
G0 X63.0 Y97.0 F5000.0
G0 Z1.0 F3000.0
DISPENSE MM=0.045 SPEED=30.0 RELATIVE=1
WAIT S=0.001
G0 Z0.025 F3000.0 ;position for liquid contact
G0 Z1.0 F5000.0
G0 X65.0 Y97.0 F5000.0
G0 Z1.0 F3000.0
DISPENSE MM=0.045 SPEED=30.0 RELATIVE=1
WAIT S=0.001
G0 Z0.025 F3000.0 ;position for liquid contact
G0 Z1.0 F5000.0
G0 X67.0 Y97.0 F5000.0
G0 Z1.0 F3000.0
DISPENSE MM=0.045 SPEED=30.0 RELATIVE=1
WAIT S=0.001
G0 Z0.025 F3000.0 ;position for liquid contact
G0 Z1.0 F5000.0
G0 X69.0 Y97.0 F5000.0
G0 Z1.0 F3000.0
DISPENSE MM=0.045 SPEED=30.0 RELATIVE=1
WAIT S=0.001
G0 Z0.025 F3000.0 ;position for liquid contact
G0 Z1.0 F5000.0
G0 X71.0 Y97.0 F5000.0
G0 Z1.0 F3000.0
DISPENSE MM=0.045 SPEED=30.0 RELATIVE=1
WAIT S=0.001
G0 Z0.025 F3000.0 ;position for liquid contact
G0 Z1.0 F5000.0
G0 X73.0 Y97.0 F5000.0
G0 Z1.0 F3000.0
DISPENSE MM=0.045 SPEED=30.0 RELATIVE=1
WAIT S=0.001
G0 Z0.025 F3000.0 ;position for liquid contact
G0 Z1.0 F5000.0
G0 X75.0 Y97.0 F5000.0
G0 Z1.0 F3000.0
DISPENSE MM=0.045 SPEED=30.0 RELATIVE=1
WAIT S=0.001
G0 Z0.025 F3000.0 ;position for liquid contact
G0 Z1.0 F5000.0
G0 X77.0 Y97.0 F5000.0
G0 Z1.0 F3000.0
DISPENSE MM=0.045 SPEED=30.0 RELATIVE=1
WAIT S=0.001
G0 Z0.025 F3000.0 ;position for liquid contact
G0 Z1.0 F5000.0
G0 X79.0 Y97.0 F5000.0
G0 Z1.0 F3000.0
DISPENSE MM=0.045 SPEED=30.0 RELATIVE=1
WAIT S=0.001
G0 Z0.025 F3000.0 ;position for liquid contact
G0 Z1.0 F5000.0
G0 X81.0 Y97.0 F5000.0
G0 Z1.0 F3000.0
DISPENSE MM=0.045 SPEED=30.0 RELATIVE=1
WAIT S=0.001
G0 Z0.025 F3000.0 ;position for liquid contact
G0 Z1.0 F5000.0
G0 X83.0 Y97.0 F5000.0
G0 Z1.0 F3000.0
DISPENSE MM=0.045 SPEED=30.0 RELATIVE=1
WAIT S=0.001
G0 Z0.025 F3000.0 ;position for liquid contact
G0 Z1.0 F5000.0
G0 X85.0 Y97.0 F5000.0
G0 Z1.0 F3000.0
DISPENSE MM=0.045 SPEED=30.0 RELATIVE=1
WAIT S=0.001
G0 Z0.025 F3000.0 ;position for liquid contact
G0 Z1.0 F5000.0
G0 X87.0 Y97.0 F5000.0
G0 Z1.0 F3000.0
DISPENSE MM=0.045 SPEED=30.0 RELATIVE=1
WAIT S=0.001
G0 Z0.025 F3000.0 ;position for liquid contact
G0 Z1.0 F5000.0
G0 X89.0 Y97.0 F5000.0
G0 Z1.0 F3000.0
DISPENSE MM=0.045 SPEED=30.0 RELATIVE=1
WAIT S=0.001
G0 Z0.025 F3000.0 ;position for liquid contact
G0 Z1.0 F5000.0
G0 X91.0 Y97.0 F5000.0
G0 Z1.0 F3000.0
DISPENSE MM=0.045 SPEED=30.0 RELATIVE=1
WAIT S=0.001
G0 Z0.025 F3000.0 ;position for liquid contact
G0 Z1.0 F5000.0
G0 X93.0 Y97.0 F5000.0
G0 Z1.0 F3000.0
DISPENSE MM=0.045 SPEED=30.0 RELATIVE=1
WAIT S=0.001
G0 Z0.025 F3000.0 ;position for liquid contact
G0 Z1.0 F5000.0
G0 X95.0 Y97.0 F5000.0
G0 Z1.0 F3000.0
DISPENSE MM=0.045 SPEED=30.0 RELATIVE=1
WAIT S=0.001
G0 Z0.025 F3000.0 ;position for liquid contact
G0 Z1.0 F5000.0
G0 X97.0 Y97.0 F5000.0
G0 Z1.0 F3000.0
DISPENSE MM=0.045 SPEED=30.0 RELATIVE=1
WAIT S=0.001
G0 Z0.025 F3000.0 ;position for liquid contact
G0 Z1.0 F5000.0
G0 X39.0 Y99.0 F5000.0
G0 Z1.0 F3000.0
WAIT S=0.2
DISPENSE MM=0.045 SPEED=30.0 RELATIVE=1
WAIT S=0.001
G0 Z0.025 F3000.0 ;position for liquid contact
G0 Z1.0 F5000.0
G0 X41.0 Y99.0 F5000.0
G0 Z1.0 F3000.0
DISPENSE MM=0.045 SPEED=30.0 RELATIVE=1
WAIT S=0.001
G0 Z0.025 F3000.0 ;position for liquid contact
G0 Z1.0 F5000.0
G0 X43.0 Y99.0 F5000.0
G0 Z1.0 F3000.0
DISPENSE MM=0.045 SPEED=30.0 RELATIVE=1
WAIT S=0.001
G0 Z0.025 F3000.0 ;position for liquid contact
G0 Z1.0 F5000.0
G0 X45.0 Y99.0 F5000.0
G0 Z1.0 F3000.0
DISPENSE MM=0.045 SPEED=30.0 RELATIVE=1
WAIT S=0.001
G0 Z0.025 F3000.0 ;position for liquid contact
G0 Z1.0 F5000.0
G0 X47.0 Y99.0 F5000.0
G0 Z1.0 F3000.0
DISPENSE MM=0.045 SPEED=30.0 RELATIVE=1
WAIT S=0.001
G0 Z0.025 F3000.0 ;position for liquid contact
G0 Z1.0 F5000.0
G0 X49.0 Y99.0 F5000.0
G0 Z1.0 F3000.0
DISPENSE MM=0.045 SPEED=30.0 RELATIVE=1
WAIT S=0.001
G0 Z0.025 F3000.0 ;position for liquid contact
G0 Z1.0 F5000.0
G0 X51.0 Y99.0 F5000.0
G0 Z1.0 F3000.0
DISPENSE MM=0.045 SPEED=30.0 RELATIVE=1
WAIT S=0.001
G0 Z0.025 F3000.0 ;position for liquid contact
G0 Z1.0 F5000.0
G0 X53.0 Y99.0 F5000.0
G0 Z1.0 F3000.0
DISPENSE MM=0.045 SPEED=30.0 RELATIVE=1
WAIT S=0.001
G0 Z0.025 F3000.0 ;position for liquid contact
G0 Z1.0 F5000.0
G0 X55.0 Y99.0 F5000.0
G0 Z1.0 F3000.0
DISPENSE MM=0.045 SPEED=30.0 RELATIVE=1
WAIT S=0.001
G0 Z0.025 F3000.0 ;position for liquid contact
G0 Z1.0 F5000.0
G0 X57.0 Y99.0 F5000.0
G0 Z1.0 F3000.0
DISPENSE MM=0.045 SPEED=30.0 RELATIVE=1
WAIT S=0.001
G0 Z0.025 F3000.0 ;position for liquid contact
G0 Z1.0 F5000.0
G0 X59.0 Y99.0 F5000.0
G0 Z1.0 F3000.0
DISPENSE MM=0.045 SPEED=30.0 RELATIVE=1
WAIT S=0.001
G0 Z0.025 F3000.0 ;position for liquid contact
G0 Z1.0 F5000.0
G0 X61.0 Y99.0 F5000.0
G0 Z1.0 F3000.0
DISPENSE MM=0.045 SPEED=30.0 RELATIVE=1
WAIT S=0.001
G0 Z0.025 F3000.0 ;position for liquid contact
G0 Z1.0 F5000.0
G0 X63.0 Y99.0 F5000.0
G0 Z1.0 F3000.0
DISPENSE MM=0.045 SPEED=30.0 RELATIVE=1
WAIT S=0.001
G0 Z0.025 F3000.0 ;position for liquid contact
G0 Z1.0 F5000.0
G0 X65.0 Y99.0 F5000.0
G0 Z1.0 F3000.0
DISPENSE MM=0.045 SPEED=30.0 RELATIVE=1
WAIT S=0.001
G0 Z0.025 F3000.0 ;position for liquid contact
G0 Z1.0 F5000.0
G0 X67.0 Y99.0 F5000.0
G0 Z1.0 F3000.0
DISPENSE MM=0.045 SPEED=30.0 RELATIVE=1
WAIT S=0.001
G0 Z0.025 F3000.0 ;position for liquid contact
G0 Z1.0 F5000.0
G0 X69.0 Y99.0 F5000.0
G0 Z1.0 F3000.0
DISPENSE MM=0.045 SPEED=30.0 RELATIVE=1
WAIT S=0.001
G0 Z0.025 F3000.0 ;position for liquid contact
G0 Z1.0 F5000.0
G0 X71.0 Y99.0 F5000.0
G0 Z1.0 F3000.0
DISPENSE MM=0.045 SPEED=30.0 RELATIVE=1
WAIT S=0.001
G0 Z0.025 F3000.0 ;position for liquid contact
G0 Z1.0 F5000.0
G0 X73.0 Y99.0 F5000.0
G0 Z1.0 F3000.0
DISPENSE MM=0.045 SPEED=30.0 RELATIVE=1
WAIT S=0.001
G0 Z0.025 F3000.0 ;position for liquid contact
G0 Z1.0 F5000.0
G0 X75.0 Y99.0 F5000.0
G0 Z1.0 F3000.0
DISPENSE MM=0.045 SPEED=30.0 RELATIVE=1
WAIT S=0.001
G0 Z0.025 F3000.0 ;position for liquid contact
G0 Z1.0 F5000.0
G0 X77.0 Y99.0 F5000.0
G0 Z1.0 F3000.0
DISPENSE MM=0.045 SPEED=30.0 RELATIVE=1
WAIT S=0.001
G0 Z0.025 F3000.0 ;position for liquid contact
G0 Z1.0 F5000.0
G0 X79.0 Y99.0 F5000.0
G0 Z1.0 F3000.0
DISPENSE MM=0.045 SPEED=30.0 RELATIVE=1
WAIT S=0.001
G0 Z0.025 F3000.0 ;position for liquid contact
G0 Z1.0 F5000.0
G0 X81.0 Y99.0 F5000.0
G0 Z1.0 F3000.0
DISPENSE MM=0.045 SPEED=30.0 RELATIVE=1
WAIT S=0.001
G0 Z0.025 F3000.0 ;position for liquid contact
G0 Z1.0 F5000.0
G0 X83.0 Y99.0 F5000.0
G0 Z1.0 F3000.0
DISPENSE MM=0.045 SPEED=30.0 RELATIVE=1
WAIT S=0.001
G0 Z0.025 F3000.0 ;position for liquid contact
G0 Z1.0 F5000.0
G0 X85.0 Y99.0 F5000.0
G0 Z1.0 F3000.0
DISPENSE MM=0.045 SPEED=30.0 RELATIVE=1
WAIT S=0.001
G0 Z0.025 F3000.0 ;position for liquid contact
G0 Z1.0 F5000.0
G0 X87.0 Y99.0 F5000.0
G0 Z1.0 F3000.0
DISPENSE MM=0.045 SPEED=30.0 RELATIVE=1
WAIT S=0.001
G0 Z0.025 F3000.0 ;position for liquid contact
G0 Z1.0 F5000.0
G0 X89.0 Y99.0 F5000.0
G0 Z1.0 F3000.0
DISPENSE MM=0.045 SPEED=30.0 RELATIVE=1
WAIT S=0.001
G0 Z0.025 F3000.0 ;position for liquid contact
G0 Z1.0 F5000.0
G0 X91.0 Y99.0 F5000.0
G0 Z1.0 F3000.0
DISPENSE MM=0.045 SPEED=30.0 RELATIVE=1
WAIT S=0.001
G0 Z0.025 F3000.0 ;position for liquid contact
G0 Z1.0 F5000.0
G0 X93.0 Y99.0 F5000.0
G0 Z1.0 F3000.0
DISPENSE MM=0.045 SPEED=30.0 RELATIVE=1
WAIT S=0.001
G0 Z0.025 F3000.0 ;position for liquid contact
G0 Z1.0 F5000.0
G0 X95.0 Y99.0 F5000.0
G0 Z1.0 F3000.0
DISPENSE MM=0.045 SPEED=30.0 RELATIVE=1
WAIT S=0.001
G0 Z0.025 F3000.0 ;position for liquid contact
G0 Z1.0 F5000.0
G0 X97.0 Y99.0 F5000.0
G0 Z1.0 F3000.0
DISPENSE MM=0.045 SPEED=30.0 RELATIVE=1
WAIT S=0.001
G0 Z0.025 F3000.0 ;position for liquid contact
G0 Z1.0 F5000.0
G0 X39.0 Y101.0 F5000.0
G0 Z1.0 F3000.0
WAIT S=0.2
DISPENSE MM=0.045 SPEED=30.0 RELATIVE=1
WAIT S=0.001
G0 Z0.025 F3000.0 ;position for liquid contact
G0 Z1.0 F5000.0
G0 X41.0 Y101.0 F5000.0
G0 Z1.0 F3000.0
DISPENSE MM=0.045 SPEED=30.0 RELATIVE=1
WAIT S=0.001
G0 Z0.025 F3000.0 ;position for liquid contact
G0 Z1.0 F5000.0
G0 X43.0 Y101.0 F5000.0
G0 Z1.0 F3000.0
DISPENSE MM=0.045 SPEED=30.0 RELATIVE=1
WAIT S=0.001
G0 Z0.025 F3000.0 ;position for liquid contact
G0 Z1.0 F5000.0
G0 X45.0 Y101.0 F5000.0
G0 Z1.0 F3000.0
DISPENSE MM=0.045 SPEED=30.0 RELATIVE=1
WAIT S=0.001
G0 Z0.025 F3000.0 ;position for liquid contact
G0 Z1.0 F5000.0
G0 X47.0 Y101.0 F5000.0
G0 Z1.0 F3000.0
DISPENSE MM=0.045 SPEED=30.0 RELATIVE=1
WAIT S=0.001
G0 Z0.025 F3000.0 ;position for liquid contact
G0 Z1.0 F5000.0
G0 X49.0 Y101.0 F5000.0
G0 Z1.0 F3000.0
DISPENSE MM=0.045 SPEED=30.0 RELATIVE=1
WAIT S=0.001
G0 Z0.025 F3000.0 ;position for liquid contact
G0 Z1.0 F5000.0
G0 Z40.0 F5000.0
G0 X221.0 Y66.0 F5000.0
G0 Z-6.0  F3000.0
ASPIRATE MM=50.0 SPEED=1.0; Filling the syringe
WAIT S=10.0
DISPENSE MM=10.0 SPEED=15.0 RELATIVE=1; Prevent backlash the syringe
WAIT S=2.0
G0 Z40.0 F5000.0

; Washing sequence
G0 Z40.0 F5000
G0 X221.0 Y116.0 F5000
G0 Z-5.0 F500
G0 X222.0 F2000.0
G0 X221.0 F2000.0
G0 X222.0 F2000.0
G0 X221.0 F2000.0
G0 X222.0 F2000.0
G0 X221.0 F2000.0
G0 X222.0 F2000.0
G0 X221.0 F2000.0
G0 X222.0 F2000.0
G0 X221.0 F2000.0
G0 X222.0 F2000.0
G0 X221.0 F2000.0
G0 X222.0 F2000.0
G0 X221.0 F2000.0
G0 X222.0 F2000.0
G0 X221.0 F2000.0
G0 X222.0 F2000.0
G0 X221.0 F2000.0
G0 X222.0 F2000.0
G0 X221.0 F2000.0
G0 X222.0 F2000.0
G0 X221.0 F2000.0
G0 X222.0 F2000.0
G0 X221.0 F2000.0
G0 X222.0 F2000.0
G0 X221.0 F2000.0
G0 X222.0 F2000.0
G0 X221.0 F2000.0
G0 X222.0 F2000.0
G0 X221.0 F2000.0
G0 X222.0 F2000.0
G0 X221.0 F2000.0
G0 X222.0 F2000.0
G0 X221.0 F2000.0
G0 X222.0 F2000.0
G0 X221.0 F2000.0
G0 X222.0 F2000.0
G0 X221.0 F2000.0
G0 X222.0 F2000.0
G0 X221.0 F2000.0
G0 X222.0 F2000.0
G0 X221.0 F2000.0
G0 X222.0 F2000.0
G0 X221.0 F2000.0
G0 X222.0 F2000.0
G0 X221.0 F2000.0
G0 X222.0 F2000.0
G0 X221.0 F2000.0
G0 X222.0 F2000.0
G0 X221.0 F2000.0
G0 X222.0 F2000.0
G0 X221.0 F2000.0
G0 X222.0 F2000.0
G0 X221.0 F2000.0
G0 X222.0 F2000.0
G0 X221.0 F2000.0
G0 X222.0 F2000.0
G0 X221.0 F2000.0
G0 X222.0 F2000.0
G0 X221.0 F2000.0
G0 X222.0 F2000.0
G0 X221.0 F2000.0
G0 X222.0 F2000.0
G0 X221.0 F2000.0
G0 X222.0 F2000.0
G0 X221.0 F2000.0
G0 X222.0 F2000.0
G0 X221.0 F2000.0
G0 X222.0 F2000.0
G0 X221.0 F2000.0
G0 X222.0 F2000.0
G0 X221.0 F2000.0
G0 X222.0 F2000.0
G0 X221.0 F2000.0
G0 X222.0 F2000.0
G0 X221.0 F2000.0
G0 X222.0 F2000.0
G0 X221.0 F2000.0
G0 X222.0 F2000.0
G0 X221.0 F2000.0
G0 X222.0 F2000.0
G0 X221.0 F2000.0
G0 X222.0 F2000.0
G0 X221.0 F2000.0
G0 X222.0 F2000.0
G0 X221.0 F2000.0
G0 X222.0 F2000.0
G0 X221.0 F2000.0
G0 X222.0 F2000.0
G0 X221.0 F2000.0
G0 X222.0 F2000.0
G0 X221.0 F2000.0
G0 X222.0 F2000.0
G0 X221.0 F2000.0
G0 X222.0 F2000.0
G0 X221.0 F2000.0
G0 X222.0 F2000.0
G0 X221.0 F2000.0
G0 X222.0 F2000.0
G0 X221.0 F2000.0
G0 Z40.0 F5000


; Create cleaning sequence
G0 X39.0 Y52.0 F5000
WAIT S=0.2
DISPENSE MM=0.125 SPEED=500 RELATIVE=1
G0 Z0.025 F500 ;position for liquid contact
G0 Z1.0 F5000
G0 X42.0 Y52.0 F5000
DISPENSE MM=0.125 SPEED=500 RELATIVE=1
G0 Z0.025 F500 ;position for liquid contact
G0 Z1.0 F5000
G0 X45.0 Y52.0 F5000
DISPENSE MM=0.125 SPEED=500 RELATIVE=1
G0 Z0.025 F500 ;position for liquid contact
G0 Z1.0 F5000
G0 X48.0 Y52.0 F5000
DISPENSE MM=0.125 SPEED=500 RELATIVE=1
G0 Z0.025 F500 ;position for liquid contact
G0 Z1.0 F5000
G0 X51.0 Y52.0 F5000
DISPENSE MM=0.125 SPEED=500 RELATIVE=1
G0 Z0.025 F500 ;position for liquid contact
G0 Z1.0 F5000
G0 X54.0 Y52.0 F5000
DISPENSE MM=0.125 SPEED=500 RELATIVE=1
G0 Z0.025 F500 ;position for liquid contact
G0 Z1.0 F5000
G0 X57.0 Y52.0 F5000
DISPENSE MM=0.125 SPEED=500 RELATIVE=1
G0 Z0.025 F500 ;position for liquid contact
G0 Z1.0 F5000
G0 X60.0 Y52.0 F5000
DISPENSE MM=0.125 SPEED=500 RELATIVE=1
G0 Z0.025 F500 ;position for liquid contact
G0 Z1.0 F5000
G0 X63.0 Y52.0 F5000
DISPENSE MM=0.125 SPEED=500 RELATIVE=1
G0 Z0.025 F500 ;position for liquid contact
G0 Z1.0 F5000
G0 X66.0 Y52.0 F5000
DISPENSE MM=0.125 SPEED=500 RELATIVE=1
G0 Z0.025 F500 ;position for liquid contact
G0 Z1.0 F5000
G0 X39.0 Y54.0 F5000
WAIT S=0.2
DISPENSE MM=0.125 SPEED=500 RELATIVE=1
G0 Z0.025 F500 ;position for liquid contact
G0 Z1.0 F5000
G0 X42.0 Y54.0 F5000
DISPENSE MM=0.125 SPEED=500 RELATIVE=1
G0 Z0.025 F500 ;position for liquid contact
G0 Z1.0 F5000
G0 X45.0 Y54.0 F5000
DISPENSE MM=0.125 SPEED=500 RELATIVE=1
G0 Z0.025 F500 ;position for liquid contact
G0 Z1.0 F5000
G0 X48.0 Y54.0 F5000
DISPENSE MM=0.125 SPEED=500 RELATIVE=1
G0 Z0.025 F500 ;position for liquid contact
G0 Z1.0 F5000
G0 X51.0 Y54.0 F5000
DISPENSE MM=0.125 SPEED=500 RELATIVE=1
G0 Z0.025 F500 ;position for liquid contact
G0 Z1.0 F5000
G0 X54.0 Y54.0 F5000
DISPENSE MM=0.125 SPEED=500 RELATIVE=1
G0 Z0.025 F500 ;position for liquid contact
G0 Z1.0 F5000
G0 X57.0 Y54.0 F5000
DISPENSE MM=0.125 SPEED=500 RELATIVE=1
G0 Z0.025 F500 ;position for liquid contact
G0 Z1.0 F5000
G0 X60.0 Y54.0 F5000
DISPENSE MM=0.125 SPEED=500 RELATIVE=1
G0 Z0.025 F500 ;position for liquid contact
G0 Z1.0 F5000
G0 X63.0 Y54.0 F5000
DISPENSE MM=0.125 SPEED=500 RELATIVE=1
G0 Z0.025 F500 ;position for liquid contact
G0 Z1.0 F5000
G0 X66.0 Y54.0 F5000
DISPENSE MM=0.125 SPEED=500 RELATIVE=1
G0 Z0.025 F500 ;position for liquid contact
G0 Z1.0 F5000
G0 Z40.0 F5000
G0 X51.0 Y101.0 F5000.0
G0 Z1.0 F3000.0
DISPENSE MM=0.045 SPEED=30.0 RELATIVE=1
WAIT S=0.001
G0 Z0.025 F3000.0 ;position for liquid contact
G0 Z1.0 F5000.0
G0 X53.0 Y101.0 F5000.0
G0 Z1.0 F3000.0
DISPENSE MM=0.045 SPEED=30.0 RELATIVE=1
WAIT S=0.001
G0 Z0.025 F3000.0 ;position for liquid contact
G0 Z1.0 F5000.0
G0 X55.0 Y101.0 F5000.0
G0 Z1.0 F3000.0
DISPENSE MM=0.045 SPEED=30.0 RELATIVE=1
WAIT S=0.001
G0 Z0.025 F3000.0 ;position for liquid contact
G0 Z1.0 F5000.0
G0 X57.0 Y101.0 F5000.0
G0 Z1.0 F3000.0
DISPENSE MM=0.045 SPEED=30.0 RELATIVE=1
WAIT S=0.001
G0 Z0.025 F3000.0 ;position for liquid contact
G0 Z1.0 F5000.0
G0 X59.0 Y101.0 F5000.0
G0 Z1.0 F3000.0
DISPENSE MM=0.045 SPEED=30.0 RELATIVE=1
WAIT S=0.001
G0 Z0.025 F3000.0 ;position for liquid contact
G0 Z1.0 F5000.0
G0 X61.0 Y101.0 F5000.0
G0 Z1.0 F3000.0
DISPENSE MM=0.045 SPEED=30.0 RELATIVE=1
WAIT S=0.001
G0 Z0.025 F3000.0 ;position for liquid contact
G0 Z1.0 F5000.0
G0 X63.0 Y101.0 F5000.0
G0 Z1.0 F3000.0
DISPENSE MM=0.045 SPEED=30.0 RELATIVE=1
WAIT S=0.001
G0 Z0.025 F3000.0 ;position for liquid contact
G0 Z1.0 F5000.0
G0 X65.0 Y101.0 F5000.0
G0 Z1.0 F3000.0
DISPENSE MM=0.045 SPEED=30.0 RELATIVE=1
WAIT S=0.001
G0 Z0.025 F3000.0 ;position for liquid contact
G0 Z1.0 F5000.0
G0 X67.0 Y101.0 F5000.0
G0 Z1.0 F3000.0
DISPENSE MM=0.045 SPEED=30.0 RELATIVE=1
WAIT S=0.001
G0 Z0.025 F3000.0 ;position for liquid contact
G0 Z1.0 F5000.0
G0 X69.0 Y101.0 F5000.0
G0 Z1.0 F3000.0
DISPENSE MM=0.045 SPEED=30.0 RELATIVE=1
WAIT S=0.001
G0 Z0.025 F3000.0 ;position for liquid contact
G0 Z1.0 F5000.0
G0 X71.0 Y101.0 F5000.0
G0 Z1.0 F3000.0
DISPENSE MM=0.045 SPEED=30.0 RELATIVE=1
WAIT S=0.001
G0 Z0.025 F3000.0 ;position for liquid contact
G0 Z1.0 F5000.0
G0 X73.0 Y101.0 F5000.0
G0 Z1.0 F3000.0
DISPENSE MM=0.045 SPEED=30.0 RELATIVE=1
WAIT S=0.001
G0 Z0.025 F3000.0 ;position for liquid contact
G0 Z1.0 F5000.0
G0 X75.0 Y101.0 F5000.0
G0 Z1.0 F3000.0
DISPENSE MM=0.045 SPEED=30.0 RELATIVE=1
WAIT S=0.001
G0 Z0.025 F3000.0 ;position for liquid contact
G0 Z1.0 F5000.0
G0 X77.0 Y101.0 F5000.0
G0 Z1.0 F3000.0
DISPENSE MM=0.045 SPEED=30.0 RELATIVE=1
WAIT S=0.001
G0 Z0.025 F3000.0 ;position for liquid contact
G0 Z1.0 F5000.0
G0 X79.0 Y101.0 F5000.0
G0 Z1.0 F3000.0
DISPENSE MM=0.045 SPEED=30.0 RELATIVE=1
WAIT S=0.001
G0 Z0.025 F3000.0 ;position for liquid contact
G0 Z1.0 F5000.0
G0 X81.0 Y101.0 F5000.0
G0 Z1.0 F3000.0
DISPENSE MM=0.045 SPEED=30.0 RELATIVE=1
WAIT S=0.001
G0 Z0.025 F3000.0 ;position for liquid contact
G0 Z1.0 F5000.0
G0 X83.0 Y101.0 F5000.0
G0 Z1.0 F3000.0
DISPENSE MM=0.045 SPEED=30.0 RELATIVE=1
WAIT S=0.001
G0 Z0.025 F3000.0 ;position for liquid contact
G0 Z1.0 F5000.0
G0 X85.0 Y101.0 F5000.0
G0 Z1.0 F3000.0
DISPENSE MM=0.045 SPEED=30.0 RELATIVE=1
WAIT S=0.001
G0 Z0.025 F3000.0 ;position for liquid contact
G0 Z1.0 F5000.0
G0 X87.0 Y101.0 F5000.0
G0 Z1.0 F3000.0
DISPENSE MM=0.045 SPEED=30.0 RELATIVE=1
WAIT S=0.001
G0 Z0.025 F3000.0 ;position for liquid contact
G0 Z1.0 F5000.0
G0 X89.0 Y101.0 F5000.0
G0 Z1.0 F3000.0
DISPENSE MM=0.045 SPEED=30.0 RELATIVE=1
WAIT S=0.001
G0 Z0.025 F3000.0 ;position for liquid contact
G0 Z1.0 F5000.0
G0 X91.0 Y101.0 F5000.0
G0 Z1.0 F3000.0
DISPENSE MM=0.045 SPEED=30.0 RELATIVE=1
WAIT S=0.001
G0 Z0.025 F3000.0 ;position for liquid contact
G0 Z1.0 F5000.0
G0 X93.0 Y101.0 F5000.0
G0 Z1.0 F3000.0
DISPENSE MM=0.045 SPEED=30.0 RELATIVE=1
WAIT S=0.001
G0 Z0.025 F3000.0 ;position for liquid contact
G0 Z1.0 F5000.0
G0 X95.0 Y101.0 F5000.0
G0 Z1.0 F3000.0
DISPENSE MM=0.045 SPEED=30.0 RELATIVE=1
WAIT S=0.001
G0 Z0.025 F3000.0 ;position for liquid contact
G0 Z1.0 F5000.0
G0 X97.0 Y101.0 F5000.0
G0 Z1.0 F3000.0
DISPENSE MM=0.045 SPEED=30.0 RELATIVE=1
WAIT S=0.001
G0 Z0.025 F3000.0 ;position for liquid contact
G0 Z1.0 F5000.0
G0 X39.0 Y103.0 F5000.0
G0 Z1.0 F3000.0
WAIT S=0.2
DISPENSE MM=0.045 SPEED=30.0 RELATIVE=1
WAIT S=0.001
G0 Z0.025 F3000.0 ;position for liquid contact
G0 Z1.0 F5000.0
G0 X41.0 Y103.0 F5000.0
G0 Z1.0 F3000.0
DISPENSE MM=0.045 SPEED=30.0 RELATIVE=1
WAIT S=0.001
G0 Z0.025 F3000.0 ;position for liquid contact
G0 Z1.0 F5000.0
G0 X43.0 Y103.0 F5000.0
G0 Z1.0 F3000.0
DISPENSE MM=0.045 SPEED=30.0 RELATIVE=1
WAIT S=0.001
G0 Z0.025 F3000.0 ;position for liquid contact
G0 Z1.0 F5000.0
G0 X45.0 Y103.0 F5000.0
G0 Z1.0 F3000.0
DISPENSE MM=0.045 SPEED=30.0 RELATIVE=1
WAIT S=0.001
G0 Z0.025 F3000.0 ;position for liquid contact
G0 Z1.0 F5000.0
G0 X47.0 Y103.0 F5000.0
G0 Z1.0 F3000.0
DISPENSE MM=0.045 SPEED=30.0 RELATIVE=1
WAIT S=0.001
G0 Z0.025 F3000.0 ;position for liquid contact
G0 Z1.0 F5000.0
G0 X49.0 Y103.0 F5000.0
G0 Z1.0 F3000.0
DISPENSE MM=0.045 SPEED=30.0 RELATIVE=1
WAIT S=0.001
G0 Z0.025 F3000.0 ;position for liquid contact
G0 Z1.0 F5000.0
G0 X51.0 Y103.0 F5000.0
G0 Z1.0 F3000.0
DISPENSE MM=0.045 SPEED=30.0 RELATIVE=1
WAIT S=0.001
G0 Z0.025 F3000.0 ;position for liquid contact
G0 Z1.0 F5000.0
G0 X53.0 Y103.0 F5000.0
G0 Z1.0 F3000.0
DISPENSE MM=0.045 SPEED=30.0 RELATIVE=1
WAIT S=0.001
G0 Z0.025 F3000.0 ;position for liquid contact
G0 Z1.0 F5000.0
G0 X55.0 Y103.0 F5000.0
G0 Z1.0 F3000.0
DISPENSE MM=0.045 SPEED=30.0 RELATIVE=1
WAIT S=0.001
G0 Z0.025 F3000.0 ;position for liquid contact
G0 Z1.0 F5000.0
G0 X57.0 Y103.0 F5000.0
G0 Z1.0 F3000.0
DISPENSE MM=0.045 SPEED=30.0 RELATIVE=1
WAIT S=0.001
G0 Z0.025 F3000.0 ;position for liquid contact
G0 Z1.0 F5000.0
G0 X59.0 Y103.0 F5000.0
G0 Z1.0 F3000.0
DISPENSE MM=0.045 SPEED=30.0 RELATIVE=1
WAIT S=0.001
G0 Z0.025 F3000.0 ;position for liquid contact
G0 Z1.0 F5000.0
G0 X61.0 Y103.0 F5000.0
G0 Z1.0 F3000.0
DISPENSE MM=0.045 SPEED=30.0 RELATIVE=1
WAIT S=0.001
G0 Z0.025 F3000.0 ;position for liquid contact
G0 Z1.0 F5000.0
G0 X63.0 Y103.0 F5000.0
G0 Z1.0 F3000.0
DISPENSE MM=0.045 SPEED=30.0 RELATIVE=1
WAIT S=0.001
G0 Z0.025 F3000.0 ;position for liquid contact
G0 Z1.0 F5000.0
G0 X65.0 Y103.0 F5000.0
G0 Z1.0 F3000.0
DISPENSE MM=0.045 SPEED=30.0 RELATIVE=1
WAIT S=0.001
G0 Z0.025 F3000.0 ;position for liquid contact
G0 Z1.0 F5000.0
G0 X67.0 Y103.0 F5000.0
G0 Z1.0 F3000.0
DISPENSE MM=0.045 SPEED=30.0 RELATIVE=1
WAIT S=0.001
G0 Z0.025 F3000.0 ;position for liquid contact
G0 Z1.0 F5000.0
G0 X69.0 Y103.0 F5000.0
G0 Z1.0 F3000.0
DISPENSE MM=0.045 SPEED=30.0 RELATIVE=1
WAIT S=0.001
G0 Z0.025 F3000.0 ;position for liquid contact
G0 Z1.0 F5000.0
G0 X71.0 Y103.0 F5000.0
G0 Z1.0 F3000.0
DISPENSE MM=0.045 SPEED=30.0 RELATIVE=1
WAIT S=0.001
G0 Z0.025 F3000.0 ;position for liquid contact
G0 Z1.0 F5000.0
G0 X73.0 Y103.0 F5000.0
G0 Z1.0 F3000.0
DISPENSE MM=0.045 SPEED=30.0 RELATIVE=1
WAIT S=0.001
G0 Z0.025 F3000.0 ;position for liquid contact
G0 Z1.0 F5000.0
G0 X75.0 Y103.0 F5000.0
G0 Z1.0 F3000.0
DISPENSE MM=0.045 SPEED=30.0 RELATIVE=1
WAIT S=0.001
G0 Z0.025 F3000.0 ;position for liquid contact
G0 Z1.0 F5000.0
G0 X77.0 Y103.0 F5000.0
G0 Z1.0 F3000.0
DISPENSE MM=0.045 SPEED=30.0 RELATIVE=1
WAIT S=0.001
G0 Z0.025 F3000.0 ;position for liquid contact
G0 Z1.0 F5000.0
G0 X79.0 Y103.0 F5000.0
G0 Z1.0 F3000.0
DISPENSE MM=0.045 SPEED=30.0 RELATIVE=1
WAIT S=0.001
G0 Z0.025 F3000.0 ;position for liquid contact
G0 Z1.0 F5000.0
G0 X81.0 Y103.0 F5000.0
G0 Z1.0 F3000.0
DISPENSE MM=0.045 SPEED=30.0 RELATIVE=1
WAIT S=0.001
G0 Z0.025 F3000.0 ;position for liquid contact
G0 Z1.0 F5000.0
G0 X83.0 Y103.0 F5000.0
G0 Z1.0 F3000.0
DISPENSE MM=0.045 SPEED=30.0 RELATIVE=1
WAIT S=0.001
G0 Z0.025 F3000.0 ;position for liquid contact
G0 Z1.0 F5000.0
G0 X85.0 Y103.0 F5000.0
G0 Z1.0 F3000.0
DISPENSE MM=0.045 SPEED=30.0 RELATIVE=1
WAIT S=0.001
G0 Z0.025 F3000.0 ;position for liquid contact
G0 Z1.0 F5000.0
G0 X87.0 Y103.0 F5000.0
G0 Z1.0 F3000.0
DISPENSE MM=0.045 SPEED=30.0 RELATIVE=1
WAIT S=0.001
G0 Z0.025 F3000.0 ;position for liquid contact
G0 Z1.0 F5000.0
G0 X89.0 Y103.0 F5000.0
G0 Z1.0 F3000.0
DISPENSE MM=0.045 SPEED=30.0 RELATIVE=1
WAIT S=0.001
G0 Z0.025 F3000.0 ;position for liquid contact
G0 Z1.0 F5000.0
G0 X91.0 Y103.0 F5000.0
G0 Z1.0 F3000.0
DISPENSE MM=0.045 SPEED=30.0 RELATIVE=1
WAIT S=0.001
G0 Z0.025 F3000.0 ;position for liquid contact
G0 Z1.0 F5000.0
G0 X93.0 Y103.0 F5000.0
G0 Z1.0 F3000.0
DISPENSE MM=0.045 SPEED=30.0 RELATIVE=1
WAIT S=0.001
G0 Z0.025 F3000.0 ;position for liquid contact
G0 Z1.0 F5000.0
G0 X95.0 Y103.0 F5000.0
G0 Z1.0 F3000.0
DISPENSE MM=0.045 SPEED=30.0 RELATIVE=1
WAIT S=0.001
G0 Z0.025 F3000.0 ;position for liquid contact
G0 Z1.0 F5000.0
G0 X97.0 Y103.0 F5000.0
G0 Z1.0 F3000.0
DISPENSE MM=0.045 SPEED=30.0 RELATIVE=1
WAIT S=0.001
G0 Z0.025 F3000.0 ;position for liquid contact
G0 Z1.0 F5000.0
G0 X39.0 Y105.0 F5000.0
G0 Z1.0 F3000.0
WAIT S=0.2
DISPENSE MM=0.045 SPEED=30.0 RELATIVE=1
WAIT S=0.001
G0 Z0.025 F3000.0 ;position for liquid contact
G0 Z1.0 F5000.0
G0 X41.0 Y105.0 F5000.0
G0 Z1.0 F3000.0
DISPENSE MM=0.045 SPEED=30.0 RELATIVE=1
WAIT S=0.001
G0 Z0.025 F3000.0 ;position for liquid contact
G0 Z1.0 F5000.0
G0 X43.0 Y105.0 F5000.0
G0 Z1.0 F3000.0
DISPENSE MM=0.045 SPEED=30.0 RELATIVE=1
WAIT S=0.001
G0 Z0.025 F3000.0 ;position for liquid contact
G0 Z1.0 F5000.0
G0 X45.0 Y105.0 F5000.0
G0 Z1.0 F3000.0
DISPENSE MM=0.045 SPEED=30.0 RELATIVE=1
WAIT S=0.001
G0 Z0.025 F3000.0 ;position for liquid contact
G0 Z1.0 F5000.0
G0 X47.0 Y105.0 F5000.0
G0 Z1.0 F3000.0
DISPENSE MM=0.045 SPEED=30.0 RELATIVE=1
WAIT S=0.001
G0 Z0.025 F3000.0 ;position for liquid contact
G0 Z1.0 F5000.0
G0 X49.0 Y105.0 F5000.0
G0 Z1.0 F3000.0
DISPENSE MM=0.045 SPEED=30.0 RELATIVE=1
WAIT S=0.001
G0 Z0.025 F3000.0 ;position for liquid contact
G0 Z1.0 F5000.0
G0 X51.0 Y105.0 F5000.0
G0 Z1.0 F3000.0
DISPENSE MM=0.045 SPEED=30.0 RELATIVE=1
WAIT S=0.001
G0 Z0.025 F3000.0 ;position for liquid contact
G0 Z1.0 F5000.0
G0 X53.0 Y105.0 F5000.0
G0 Z1.0 F3000.0
DISPENSE MM=0.045 SPEED=30.0 RELATIVE=1
WAIT S=0.001
G0 Z0.025 F3000.0 ;position for liquid contact
G0 Z1.0 F5000.0
G0 X55.0 Y105.0 F5000.0
G0 Z1.0 F3000.0
DISPENSE MM=0.045 SPEED=30.0 RELATIVE=1
WAIT S=0.001
G0 Z0.025 F3000.0 ;position for liquid contact
G0 Z1.0 F5000.0
G0 X57.0 Y105.0 F5000.0
G0 Z1.0 F3000.0
DISPENSE MM=0.045 SPEED=30.0 RELATIVE=1
WAIT S=0.001
G0 Z0.025 F3000.0 ;position for liquid contact
G0 Z1.0 F5000.0
G0 X59.0 Y105.0 F5000.0
G0 Z1.0 F3000.0
DISPENSE MM=0.045 SPEED=30.0 RELATIVE=1
WAIT S=0.001
G0 Z0.025 F3000.0 ;position for liquid contact
G0 Z1.0 F5000.0
G0 X61.0 Y105.0 F5000.0
G0 Z1.0 F3000.0
DISPENSE MM=0.045 SPEED=30.0 RELATIVE=1
WAIT S=0.001
G0 Z0.025 F3000.0 ;position for liquid contact
G0 Z1.0 F5000.0
G0 X63.0 Y105.0 F5000.0
G0 Z1.0 F3000.0
DISPENSE MM=0.045 SPEED=30.0 RELATIVE=1
WAIT S=0.001
G0 Z0.025 F3000.0 ;position for liquid contact
G0 Z1.0 F5000.0
G0 X65.0 Y105.0 F5000.0
G0 Z1.0 F3000.0
DISPENSE MM=0.045 SPEED=30.0 RELATIVE=1
WAIT S=0.001
G0 Z0.025 F3000.0 ;position for liquid contact
G0 Z1.0 F5000.0
G0 X67.0 Y105.0 F5000.0
G0 Z1.0 F3000.0
DISPENSE MM=0.045 SPEED=30.0 RELATIVE=1
WAIT S=0.001
G0 Z0.025 F3000.0 ;position for liquid contact
G0 Z1.0 F5000.0
G0 X69.0 Y105.0 F5000.0
G0 Z1.0 F3000.0
DISPENSE MM=0.045 SPEED=30.0 RELATIVE=1
WAIT S=0.001
G0 Z0.025 F3000.0 ;position for liquid contact
G0 Z1.0 F5000.0
G0 X71.0 Y105.0 F5000.0
G0 Z1.0 F3000.0
DISPENSE MM=0.045 SPEED=30.0 RELATIVE=1
WAIT S=0.001
G0 Z0.025 F3000.0 ;position for liquid contact
G0 Z1.0 F5000.0
G0 X73.0 Y105.0 F5000.0
G0 Z1.0 F3000.0
DISPENSE MM=0.045 SPEED=30.0 RELATIVE=1
WAIT S=0.001
G0 Z0.025 F3000.0 ;position for liquid contact
G0 Z1.0 F5000.0
G0 X75.0 Y105.0 F5000.0
G0 Z1.0 F3000.0
DISPENSE MM=0.045 SPEED=30.0 RELATIVE=1
WAIT S=0.001
G0 Z0.025 F3000.0 ;position for liquid contact
G0 Z1.0 F5000.0
G0 X77.0 Y105.0 F5000.0
G0 Z1.0 F3000.0
DISPENSE MM=0.045 SPEED=30.0 RELATIVE=1
WAIT S=0.001
G0 Z0.025 F3000.0 ;position for liquid contact
G0 Z1.0 F5000.0
G0 X79.0 Y105.0 F5000.0
G0 Z1.0 F3000.0
DISPENSE MM=0.045 SPEED=30.0 RELATIVE=1
WAIT S=0.001
G0 Z0.025 F3000.0 ;position for liquid contact
G0 Z1.0 F5000.0
G0 X81.0 Y105.0 F5000.0
G0 Z1.0 F3000.0
DISPENSE MM=0.045 SPEED=30.0 RELATIVE=1
WAIT S=0.001
G0 Z0.025 F3000.0 ;position for liquid contact
G0 Z1.0 F5000.0
G0 X83.0 Y105.0 F5000.0
G0 Z1.0 F3000.0
DISPENSE MM=0.045 SPEED=30.0 RELATIVE=1
WAIT S=0.001
G0 Z0.025 F3000.0 ;position for liquid contact
G0 Z1.0 F5000.0
G0 X85.0 Y105.0 F5000.0
G0 Z1.0 F3000.0
DISPENSE MM=0.045 SPEED=30.0 RELATIVE=1
WAIT S=0.001
G0 Z0.025 F3000.0 ;position for liquid contact
G0 Z1.0 F5000.0
G0 X87.0 Y105.0 F5000.0
G0 Z1.0 F3000.0
DISPENSE MM=0.045 SPEED=30.0 RELATIVE=1
WAIT S=0.001
G0 Z0.025 F3000.0 ;position for liquid contact
G0 Z1.0 F5000.0
G0 X89.0 Y105.0 F5000.0
G0 Z1.0 F3000.0
DISPENSE MM=0.045 SPEED=30.0 RELATIVE=1
WAIT S=0.001
G0 Z0.025 F3000.0 ;position for liquid contact
G0 Z1.0 F5000.0
G0 X91.0 Y105.0 F5000.0
G0 Z1.0 F3000.0
DISPENSE MM=0.045 SPEED=30.0 RELATIVE=1
WAIT S=0.001
G0 Z0.025 F3000.0 ;position for liquid contact
G0 Z1.0 F5000.0
G0 X93.0 Y105.0 F5000.0
G0 Z1.0 F3000.0
DISPENSE MM=0.045 SPEED=30.0 RELATIVE=1
WAIT S=0.001
G0 Z0.025 F3000.0 ;position for liquid contact
G0 Z1.0 F5000.0
G0 X95.0 Y105.0 F5000.0
G0 Z1.0 F3000.0
DISPENSE MM=0.045 SPEED=30.0 RELATIVE=1
WAIT S=0.001
G0 Z0.025 F3000.0 ;position for liquid contact
G0 Z1.0 F5000.0
G0 X97.0 Y105.0 F5000.0
G0 Z1.0 F3000.0
DISPENSE MM=0.045 SPEED=30.0 RELATIVE=1
WAIT S=0.001
G0 Z0.025 F3000.0 ;position for liquid contact
G0 Z1.0 F5000.0
G0 X39.0 Y107.0 F5000.0
G0 Z1.0 F3000.0
WAIT S=0.2
DISPENSE MM=0.045 SPEED=30.0 RELATIVE=1
WAIT S=0.001
G0 Z0.025 F3000.0 ;position for liquid contact
G0 Z1.0 F5000.0
G0 X41.0 Y107.0 F5000.0
G0 Z1.0 F3000.0
DISPENSE MM=0.045 SPEED=30.0 RELATIVE=1
WAIT S=0.001
G0 Z0.025 F3000.0 ;position for liquid contact
G0 Z1.0 F5000.0
G0 X43.0 Y107.0 F5000.0
G0 Z1.0 F3000.0
DISPENSE MM=0.045 SPEED=30.0 RELATIVE=1
WAIT S=0.001
G0 Z0.025 F3000.0 ;position for liquid contact
G0 Z1.0 F5000.0
G0 X45.0 Y107.0 F5000.0
G0 Z1.0 F3000.0
DISPENSE MM=0.045 SPEED=30.0 RELATIVE=1
WAIT S=0.001
G0 Z0.025 F3000.0 ;position for liquid contact
G0 Z1.0 F5000.0
G0 X47.0 Y107.0 F5000.0
G0 Z1.0 F3000.0
DISPENSE MM=0.045 SPEED=30.0 RELATIVE=1
WAIT S=0.001
G0 Z0.025 F3000.0 ;position for liquid contact
G0 Z1.0 F5000.0
G0 X49.0 Y107.0 F5000.0
G0 Z1.0 F3000.0
DISPENSE MM=0.045 SPEED=30.0 RELATIVE=1
WAIT S=0.001
G0 Z0.025 F3000.0 ;position for liquid contact
G0 Z1.0 F5000.0
G0 X51.0 Y107.0 F5000.0
G0 Z1.0 F3000.0
DISPENSE MM=0.045 SPEED=30.0 RELATIVE=1
WAIT S=0.001
G0 Z0.025 F3000.0 ;position for liquid contact
G0 Z1.0 F5000.0
G0 X53.0 Y107.0 F5000.0
G0 Z1.0 F3000.0
DISPENSE MM=0.045 SPEED=30.0 RELATIVE=1
WAIT S=0.001
G0 Z0.025 F3000.0 ;position for liquid contact
G0 Z1.0 F5000.0
G0 X55.0 Y107.0 F5000.0
G0 Z1.0 F3000.0
DISPENSE MM=0.045 SPEED=30.0 RELATIVE=1
WAIT S=0.001
G0 Z0.025 F3000.0 ;position for liquid contact
G0 Z1.0 F5000.0
G0 X57.0 Y107.0 F5000.0
G0 Z1.0 F3000.0
DISPENSE MM=0.045 SPEED=30.0 RELATIVE=1
WAIT S=0.001
G0 Z0.025 F3000.0 ;position for liquid contact
G0 Z1.0 F5000.0
G0 X59.0 Y107.0 F5000.0
G0 Z1.0 F3000.0
DISPENSE MM=0.045 SPEED=30.0 RELATIVE=1
WAIT S=0.001
G0 Z0.025 F3000.0 ;position for liquid contact
G0 Z1.0 F5000.0
G0 X61.0 Y107.0 F5000.0
G0 Z1.0 F3000.0
DISPENSE MM=0.045 SPEED=30.0 RELATIVE=1
WAIT S=0.001
G0 Z0.025 F3000.0 ;position for liquid contact
G0 Z1.0 F5000.0
G0 X63.0 Y107.0 F5000.0
G0 Z1.0 F3000.0
DISPENSE MM=0.045 SPEED=30.0 RELATIVE=1
WAIT S=0.001
G0 Z0.025 F3000.0 ;position for liquid contact
G0 Z1.0 F5000.0
G0 X65.0 Y107.0 F5000.0
G0 Z1.0 F3000.0
DISPENSE MM=0.045 SPEED=30.0 RELATIVE=1
WAIT S=0.001
G0 Z0.025 F3000.0 ;position for liquid contact
G0 Z1.0 F5000.0
G0 X67.0 Y107.0 F5000.0
G0 Z1.0 F3000.0
DISPENSE MM=0.045 SPEED=30.0 RELATIVE=1
WAIT S=0.001
G0 Z0.025 F3000.0 ;position for liquid contact
G0 Z1.0 F5000.0
G0 X69.0 Y107.0 F5000.0
G0 Z1.0 F3000.0
DISPENSE MM=0.045 SPEED=30.0 RELATIVE=1
WAIT S=0.001
G0 Z0.025 F3000.0 ;position for liquid contact
G0 Z1.0 F5000.0
G0 X71.0 Y107.0 F5000.0
G0 Z1.0 F3000.0
DISPENSE MM=0.045 SPEED=30.0 RELATIVE=1
WAIT S=0.001
G0 Z0.025 F3000.0 ;position for liquid contact
G0 Z1.0 F5000.0
G0 X73.0 Y107.0 F5000.0
G0 Z1.0 F3000.0
DISPENSE MM=0.045 SPEED=30.0 RELATIVE=1
WAIT S=0.001
G0 Z0.025 F3000.0 ;position for liquid contact
G0 Z1.0 F5000.0
G0 X75.0 Y107.0 F5000.0
G0 Z1.0 F3000.0
DISPENSE MM=0.045 SPEED=30.0 RELATIVE=1
WAIT S=0.001
G0 Z0.025 F3000.0 ;position for liquid contact
G0 Z1.0 F5000.0
G0 X77.0 Y107.0 F5000.0
G0 Z1.0 F3000.0
DISPENSE MM=0.045 SPEED=30.0 RELATIVE=1
WAIT S=0.001
G0 Z0.025 F3000.0 ;position for liquid contact
G0 Z1.0 F5000.0
G0 X79.0 Y107.0 F5000.0
G0 Z1.0 F3000.0
DISPENSE MM=0.045 SPEED=30.0 RELATIVE=1
WAIT S=0.001
G0 Z0.025 F3000.0 ;position for liquid contact
G0 Z1.0 F5000.0
G0 X81.0 Y107.0 F5000.0
G0 Z1.0 F3000.0
DISPENSE MM=0.045 SPEED=30.0 RELATIVE=1
WAIT S=0.001
G0 Z0.025 F3000.0 ;position for liquid contact
G0 Z1.0 F5000.0
G0 X83.0 Y107.0 F5000.0
G0 Z1.0 F3000.0
DISPENSE MM=0.045 SPEED=30.0 RELATIVE=1
WAIT S=0.001
G0 Z0.025 F3000.0 ;position for liquid contact
G0 Z1.0 F5000.0
G0 X85.0 Y107.0 F5000.0
G0 Z1.0 F3000.0
DISPENSE MM=0.045 SPEED=30.0 RELATIVE=1
WAIT S=0.001
G0 Z0.025 F3000.0 ;position for liquid contact
G0 Z1.0 F5000.0
G0 X87.0 Y107.0 F5000.0
G0 Z1.0 F3000.0
DISPENSE MM=0.045 SPEED=30.0 RELATIVE=1
WAIT S=0.001
G0 Z0.025 F3000.0 ;position for liquid contact
G0 Z1.0 F5000.0
G0 X89.0 Y107.0 F5000.0
G0 Z1.0 F3000.0
DISPENSE MM=0.045 SPEED=30.0 RELATIVE=1
WAIT S=0.001
G0 Z0.025 F3000.0 ;position for liquid contact
G0 Z1.0 F5000.0
G0 X91.0 Y107.0 F5000.0
G0 Z1.0 F3000.0
DISPENSE MM=0.045 SPEED=30.0 RELATIVE=1
WAIT S=0.001
G0 Z0.025 F3000.0 ;position for liquid contact
G0 Z1.0 F5000.0
G0 X93.0 Y107.0 F5000.0
G0 Z1.0 F3000.0
DISPENSE MM=0.045 SPEED=30.0 RELATIVE=1
WAIT S=0.001
G0 Z0.025 F3000.0 ;position for liquid contact
G0 Z1.0 F5000.0
G0 X95.0 Y107.0 F5000.0
G0 Z1.0 F3000.0
DISPENSE MM=0.045 SPEED=30.0 RELATIVE=1
WAIT S=0.001
G0 Z0.025 F3000.0 ;position for liquid contact
G0 Z1.0 F5000.0
G0 X97.0 Y107.0 F5000.0
G0 Z1.0 F3000.0
DISPENSE MM=0.045 SPEED=30.0 RELATIVE=1
WAIT S=0.001
G0 Z0.025 F3000.0 ;position for liquid contact
G0 Z1.0 F5000.0
G0 X39.0 Y109.0 F5000.0
G0 Z1.0 F3000.0
WAIT S=0.2
DISPENSE MM=0.045 SPEED=30.0 RELATIVE=1
WAIT S=0.001
G0 Z0.025 F3000.0 ;position for liquid contact
G0 Z1.0 F5000.0
G0 X41.0 Y109.0 F5000.0
G0 Z1.0 F3000.0
DISPENSE MM=0.045 SPEED=30.0 RELATIVE=1
WAIT S=0.001
G0 Z0.025 F3000.0 ;position for liquid contact
G0 Z1.0 F5000.0
G0 X43.0 Y109.0 F5000.0
G0 Z1.0 F3000.0
DISPENSE MM=0.045 SPEED=30.0 RELATIVE=1
WAIT S=0.001
G0 Z0.025 F3000.0 ;position for liquid contact
G0 Z1.0 F5000.0
G0 X45.0 Y109.0 F5000.0
G0 Z1.0 F3000.0
DISPENSE MM=0.045 SPEED=30.0 RELATIVE=1
WAIT S=0.001
G0 Z0.025 F3000.0 ;position for liquid contact
G0 Z1.0 F5000.0
G0 X47.0 Y109.0 F5000.0
G0 Z1.0 F3000.0
DISPENSE MM=0.045 SPEED=30.0 RELATIVE=1
WAIT S=0.001
G0 Z0.025 F3000.0 ;position for liquid contact
G0 Z1.0 F5000.0
G0 X49.0 Y109.0 F5000.0
G0 Z1.0 F3000.0
DISPENSE MM=0.045 SPEED=30.0 RELATIVE=1
WAIT S=0.001
G0 Z0.025 F3000.0 ;position for liquid contact
G0 Z1.0 F5000.0
G0 X51.0 Y109.0 F5000.0
G0 Z1.0 F3000.0
DISPENSE MM=0.045 SPEED=30.0 RELATIVE=1
WAIT S=0.001
G0 Z0.025 F3000.0 ;position for liquid contact
G0 Z1.0 F5000.0
G0 X53.0 Y109.0 F5000.0
G0 Z1.0 F3000.0
DISPENSE MM=0.045 SPEED=30.0 RELATIVE=1
WAIT S=0.001
G0 Z0.025 F3000.0 ;position for liquid contact
G0 Z1.0 F5000.0
G0 X55.0 Y109.0 F5000.0
G0 Z1.0 F3000.0
DISPENSE MM=0.045 SPEED=30.0 RELATIVE=1
WAIT S=0.001
G0 Z0.025 F3000.0 ;position for liquid contact
G0 Z1.0 F5000.0
G0 X57.0 Y109.0 F5000.0
G0 Z1.0 F3000.0
DISPENSE MM=0.045 SPEED=30.0 RELATIVE=1
WAIT S=0.001
G0 Z0.025 F3000.0 ;position for liquid contact
G0 Z1.0 F5000.0
G0 X59.0 Y109.0 F5000.0
G0 Z1.0 F3000.0
DISPENSE MM=0.045 SPEED=30.0 RELATIVE=1
WAIT S=0.001
G0 Z0.025 F3000.0 ;position for liquid contact
G0 Z1.0 F5000.0
G0 X61.0 Y109.0 F5000.0
G0 Z1.0 F3000.0
DISPENSE MM=0.045 SPEED=30.0 RELATIVE=1
WAIT S=0.001
G0 Z0.025 F3000.0 ;position for liquid contact
G0 Z1.0 F5000.0
G0 X63.0 Y109.0 F5000.0
G0 Z1.0 F3000.0
DISPENSE MM=0.045 SPEED=30.0 RELATIVE=1
WAIT S=0.001
G0 Z0.025 F3000.0 ;position for liquid contact
G0 Z1.0 F5000.0
G0 X65.0 Y109.0 F5000.0
G0 Z1.0 F3000.0
DISPENSE MM=0.045 SPEED=30.0 RELATIVE=1
WAIT S=0.001
G0 Z0.025 F3000.0 ;position for liquid contact
G0 Z1.0 F5000.0
G0 X67.0 Y109.0 F5000.0
G0 Z1.0 F3000.0
DISPENSE MM=0.045 SPEED=30.0 RELATIVE=1
WAIT S=0.001
G0 Z0.025 F3000.0 ;position for liquid contact
G0 Z1.0 F5000.0
G0 X69.0 Y109.0 F5000.0
G0 Z1.0 F3000.0
DISPENSE MM=0.045 SPEED=30.0 RELATIVE=1
WAIT S=0.001
G0 Z0.025 F3000.0 ;position for liquid contact
G0 Z1.0 F5000.0
G0 X71.0 Y109.0 F5000.0
G0 Z1.0 F3000.0
DISPENSE MM=0.045 SPEED=30.0 RELATIVE=1
WAIT S=0.001
G0 Z0.025 F3000.0 ;position for liquid contact
G0 Z1.0 F5000.0
G0 X73.0 Y109.0 F5000.0
G0 Z1.0 F3000.0
DISPENSE MM=0.045 SPEED=30.0 RELATIVE=1
WAIT S=0.001
G0 Z0.025 F3000.0 ;position for liquid contact
G0 Z1.0 F5000.0
G0 X75.0 Y109.0 F5000.0
G0 Z1.0 F3000.0
DISPENSE MM=0.045 SPEED=30.0 RELATIVE=1
WAIT S=0.001
G0 Z0.025 F3000.0 ;position for liquid contact
G0 Z1.0 F5000.0
G0 X77.0 Y109.0 F5000.0
G0 Z1.0 F3000.0
DISPENSE MM=0.045 SPEED=30.0 RELATIVE=1
WAIT S=0.001
G0 Z0.025 F3000.0 ;position for liquid contact
G0 Z1.0 F5000.0
G0 X79.0 Y109.0 F5000.0
G0 Z1.0 F3000.0
DISPENSE MM=0.045 SPEED=30.0 RELATIVE=1
WAIT S=0.001
G0 Z0.025 F3000.0 ;position for liquid contact
G0 Z1.0 F5000.0
G0 X81.0 Y109.0 F5000.0
G0 Z1.0 F3000.0
DISPENSE MM=0.045 SPEED=30.0 RELATIVE=1
WAIT S=0.001
G0 Z0.025 F3000.0 ;position for liquid contact
G0 Z1.0 F5000.0
G0 X83.0 Y109.0 F5000.0
G0 Z1.0 F3000.0
DISPENSE MM=0.045 SPEED=30.0 RELATIVE=1
WAIT S=0.001
G0 Z0.025 F3000.0 ;position for liquid contact
G0 Z1.0 F5000.0
G0 X85.0 Y109.0 F5000.0
G0 Z1.0 F3000.0
DISPENSE MM=0.045 SPEED=30.0 RELATIVE=1
WAIT S=0.001
G0 Z0.025 F3000.0 ;position for liquid contact
G0 Z1.0 F5000.0
G0 X87.0 Y109.0 F5000.0
G0 Z1.0 F3000.0
DISPENSE MM=0.045 SPEED=30.0 RELATIVE=1
WAIT S=0.001
G0 Z0.025 F3000.0 ;position for liquid contact
G0 Z1.0 F5000.0
G0 X89.0 Y109.0 F5000.0
G0 Z1.0 F3000.0
DISPENSE MM=0.045 SPEED=30.0 RELATIVE=1
WAIT S=0.001
G0 Z0.025 F3000.0 ;position for liquid contact
G0 Z1.0 F5000.0
G0 X91.0 Y109.0 F5000.0
G0 Z1.0 F3000.0
DISPENSE MM=0.045 SPEED=30.0 RELATIVE=1
WAIT S=0.001
G0 Z0.025 F3000.0 ;position for liquid contact
G0 Z1.0 F5000.0
G0 X93.0 Y109.0 F5000.0
G0 Z1.0 F3000.0
DISPENSE MM=0.045 SPEED=30.0 RELATIVE=1
WAIT S=0.001
G0 Z0.025 F3000.0 ;position for liquid contact
G0 Z1.0 F5000.0
G0 X95.0 Y109.0 F5000.0
G0 Z1.0 F3000.0
DISPENSE MM=0.045 SPEED=30.0 RELATIVE=1
WAIT S=0.001
G0 Z0.025 F3000.0 ;position for liquid contact
G0 Z1.0 F5000.0
G0 X97.0 Y109.0 F5000.0
G0 Z1.0 F3000.0
DISPENSE MM=0.045 SPEED=30.0 RELATIVE=1
WAIT S=0.001
G0 Z0.025 F3000.0 ;position for liquid contact
G0 Z1.0 F5000.0
G0 X39.0 Y111.0 F5000.0
G0 Z1.0 F3000.0
WAIT S=0.2
DISPENSE MM=0.045 SPEED=30.0 RELATIVE=1
WAIT S=0.001
G0 Z0.025 F3000.0 ;position for liquid contact
G0 Z1.0 F5000.0
G0 X41.0 Y111.0 F5000.0
G0 Z1.0 F3000.0
DISPENSE MM=0.045 SPEED=30.0 RELATIVE=1
WAIT S=0.001
G0 Z0.025 F3000.0 ;position for liquid contact
G0 Z1.0 F5000.0
G0 X43.0 Y111.0 F5000.0
G0 Z1.0 F3000.0
DISPENSE MM=0.045 SPEED=30.0 RELATIVE=1
WAIT S=0.001
G0 Z0.025 F3000.0 ;position for liquid contact
G0 Z1.0 F5000.0
G0 X45.0 Y111.0 F5000.0
G0 Z1.0 F3000.0
DISPENSE MM=0.045 SPEED=30.0 RELATIVE=1
WAIT S=0.001
G0 Z0.025 F3000.0 ;position for liquid contact
G0 Z1.0 F5000.0
G0 X47.0 Y111.0 F5000.0
G0 Z1.0 F3000.0
DISPENSE MM=0.045 SPEED=30.0 RELATIVE=1
WAIT S=0.001
G0 Z0.025 F3000.0 ;position for liquid contact
G0 Z1.0 F5000.0
G0 X49.0 Y111.0 F5000.0
G0 Z1.0 F3000.0
DISPENSE MM=0.045 SPEED=30.0 RELATIVE=1
WAIT S=0.001
G0 Z0.025 F3000.0 ;position for liquid contact
G0 Z1.0 F5000.0
G0 X51.0 Y111.0 F5000.0
G0 Z1.0 F3000.0
DISPENSE MM=0.045 SPEED=30.0 RELATIVE=1
WAIT S=0.001
G0 Z0.025 F3000.0 ;position for liquid contact
G0 Z1.0 F5000.0
G0 X53.0 Y111.0 F5000.0
G0 Z1.0 F3000.0
DISPENSE MM=0.045 SPEED=30.0 RELATIVE=1
WAIT S=0.001
G0 Z0.025 F3000.0 ;position for liquid contact
G0 Z1.0 F5000.0
G0 X55.0 Y111.0 F5000.0
G0 Z1.0 F3000.0
DISPENSE MM=0.045 SPEED=30.0 RELATIVE=1
WAIT S=0.001
G0 Z0.025 F3000.0 ;position for liquid contact
G0 Z1.0 F5000.0
G0 X57.0 Y111.0 F5000.0
G0 Z1.0 F3000.0
DISPENSE MM=0.045 SPEED=30.0 RELATIVE=1
WAIT S=0.001
G0 Z0.025 F3000.0 ;position for liquid contact
G0 Z1.0 F5000.0
G0 X59.0 Y111.0 F5000.0
G0 Z1.0 F3000.0
DISPENSE MM=0.045 SPEED=30.0 RELATIVE=1
WAIT S=0.001
G0 Z0.025 F3000.0 ;position for liquid contact
G0 Z1.0 F5000.0
G0 X61.0 Y111.0 F5000.0
G0 Z1.0 F3000.0
DISPENSE MM=0.045 SPEED=30.0 RELATIVE=1
WAIT S=0.001
G0 Z0.025 F3000.0 ;position for liquid contact
G0 Z1.0 F5000.0
G0 X63.0 Y111.0 F5000.0
G0 Z1.0 F3000.0
DISPENSE MM=0.045 SPEED=30.0 RELATIVE=1
WAIT S=0.001
G0 Z0.025 F3000.0 ;position for liquid contact
G0 Z1.0 F5000.0
G0 X65.0 Y111.0 F5000.0
G0 Z1.0 F3000.0
DISPENSE MM=0.045 SPEED=30.0 RELATIVE=1
WAIT S=0.001
G0 Z0.025 F3000.0 ;position for liquid contact
G0 Z1.0 F5000.0
G0 X67.0 Y111.0 F5000.0
G0 Z1.0 F3000.0
DISPENSE MM=0.045 SPEED=30.0 RELATIVE=1
WAIT S=0.001
G0 Z0.025 F3000.0 ;position for liquid contact
G0 Z1.0 F5000.0
G0 X69.0 Y111.0 F5000.0
G0 Z1.0 F3000.0
DISPENSE MM=0.045 SPEED=30.0 RELATIVE=1
WAIT S=0.001
G0 Z0.025 F3000.0 ;position for liquid contact
G0 Z1.0 F5000.0
G0 X71.0 Y111.0 F5000.0
G0 Z1.0 F3000.0
DISPENSE MM=0.045 SPEED=30.0 RELATIVE=1
WAIT S=0.001
G0 Z0.025 F3000.0 ;position for liquid contact
G0 Z1.0 F5000.0
G0 X73.0 Y111.0 F5000.0
G0 Z1.0 F3000.0
DISPENSE MM=0.045 SPEED=30.0 RELATIVE=1
WAIT S=0.001
G0 Z0.025 F3000.0 ;position for liquid contact
G0 Z1.0 F5000.0
G0 X75.0 Y111.0 F5000.0
G0 Z1.0 F3000.0
DISPENSE MM=0.045 SPEED=30.0 RELATIVE=1
WAIT S=0.001
G0 Z0.025 F3000.0 ;position for liquid contact
G0 Z1.0 F5000.0
G0 X77.0 Y111.0 F5000.0
G0 Z1.0 F3000.0
DISPENSE MM=0.045 SPEED=30.0 RELATIVE=1
WAIT S=0.001
G0 Z0.025 F3000.0 ;position for liquid contact
G0 Z1.0 F5000.0
G0 X79.0 Y111.0 F5000.0
G0 Z1.0 F3000.0
DISPENSE MM=0.045 SPEED=30.0 RELATIVE=1
WAIT S=0.001
G0 Z0.025 F3000.0 ;position for liquid contact
G0 Z1.0 F5000.0
G0 X81.0 Y111.0 F5000.0
G0 Z1.0 F3000.0
DISPENSE MM=0.045 SPEED=30.0 RELATIVE=1
WAIT S=0.001
G0 Z0.025 F3000.0 ;position for liquid contact
G0 Z1.0 F5000.0
G0 X83.0 Y111.0 F5000.0
G0 Z1.0 F3000.0
DISPENSE MM=0.045 SPEED=30.0 RELATIVE=1
WAIT S=0.001
G0 Z0.025 F3000.0 ;position for liquid contact
G0 Z1.0 F5000.0
G0 X85.0 Y111.0 F5000.0
G0 Z1.0 F3000.0
DISPENSE MM=0.045 SPEED=30.0 RELATIVE=1
WAIT S=0.001
G0 Z0.025 F3000.0 ;position for liquid contact
G0 Z1.0 F5000.0
G0 X87.0 Y111.0 F5000.0
G0 Z1.0 F3000.0
DISPENSE MM=0.045 SPEED=30.0 RELATIVE=1
WAIT S=0.001
G0 Z0.025 F3000.0 ;position for liquid contact
G0 Z1.0 F5000.0
G0 X89.0 Y111.0 F5000.0
G0 Z1.0 F3000.0
DISPENSE MM=0.045 SPEED=30.0 RELATIVE=1
WAIT S=0.001
G0 Z0.025 F3000.0 ;position for liquid contact
G0 Z1.0 F5000.0
G0 X91.0 Y111.0 F5000.0
G0 Z1.0 F3000.0
DISPENSE MM=0.045 SPEED=30.0 RELATIVE=1
WAIT S=0.001
G0 Z0.025 F3000.0 ;position for liquid contact
G0 Z1.0 F5000.0
G0 X93.0 Y111.0 F5000.0
G0 Z1.0 F3000.0
DISPENSE MM=0.045 SPEED=30.0 RELATIVE=1
WAIT S=0.001
G0 Z0.025 F3000.0 ;position for liquid contact
G0 Z1.0 F5000.0
G0 X95.0 Y111.0 F5000.0
G0 Z1.0 F3000.0
DISPENSE MM=0.045 SPEED=30.0 RELATIVE=1
WAIT S=0.001
G0 Z0.025 F3000.0 ;position for liquid contact
G0 Z1.0 F5000.0
G0 X97.0 Y111.0 F5000.0
G0 Z1.0 F3000.0
DISPENSE MM=0.045 SPEED=30.0 RELATIVE=1
WAIT S=0.001
G0 Z0.025 F3000.0 ;position for liquid contact
G0 Z1.0 F5000.0
G0 X39.0 Y113.0 F5000.0
G0 Z1.0 F3000.0
WAIT S=0.2
DISPENSE MM=0.045 SPEED=30.0 RELATIVE=1
WAIT S=0.001
G0 Z0.025 F3000.0 ;position for liquid contact
G0 Z1.0 F5000.0
G0 X41.0 Y113.0 F5000.0
G0 Z1.0 F3000.0
DISPENSE MM=0.045 SPEED=30.0 RELATIVE=1
WAIT S=0.001
G0 Z0.025 F3000.0 ;position for liquid contact
G0 Z1.0 F5000.0
G0 X43.0 Y113.0 F5000.0
G0 Z1.0 F3000.0
DISPENSE MM=0.045 SPEED=30.0 RELATIVE=1
WAIT S=0.001
G0 Z0.025 F3000.0 ;position for liquid contact
G0 Z1.0 F5000.0
G0 X45.0 Y113.0 F5000.0
G0 Z1.0 F3000.0
DISPENSE MM=0.045 SPEED=30.0 RELATIVE=1
WAIT S=0.001
G0 Z0.025 F3000.0 ;position for liquid contact
G0 Z1.0 F5000.0
G0 X47.0 Y113.0 F5000.0
G0 Z1.0 F3000.0
DISPENSE MM=0.045 SPEED=30.0 RELATIVE=1
WAIT S=0.001
G0 Z0.025 F3000.0 ;position for liquid contact
G0 Z1.0 F5000.0
G0 X49.0 Y113.0 F5000.0
G0 Z1.0 F3000.0
DISPENSE MM=0.045 SPEED=30.0 RELATIVE=1
WAIT S=0.001
G0 Z0.025 F3000.0 ;position for liquid contact
G0 Z1.0 F5000.0
G0 X51.0 Y113.0 F5000.0
G0 Z1.0 F3000.0
DISPENSE MM=0.045 SPEED=30.0 RELATIVE=1
WAIT S=0.001
G0 Z0.025 F3000.0 ;position for liquid contact
G0 Z1.0 F5000.0
G0 X53.0 Y113.0 F5000.0
G0 Z1.0 F3000.0
DISPENSE MM=0.045 SPEED=30.0 RELATIVE=1
WAIT S=0.001
G0 Z0.025 F3000.0 ;position for liquid contact
G0 Z1.0 F5000.0
G0 X55.0 Y113.0 F5000.0
G0 Z1.0 F3000.0
DISPENSE MM=0.045 SPEED=30.0 RELATIVE=1
WAIT S=0.001
G0 Z0.025 F3000.0 ;position for liquid contact
G0 Z1.0 F5000.0
G0 X57.0 Y113.0 F5000.0
G0 Z1.0 F3000.0
DISPENSE MM=0.045 SPEED=30.0 RELATIVE=1
WAIT S=0.001
G0 Z0.025 F3000.0 ;position for liquid contact
G0 Z1.0 F5000.0
G0 X59.0 Y113.0 F5000.0
G0 Z1.0 F3000.0
DISPENSE MM=0.045 SPEED=30.0 RELATIVE=1
WAIT S=0.001
G0 Z0.025 F3000.0 ;position for liquid contact
G0 Z1.0 F5000.0
G0 X61.0 Y113.0 F5000.0
G0 Z1.0 F3000.0
DISPENSE MM=0.045 SPEED=30.0 RELATIVE=1
WAIT S=0.001
G0 Z0.025 F3000.0 ;position for liquid contact
G0 Z1.0 F5000.0
G0 X63.0 Y113.0 F5000.0
G0 Z1.0 F3000.0
DISPENSE MM=0.045 SPEED=30.0 RELATIVE=1
WAIT S=0.001
G0 Z0.025 F3000.0 ;position for liquid contact
G0 Z1.0 F5000.0
G0 X65.0 Y113.0 F5000.0
G0 Z1.0 F3000.0
DISPENSE MM=0.045 SPEED=30.0 RELATIVE=1
WAIT S=0.001
G0 Z0.025 F3000.0 ;position for liquid contact
G0 Z1.0 F5000.0
G0 X67.0 Y113.0 F5000.0
G0 Z1.0 F3000.0
DISPENSE MM=0.045 SPEED=30.0 RELATIVE=1
WAIT S=0.001
G0 Z0.025 F3000.0 ;position for liquid contact
G0 Z1.0 F5000.0
G0 X69.0 Y113.0 F5000.0
G0 Z1.0 F3000.0
DISPENSE MM=0.045 SPEED=30.0 RELATIVE=1
WAIT S=0.001
G0 Z0.025 F3000.0 ;position for liquid contact
G0 Z1.0 F5000.0
G0 X71.0 Y113.0 F5000.0
G0 Z1.0 F3000.0
DISPENSE MM=0.045 SPEED=30.0 RELATIVE=1
WAIT S=0.001
G0 Z0.025 F3000.0 ;position for liquid contact
G0 Z1.0 F5000.0
G0 X73.0 Y113.0 F5000.0
G0 Z1.0 F3000.0
DISPENSE MM=0.045 SPEED=30.0 RELATIVE=1
WAIT S=0.001
G0 Z0.025 F3000.0 ;position for liquid contact
G0 Z1.0 F5000.0
G0 X75.0 Y113.0 F5000.0
G0 Z1.0 F3000.0
DISPENSE MM=0.045 SPEED=30.0 RELATIVE=1
WAIT S=0.001
G0 Z0.025 F3000.0 ;position for liquid contact
G0 Z1.0 F5000.0
G0 X77.0 Y113.0 F5000.0
G0 Z1.0 F3000.0
DISPENSE MM=0.045 SPEED=30.0 RELATIVE=1
WAIT S=0.001
G0 Z0.025 F3000.0 ;position for liquid contact
G0 Z1.0 F5000.0
G0 X79.0 Y113.0 F5000.0
G0 Z1.0 F3000.0
DISPENSE MM=0.045 SPEED=30.0 RELATIVE=1
WAIT S=0.001
G0 Z0.025 F3000.0 ;position for liquid contact
G0 Z1.0 F5000.0
G0 X81.0 Y113.0 F5000.0
G0 Z1.0 F3000.0
DISPENSE MM=0.045 SPEED=30.0 RELATIVE=1
WAIT S=0.001
G0 Z0.025 F3000.0 ;position for liquid contact
G0 Z1.0 F5000.0
G0 X83.0 Y113.0 F5000.0
G0 Z1.0 F3000.0
DISPENSE MM=0.045 SPEED=30.0 RELATIVE=1
WAIT S=0.001
G0 Z0.025 F3000.0 ;position for liquid contact
G0 Z1.0 F5000.0
G0 X85.0 Y113.0 F5000.0
G0 Z1.0 F3000.0
DISPENSE MM=0.045 SPEED=30.0 RELATIVE=1
WAIT S=0.001
G0 Z0.025 F3000.0 ;position for liquid contact
G0 Z1.0 F5000.0
G0 X87.0 Y113.0 F5000.0
G0 Z1.0 F3000.0
DISPENSE MM=0.045 SPEED=30.0 RELATIVE=1
WAIT S=0.001
G0 Z0.025 F3000.0 ;position for liquid contact
G0 Z1.0 F5000.0
G0 X89.0 Y113.0 F5000.0
G0 Z1.0 F3000.0
DISPENSE MM=0.045 SPEED=30.0 RELATIVE=1
WAIT S=0.001
G0 Z0.025 F3000.0 ;position for liquid contact
G0 Z1.0 F5000.0

; Washing sequence
G0 Z40.0 F5000
G0 X221.0 Y116.0 F5000
G0 Z-5.0 F500
G0 X222.0 F2000.0
G0 X221.0 F2000.0
G0 X222.0 F2000.0
G0 X221.0 F2000.0
G0 X222.0 F2000.0
G0 X221.0 F2000.0
G0 X222.0 F2000.0
G0 X221.0 F2000.0
G0 X222.0 F2000.0
G0 X221.0 F2000.0
G0 X222.0 F2000.0
G0 X221.0 F2000.0
G0 X222.0 F2000.0
G0 X221.0 F2000.0
G0 X222.0 F2000.0
G0 X221.0 F2000.0
G0 X222.0 F2000.0
G0 X221.0 F2000.0
G0 X222.0 F2000.0
G0 X221.0 F2000.0
G0 X222.0 F2000.0
G0 X221.0 F2000.0
G0 X222.0 F2000.0
G0 X221.0 F2000.0
G0 X222.0 F2000.0
G0 X221.0 F2000.0
G0 X222.0 F2000.0
G0 X221.0 F2000.0
G0 X222.0 F2000.0
G0 X221.0 F2000.0
G0 X222.0 F2000.0
G0 X221.0 F2000.0
G0 X222.0 F2000.0
G0 X221.0 F2000.0
G0 X222.0 F2000.0
G0 X221.0 F2000.0
G0 X222.0 F2000.0
G0 X221.0 F2000.0
G0 X222.0 F2000.0
G0 X221.0 F2000.0
G0 X222.0 F2000.0
G0 X221.0 F2000.0
G0 X222.0 F2000.0
G0 X221.0 F2000.0
G0 X222.0 F2000.0
G0 X221.0 F2000.0
G0 X222.0 F2000.0
G0 X221.0 F2000.0
G0 X222.0 F2000.0
G0 X221.0 F2000.0
G0 X222.0 F2000.0
G0 X221.0 F2000.0
G0 X222.0 F2000.0
G0 X221.0 F2000.0
G0 X222.0 F2000.0
G0 X221.0 F2000.0
G0 X222.0 F2000.0
G0 X221.0 F2000.0
G0 X222.0 F2000.0
G0 X221.0 F2000.0
G0 X222.0 F2000.0
G0 X221.0 F2000.0
G0 X222.0 F2000.0
G0 X221.0 F2000.0
G0 X222.0 F2000.0
G0 X221.0 F2000.0
G0 X222.0 F2000.0
G0 X221.0 F2000.0
G0 X222.0 F2000.0
G0 X221.0 F2000.0
G0 X222.0 F2000.0
G0 X221.0 F2000.0
G0 X222.0 F2000.0
G0 X221.0 F2000.0
G0 X222.0 F2000.0
G0 X221.0 F2000.0
G0 X222.0 F2000.0
G0 X221.0 F2000.0
G0 X222.0 F2000.0
G0 X221.0 F2000.0
G0 X222.0 F2000.0
G0 X221.0 F2000.0
G0 X222.0 F2000.0
G0 X221.0 F2000.0
G0 X222.0 F2000.0
G0 X221.0 F2000.0
G0 X222.0 F2000.0
G0 X221.0 F2000.0
G0 X222.0 F2000.0
G0 X221.0 F2000.0
G0 X222.0 F2000.0
G0 X221.0 F2000.0
G0 X222.0 F2000.0
G0 X221.0 F2000.0
G0 X222.0 F2000.0
G0 X221.0 F2000.0
G0 X222.0 F2000.0
G0 X221.0 F2000.0
G0 X222.0 F2000.0
G0 X221.0 F2000.0
G0 Z40.0 F5000


; Create cleaning sequence
G0 X39.0 Y52.0 F5000
WAIT S=0.2
DISPENSE MM=0.125 SPEED=500 RELATIVE=1
G0 Z0.025 F500 ;position for liquid contact
G0 Z1.0 F5000
G0 X42.0 Y52.0 F5000
DISPENSE MM=0.125 SPEED=500 RELATIVE=1
G0 Z0.025 F500 ;position for liquid contact
G0 Z1.0 F5000
G0 X45.0 Y52.0 F5000
DISPENSE MM=0.125 SPEED=500 RELATIVE=1
G0 Z0.025 F500 ;position for liquid contact
G0 Z1.0 F5000
G0 X48.0 Y52.0 F5000
DISPENSE MM=0.125 SPEED=500 RELATIVE=1
G0 Z0.025 F500 ;position for liquid contact
G0 Z1.0 F5000
G0 X51.0 Y52.0 F5000
DISPENSE MM=0.125 SPEED=500 RELATIVE=1
G0 Z0.025 F500 ;position for liquid contact
G0 Z1.0 F5000
G0 X54.0 Y52.0 F5000
DISPENSE MM=0.125 SPEED=500 RELATIVE=1
G0 Z0.025 F500 ;position for liquid contact
G0 Z1.0 F5000
G0 X57.0 Y52.0 F5000
DISPENSE MM=0.125 SPEED=500 RELATIVE=1
G0 Z0.025 F500 ;position for liquid contact
G0 Z1.0 F5000
G0 X60.0 Y52.0 F5000
DISPENSE MM=0.125 SPEED=500 RELATIVE=1
G0 Z0.025 F500 ;position for liquid contact
G0 Z1.0 F5000
G0 X63.0 Y52.0 F5000
DISPENSE MM=0.125 SPEED=500 RELATIVE=1
G0 Z0.025 F500 ;position for liquid contact
G0 Z1.0 F5000
G0 X66.0 Y52.0 F5000
DISPENSE MM=0.125 SPEED=500 RELATIVE=1
G0 Z0.025 F500 ;position for liquid contact
G0 Z1.0 F5000
G0 X39.0 Y54.0 F5000
WAIT S=0.2
DISPENSE MM=0.125 SPEED=500 RELATIVE=1
G0 Z0.025 F500 ;position for liquid contact
G0 Z1.0 F5000
G0 X42.0 Y54.0 F5000
DISPENSE MM=0.125 SPEED=500 RELATIVE=1
G0 Z0.025 F500 ;position for liquid contact
G0 Z1.0 F5000
G0 X45.0 Y54.0 F5000
DISPENSE MM=0.125 SPEED=500 RELATIVE=1
G0 Z0.025 F500 ;position for liquid contact
G0 Z1.0 F5000
G0 X48.0 Y54.0 F5000
DISPENSE MM=0.125 SPEED=500 RELATIVE=1
G0 Z0.025 F500 ;position for liquid contact
G0 Z1.0 F5000
G0 X51.0 Y54.0 F5000
DISPENSE MM=0.125 SPEED=500 RELATIVE=1
G0 Z0.025 F500 ;position for liquid contact
G0 Z1.0 F5000
G0 X54.0 Y54.0 F5000
DISPENSE MM=0.125 SPEED=500 RELATIVE=1
G0 Z0.025 F500 ;position for liquid contact
G0 Z1.0 F5000
G0 X57.0 Y54.0 F5000
DISPENSE MM=0.125 SPEED=500 RELATIVE=1
G0 Z0.025 F500 ;position for liquid contact
G0 Z1.0 F5000
G0 X60.0 Y54.0 F5000
DISPENSE MM=0.125 SPEED=500 RELATIVE=1
G0 Z0.025 F500 ;position for liquid contact
G0 Z1.0 F5000
G0 X63.0 Y54.0 F5000
DISPENSE MM=0.125 SPEED=500 RELATIVE=1
G0 Z0.025 F500 ;position for liquid contact
G0 Z1.0 F5000
G0 X66.0 Y54.0 F5000
DISPENSE MM=0.125 SPEED=500 RELATIVE=1
G0 Z0.025 F500 ;position for liquid contact
G0 Z1.0 F5000
G0 Z40.0 F5000
G0 X91.0 Y113.0 F5000.0
G0 Z1.0 F3000.0
DISPENSE MM=0.045 SPEED=30.0 RELATIVE=1
WAIT S=0.001
G0 Z0.025 F3000.0 ;position for liquid contact
G0 Z1.0 F5000.0
G0 X93.0 Y113.0 F5000.0
G0 Z1.0 F3000.0
DISPENSE MM=0.045 SPEED=30.0 RELATIVE=1
WAIT S=0.001
G0 Z0.025 F3000.0 ;position for liquid contact
G0 Z1.0 F5000.0
G0 X95.0 Y113.0 F5000.0
G0 Z1.0 F3000.0
DISPENSE MM=0.045 SPEED=30.0 RELATIVE=1
WAIT S=0.001
G0 Z0.025 F3000.0 ;position for liquid contact
G0 Z1.0 F5000.0
G0 X97.0 Y113.0 F5000.0
G0 Z1.0 F3000.0
DISPENSE MM=0.045 SPEED=30.0 RELATIVE=1
WAIT S=0.001
G0 Z0.025 F3000.0 ;position for liquid contact
G0 Z1.0 F5000.0
G0 X39.0 Y115.0 F5000.0
G0 Z1.0 F3000.0
WAIT S=0.2
DISPENSE MM=0.045 SPEED=30.0 RELATIVE=1
WAIT S=0.001
G0 Z0.025 F3000.0 ;position for liquid contact
G0 Z1.0 F5000.0
G0 X41.0 Y115.0 F5000.0
G0 Z1.0 F3000.0
DISPENSE MM=0.045 SPEED=30.0 RELATIVE=1
WAIT S=0.001
G0 Z0.025 F3000.0 ;position for liquid contact
G0 Z1.0 F5000.0
G0 X43.0 Y115.0 F5000.0
G0 Z1.0 F3000.0
DISPENSE MM=0.045 SPEED=30.0 RELATIVE=1
WAIT S=0.001
G0 Z0.025 F3000.0 ;position for liquid contact
G0 Z1.0 F5000.0
G0 X45.0 Y115.0 F5000.0
G0 Z1.0 F3000.0
DISPENSE MM=0.045 SPEED=30.0 RELATIVE=1
WAIT S=0.001
G0 Z0.025 F3000.0 ;position for liquid contact
G0 Z1.0 F5000.0
G0 X47.0 Y115.0 F5000.0
G0 Z1.0 F3000.0
DISPENSE MM=0.045 SPEED=30.0 RELATIVE=1
WAIT S=0.001
G0 Z0.025 F3000.0 ;position for liquid contact
G0 Z1.0 F5000.0
G0 X49.0 Y115.0 F5000.0
G0 Z1.0 F3000.0
DISPENSE MM=0.045 SPEED=30.0 RELATIVE=1
WAIT S=0.001
G0 Z0.025 F3000.0 ;position for liquid contact
G0 Z1.0 F5000.0
G0 X51.0 Y115.0 F5000.0
G0 Z1.0 F3000.0
DISPENSE MM=0.045 SPEED=30.0 RELATIVE=1
WAIT S=0.001
G0 Z0.025 F3000.0 ;position for liquid contact
G0 Z1.0 F5000.0
G0 X53.0 Y115.0 F5000.0
G0 Z1.0 F3000.0
DISPENSE MM=0.045 SPEED=30.0 RELATIVE=1
WAIT S=0.001
G0 Z0.025 F3000.0 ;position for liquid contact
G0 Z1.0 F5000.0
G0 X55.0 Y115.0 F5000.0
G0 Z1.0 F3000.0
DISPENSE MM=0.045 SPEED=30.0 RELATIVE=1
WAIT S=0.001
G0 Z0.025 F3000.0 ;position for liquid contact
G0 Z1.0 F5000.0
G0 X57.0 Y115.0 F5000.0
G0 Z1.0 F3000.0
DISPENSE MM=0.045 SPEED=30.0 RELATIVE=1
WAIT S=0.001
G0 Z0.025 F3000.0 ;position for liquid contact
G0 Z1.0 F5000.0
G0 X59.0 Y115.0 F5000.0
G0 Z1.0 F3000.0
DISPENSE MM=0.045 SPEED=30.0 RELATIVE=1
WAIT S=0.001
G0 Z0.025 F3000.0 ;position for liquid contact
G0 Z1.0 F5000.0
G0 X61.0 Y115.0 F5000.0
G0 Z1.0 F3000.0
DISPENSE MM=0.045 SPEED=30.0 RELATIVE=1
WAIT S=0.001
G0 Z0.025 F3000.0 ;position for liquid contact
G0 Z1.0 F5000.0
G0 X63.0 Y115.0 F5000.0
G0 Z1.0 F3000.0
DISPENSE MM=0.045 SPEED=30.0 RELATIVE=1
WAIT S=0.001
G0 Z0.025 F3000.0 ;position for liquid contact
G0 Z1.0 F5000.0
G0 X65.0 Y115.0 F5000.0
G0 Z1.0 F3000.0
DISPENSE MM=0.045 SPEED=30.0 RELATIVE=1
WAIT S=0.001
G0 Z0.025 F3000.0 ;position for liquid contact
G0 Z1.0 F5000.0
G0 X67.0 Y115.0 F5000.0
G0 Z1.0 F3000.0
DISPENSE MM=0.045 SPEED=30.0 RELATIVE=1
WAIT S=0.001
G0 Z0.025 F3000.0 ;position for liquid contact
G0 Z1.0 F5000.0
G0 X69.0 Y115.0 F5000.0
G0 Z1.0 F3000.0
DISPENSE MM=0.045 SPEED=30.0 RELATIVE=1
WAIT S=0.001
G0 Z0.025 F3000.0 ;position for liquid contact
G0 Z1.0 F5000.0
G0 X71.0 Y115.0 F5000.0
G0 Z1.0 F3000.0
DISPENSE MM=0.045 SPEED=30.0 RELATIVE=1
WAIT S=0.001
G0 Z0.025 F3000.0 ;position for liquid contact
G0 Z1.0 F5000.0
G0 X73.0 Y115.0 F5000.0
G0 Z1.0 F3000.0
DISPENSE MM=0.045 SPEED=30.0 RELATIVE=1
WAIT S=0.001
G0 Z0.025 F3000.0 ;position for liquid contact
G0 Z1.0 F5000.0
G0 X75.0 Y115.0 F5000.0
G0 Z1.0 F3000.0
DISPENSE MM=0.045 SPEED=30.0 RELATIVE=1
WAIT S=0.001
G0 Z0.025 F3000.0 ;position for liquid contact
G0 Z1.0 F5000.0
G0 X77.0 Y115.0 F5000.0
G0 Z1.0 F3000.0
DISPENSE MM=0.045 SPEED=30.0 RELATIVE=1
WAIT S=0.001
G0 Z0.025 F3000.0 ;position for liquid contact
G0 Z1.0 F5000.0
G0 X79.0 Y115.0 F5000.0
G0 Z1.0 F3000.0
DISPENSE MM=0.045 SPEED=30.0 RELATIVE=1
WAIT S=0.001
G0 Z0.025 F3000.0 ;position for liquid contact
G0 Z1.0 F5000.0
G0 X81.0 Y115.0 F5000.0
G0 Z1.0 F3000.0
DISPENSE MM=0.045 SPEED=30.0 RELATIVE=1
WAIT S=0.001
G0 Z0.025 F3000.0 ;position for liquid contact
G0 Z1.0 F5000.0
G0 X83.0 Y115.0 F5000.0
G0 Z1.0 F3000.0
DISPENSE MM=0.045 SPEED=30.0 RELATIVE=1
WAIT S=0.001
G0 Z0.025 F3000.0 ;position for liquid contact
G0 Z1.0 F5000.0
G0 X85.0 Y115.0 F5000.0
G0 Z1.0 F3000.0
DISPENSE MM=0.045 SPEED=30.0 RELATIVE=1
WAIT S=0.001
G0 Z0.025 F3000.0 ;position for liquid contact
G0 Z1.0 F5000.0
G0 X87.0 Y115.0 F5000.0
G0 Z1.0 F3000.0
DISPENSE MM=0.045 SPEED=30.0 RELATIVE=1
WAIT S=0.001
G0 Z0.025 F3000.0 ;position for liquid contact
G0 Z1.0 F5000.0
G0 X89.0 Y115.0 F5000.0
G0 Z1.0 F3000.0
DISPENSE MM=0.045 SPEED=30.0 RELATIVE=1
WAIT S=0.001
G0 Z0.025 F3000.0 ;position for liquid contact
G0 Z1.0 F5000.0
G0 X91.0 Y115.0 F5000.0
G0 Z1.0 F3000.0
DISPENSE MM=0.045 SPEED=30.0 RELATIVE=1
WAIT S=0.001
G0 Z0.025 F3000.0 ;position for liquid contact
G0 Z1.0 F5000.0
G0 X93.0 Y115.0 F5000.0
G0 Z1.0 F3000.0
DISPENSE MM=0.045 SPEED=30.0 RELATIVE=1
WAIT S=0.001
G0 Z0.025 F3000.0 ;position for liquid contact
G0 Z1.0 F5000.0
G0 X95.0 Y115.0 F5000.0
G0 Z1.0 F3000.0
DISPENSE MM=0.045 SPEED=30.0 RELATIVE=1
WAIT S=0.001
G0 Z0.025 F3000.0 ;position for liquid contact
G0 Z1.0 F5000.0
G0 X97.0 Y115.0 F5000.0
G0 Z1.0 F3000.0
DISPENSE MM=0.045 SPEED=30.0 RELATIVE=1
WAIT S=0.001
G0 Z0.025 F3000.0 ;position for liquid contact
G0 Z1.0 F5000.0

; Washing sequence
G0 Z40.0 F5000
G0 X221.0 Y116.0 F5000
G0 Z-5.0 F500
G0 X222.0 F2000.0
G0 X221.0 F2000.0
G0 X222.0 F2000.0
G0 X221.0 F2000.0
G0 X222.0 F2000.0
G0 X221.0 F2000.0
G0 X222.0 F2000.0
G0 X221.0 F2000.0
G0 X222.0 F2000.0
G0 X221.0 F2000.0
G0 X222.0 F2000.0
G0 X221.0 F2000.0
G0 X222.0 F2000.0
G0 X221.0 F2000.0
G0 X222.0 F2000.0
G0 X221.0 F2000.0
G0 X222.0 F2000.0
G0 X221.0 F2000.0
G0 X222.0 F2000.0
G0 X221.0 F2000.0
G0 X222.0 F2000.0
G0 X221.0 F2000.0
G0 X222.0 F2000.0
G0 X221.0 F2000.0
G0 X222.0 F2000.0
G0 X221.0 F2000.0
G0 X222.0 F2000.0
G0 X221.0 F2000.0
G0 X222.0 F2000.0
G0 X221.0 F2000.0
G0 X222.0 F2000.0
G0 X221.0 F2000.0
G0 X222.0 F2000.0
G0 X221.0 F2000.0
G0 X222.0 F2000.0
G0 X221.0 F2000.0
G0 X222.0 F2000.0
G0 X221.0 F2000.0
G0 X222.0 F2000.0
G0 X221.0 F2000.0
G0 X222.0 F2000.0
G0 X221.0 F2000.0
G0 X222.0 F2000.0
G0 X221.0 F2000.0
G0 X222.0 F2000.0
G0 X221.0 F2000.0
G0 X222.0 F2000.0
G0 X221.0 F2000.0
G0 X222.0 F2000.0
G0 X221.0 F2000.0
G0 X222.0 F2000.0
G0 X221.0 F2000.0
G0 X222.0 F2000.0
G0 X221.0 F2000.0
G0 X222.0 F2000.0
G0 X221.0 F2000.0
G0 X222.0 F2000.0
G0 X221.0 F2000.0
G0 X222.0 F2000.0
G0 X221.0 F2000.0
G0 X222.0 F2000.0
G0 X221.0 F2000.0
G0 X222.0 F2000.0
G0 X221.0 F2000.0
G0 X222.0 F2000.0
G0 X221.0 F2000.0
G0 X222.0 F2000.0
G0 X221.0 F2000.0
G0 X222.0 F2000.0
G0 X221.0 F2000.0
G0 X222.0 F2000.0
G0 X221.0 F2000.0
G0 X222.0 F2000.0
G0 X221.0 F2000.0
G0 X222.0 F2000.0
G0 X221.0 F2000.0
G0 X222.0 F2000.0
G0 X221.0 F2000.0
G0 X222.0 F2000.0
G0 X221.0 F2000.0
G0 X222.0 F2000.0
G0 X221.0 F2000.0
G0 X222.0 F2000.0
G0 X221.0 F2000.0
G0 X222.0 F2000.0
G0 X221.0 F2000.0
G0 X222.0 F2000.0
G0 X221.0 F2000.0
G0 X222.0 F2000.0
G0 X221.0 F2000.0
G0 X222.0 F2000.0
G0 X221.0 F2000.0
G0 X222.0 F2000.0
G0 X221.0 F2000.0
G0 X222.0 F2000.0
G0 X221.0 F2000.0
G0 X222.0 F2000.0
G0 X221.0 F2000.0
G0 X222.0 F2000.0
G0 X221.0 F2000.0
G0 Z40.0 F5000

G0 Z40.0 F5000.0 ; dispensing leftovers
G0 X221.0 Y116.0 F5000.0
G0 Z-5.0 F3000.0
DISPENSE MM=0.0 SPEED=30.0
WAIT S=1.0
ASPIRATE MM=50.0 SPEED=30.0 ; rinse aspiration
WAIT S=0.5
DISPENSE MM=0.0 SPEED=30.0 ; rinse dispense
ASPIRATE MM=50.0 SPEED=30.0 ; rinse aspiration
WAIT S=0.5
DISPENSE MM=0.0 SPEED=30.0 ; rinse dispense
ASPIRATE MM=50.0 SPEED=30.0 ; rinse aspiration
WAIT S=0.5
DISPENSE MM=0.0 SPEED=30.0 ; rinse dispense
ASPIRATE MM=50.0 SPEED=30.0 ; rinse aspiration
WAIT S=0.5
DISPENSE MM=0.0 SPEED=30.0 ; rinse dispense
ASPIRATE MM=50.0 SPEED=30.0 ; rinse aspiration
WAIT S=0.5
DISPENSE MM=0.0 SPEED=30.0 ; rinse dispense
WAIT S=2.0

G0 Z40.0 F5000.0 ; dispensing leftovers
ASPIRATE MM=50.0 SPEED=30.0 ; rinse aspiration
WAIT S=0.5
DISPENSE MM=0.0 SPEED=30.0 ; rinse dispense
ASPIRATE MM=50.0 SPEED=30.0 ; rinse aspiration
WAIT S=0.5
DISPENSE MM=0.0 SPEED=30.0 ; rinse dispense
ASPIRATE MM=50.0 SPEED=30.0 ; rinse aspiration
WAIT S=0.5
DISPENSE MM=0.0 SPEED=30.0 ; rinse dispense
ASPIRATE MM=50.0 SPEED=30.0 ; rinse aspiration
WAIT S=0.5
DISPENSE MM=0.0 SPEED=30.0 ; rinse dispense
ASPIRATE MM=50.0 SPEED=30.0 ; rinse aspiration
WAIT S=0.5
DISPENSE MM=0.0 SPEED=30.0 ; rinse dispense
WAIT S=2.0
G0 Z40.0 F5000.0
G0 Z40.0 F5000.0
G0 X221.0 Y66.0 F5000.0
G0 Z-6.0  F3000.0
ASPIRATE MM=26.0 SPEED=1.0; Filling the syringe
WAIT S=10.0
DISPENSE MM=10.0 SPEED=15.0 RELATIVE=1; Prevent backlash the syringe
WAIT S=2.0
G0 Z40.0 F5000.0

; Washing sequence
G0 Z40.0 F5000
G0 X221.0 Y116.0 F5000
G0 Z-5.0 F500
G0 X222.0 F2000.0
G0 X221.0 F2000.0
G0 X222.0 F2000.0
G0 X221.0 F2000.0
G0 X222.0 F2000.0
G0 X221.0 F2000.0
G0 X222.0 F2000.0
G0 X221.0 F2000.0
G0 X222.0 F2000.0
G0 X221.0 F2000.0
G0 X222.0 F2000.0
G0 X221.0 F2000.0
G0 X222.0 F2000.0
G0 X221.0 F2000.0
G0 X222.0 F2000.0
G0 X221.0 F2000.0
G0 X222.0 F2000.0
G0 X221.0 F2000.0
G0 X222.0 F2000.0
G0 X221.0 F2000.0
G0 X222.0 F2000.0
G0 X221.0 F2000.0
G0 X222.0 F2000.0
G0 X221.0 F2000.0
G0 X222.0 F2000.0
G0 X221.0 F2000.0
G0 X222.0 F2000.0
G0 X221.0 F2000.0
G0 X222.0 F2000.0
G0 X221.0 F2000.0
G0 X222.0 F2000.0
G0 X221.0 F2000.0
G0 X222.0 F2000.0
G0 X221.0 F2000.0
G0 X222.0 F2000.0
G0 X221.0 F2000.0
G0 X222.0 F2000.0
G0 X221.0 F2000.0
G0 X222.0 F2000.0
G0 X221.0 F2000.0
G0 X222.0 F2000.0
G0 X221.0 F2000.0
G0 X222.0 F2000.0
G0 X221.0 F2000.0
G0 X222.0 F2000.0
G0 X221.0 F2000.0
G0 X222.0 F2000.0
G0 X221.0 F2000.0
G0 X222.0 F2000.0
G0 X221.0 F2000.0
G0 X222.0 F2000.0
G0 X221.0 F2000.0
G0 X222.0 F2000.0
G0 X221.0 F2000.0
G0 X222.0 F2000.0
G0 X221.0 F2000.0
G0 X222.0 F2000.0
G0 X221.0 F2000.0
G0 X222.0 F2000.0
G0 X221.0 F2000.0
G0 X222.0 F2000.0
G0 X221.0 F2000.0
G0 X222.0 F2000.0
G0 X221.0 F2000.0
G0 X222.0 F2000.0
G0 X221.0 F2000.0
G0 X222.0 F2000.0
G0 X221.0 F2000.0
G0 X222.0 F2000.0
G0 X221.0 F2000.0
G0 X222.0 F2000.0
G0 X221.0 F2000.0
G0 X222.0 F2000.0
G0 X221.0 F2000.0
G0 X222.0 F2000.0
G0 X221.0 F2000.0
G0 X222.0 F2000.0
G0 X221.0 F2000.0
G0 X222.0 F2000.0
G0 X221.0 F2000.0
G0 X222.0 F2000.0
G0 X221.0 F2000.0
G0 X222.0 F2000.0
G0 X221.0 F2000.0
G0 X222.0 F2000.0
G0 X221.0 F2000.0
G0 X222.0 F2000.0
G0 X221.0 F2000.0
G0 X222.0 F2000.0
G0 X221.0 F2000.0
G0 X222.0 F2000.0
G0 X221.0 F2000.0
G0 X222.0 F2000.0
G0 X221.0 F2000.0
G0 X222.0 F2000.0
G0 X221.0 F2000.0
G0 X222.0 F2000.0
G0 X221.0 F2000.0
G0 X222.0 F2000.0
G0 X221.0 F2000.0
G0 Z40.0 F5000


; Create cleaning sequence
G0 X109.0 Y52.0 F5000
WAIT S=0.2
DISPENSE MM=0.125 SPEED=500 RELATIVE=1
G0 Z0.01 F500 ;position for liquid contact
G0 Z1.0 F5000
G0 X112.0 Y52.0 F5000
DISPENSE MM=0.125 SPEED=500 RELATIVE=1
G0 Z0.01 F500 ;position for liquid contact
G0 Z1.0 F5000
G0 X115.0 Y52.0 F5000
DISPENSE MM=0.125 SPEED=500 RELATIVE=1
G0 Z0.01 F500 ;position for liquid contact
G0 Z1.0 F5000
G0 X118.0 Y52.0 F5000
DISPENSE MM=0.125 SPEED=500 RELATIVE=1
G0 Z0.01 F500 ;position for liquid contact
G0 Z1.0 F5000
G0 X121.0 Y52.0 F5000
DISPENSE MM=0.125 SPEED=500 RELATIVE=1
G0 Z0.01 F500 ;position for liquid contact
G0 Z1.0 F5000
G0 X124.0 Y52.0 F5000
DISPENSE MM=0.125 SPEED=500 RELATIVE=1
G0 Z0.01 F500 ;position for liquid contact
G0 Z1.0 F5000
G0 X127.0 Y52.0 F5000
DISPENSE MM=0.125 SPEED=500 RELATIVE=1
G0 Z0.01 F500 ;position for liquid contact
G0 Z1.0 F5000
G0 X130.0 Y52.0 F5000
DISPENSE MM=0.125 SPEED=500 RELATIVE=1
G0 Z0.01 F500 ;position for liquid contact
G0 Z1.0 F5000
G0 X133.0 Y52.0 F5000
DISPENSE MM=0.125 SPEED=500 RELATIVE=1
G0 Z0.01 F500 ;position for liquid contact
G0 Z1.0 F5000
G0 X136.0 Y52.0 F5000
DISPENSE MM=0.125 SPEED=500 RELATIVE=1
G0 Z0.01 F500 ;position for liquid contact
G0 Z1.0 F5000
G0 X109.0 Y54.0 F5000
WAIT S=0.2
DISPENSE MM=0.125 SPEED=500 RELATIVE=1
G0 Z0.01 F500 ;position for liquid contact
G0 Z1.0 F5000
G0 X112.0 Y54.0 F5000
DISPENSE MM=0.125 SPEED=500 RELATIVE=1
G0 Z0.01 F500 ;position for liquid contact
G0 Z1.0 F5000
G0 X115.0 Y54.0 F5000
DISPENSE MM=0.125 SPEED=500 RELATIVE=1
G0 Z0.01 F500 ;position for liquid contact
G0 Z1.0 F5000
G0 X118.0 Y54.0 F5000
DISPENSE MM=0.125 SPEED=500 RELATIVE=1
G0 Z0.01 F500 ;position for liquid contact
G0 Z1.0 F5000
G0 X121.0 Y54.0 F5000
DISPENSE MM=0.125 SPEED=500 RELATIVE=1
G0 Z0.01 F500 ;position for liquid contact
G0 Z1.0 F5000
G0 X124.0 Y54.0 F5000
DISPENSE MM=0.125 SPEED=500 RELATIVE=1
G0 Z0.01 F500 ;position for liquid contact
G0 Z1.0 F5000
G0 X127.0 Y54.0 F5000
DISPENSE MM=0.125 SPEED=500 RELATIVE=1
G0 Z0.01 F500 ;position for liquid contact
G0 Z1.0 F5000
G0 X130.0 Y54.0 F5000
DISPENSE MM=0.125 SPEED=500 RELATIVE=1
G0 Z0.01 F500 ;position for liquid contact
G0 Z1.0 F5000
G0 X133.0 Y54.0 F5000
DISPENSE MM=0.125 SPEED=500 RELATIVE=1
G0 Z0.01 F500 ;position for liquid contact
G0 Z1.0 F5000
G0 X136.0 Y54.0 F5000
DISPENSE MM=0.125 SPEED=500 RELATIVE=1
G0 Z0.01 F500 ;position for liquid contact
G0 Z1.0 F5000
G0 Z40.0 F5000
G0 X109.0 Y57.0 F5000.0
G0 Z1.0 F3000.0
WAIT S=0.2
DISPENSE MM=0.015 SPEED=30.0 RELATIVE=1
WAIT S=0.001
G0 Z0.01 F3000.0 ;position for liquid contact
G0 Z1.0 F5000.0
G0 X111.0 Y57.0 F5000.0
G0 Z1.0 F3000.0
DISPENSE MM=0.015 SPEED=30.0 RELATIVE=1
WAIT S=0.001
G0 Z0.01 F3000.0 ;position for liquid contact
G0 Z1.0 F5000.0
G0 X113.0 Y57.0 F5000.0
G0 Z1.0 F3000.0
DISPENSE MM=0.015 SPEED=30.0 RELATIVE=1
WAIT S=0.001
G0 Z0.01 F3000.0 ;position for liquid contact
G0 Z1.0 F5000.0
G0 X115.0 Y57.0 F5000.0
G0 Z1.0 F3000.0
DISPENSE MM=0.015 SPEED=30.0 RELATIVE=1
WAIT S=0.001
G0 Z0.01 F3000.0 ;position for liquid contact
G0 Z1.0 F5000.0
G0 X117.0 Y57.0 F5000.0
G0 Z1.0 F3000.0
DISPENSE MM=0.015 SPEED=30.0 RELATIVE=1
WAIT S=0.001
G0 Z0.01 F3000.0 ;position for liquid contact
G0 Z1.0 F5000.0
G0 X119.0 Y57.0 F5000.0
G0 Z1.0 F3000.0
DISPENSE MM=0.015 SPEED=30.0 RELATIVE=1
WAIT S=0.001
G0 Z0.01 F3000.0 ;position for liquid contact
G0 Z1.0 F5000.0
G0 X121.0 Y57.0 F5000.0
G0 Z1.0 F3000.0
DISPENSE MM=0.015 SPEED=30.0 RELATIVE=1
WAIT S=0.001
G0 Z0.01 F3000.0 ;position for liquid contact
G0 Z1.0 F5000.0
G0 X123.0 Y57.0 F5000.0
G0 Z1.0 F3000.0
DISPENSE MM=0.015 SPEED=30.0 RELATIVE=1
WAIT S=0.001
G0 Z0.01 F3000.0 ;position for liquid contact
G0 Z1.0 F5000.0
G0 X125.0 Y57.0 F5000.0
G0 Z1.0 F3000.0
DISPENSE MM=0.015 SPEED=30.0 RELATIVE=1
WAIT S=0.001
G0 Z0.01 F3000.0 ;position for liquid contact
G0 Z1.0 F5000.0
G0 X127.0 Y57.0 F5000.0
G0 Z1.0 F3000.0
DISPENSE MM=0.015 SPEED=30.0 RELATIVE=1
WAIT S=0.001
G0 Z0.01 F3000.0 ;position for liquid contact
G0 Z1.0 F5000.0
G0 X129.0 Y57.0 F5000.0
G0 Z1.0 F3000.0
DISPENSE MM=0.015 SPEED=30.0 RELATIVE=1
WAIT S=0.001
G0 Z0.01 F3000.0 ;position for liquid contact
G0 Z1.0 F5000.0
G0 X131.0 Y57.0 F5000.0
G0 Z1.0 F3000.0
DISPENSE MM=0.015 SPEED=30.0 RELATIVE=1
WAIT S=0.001
G0 Z0.01 F3000.0 ;position for liquid contact
G0 Z1.0 F5000.0
G0 X133.0 Y57.0 F5000.0
G0 Z1.0 F3000.0
DISPENSE MM=0.015 SPEED=30.0 RELATIVE=1
WAIT S=0.001
G0 Z0.01 F3000.0 ;position for liquid contact
G0 Z1.0 F5000.0
G0 X135.0 Y57.0 F5000.0
G0 Z1.0 F3000.0
DISPENSE MM=0.015 SPEED=30.0 RELATIVE=1
WAIT S=0.001
G0 Z0.01 F3000.0 ;position for liquid contact
G0 Z1.0 F5000.0
G0 X137.0 Y57.0 F5000.0
G0 Z1.0 F3000.0
DISPENSE MM=0.015 SPEED=30.0 RELATIVE=1
WAIT S=0.001
G0 Z0.01 F3000.0 ;position for liquid contact
G0 Z1.0 F5000.0
G0 X139.0 Y57.0 F5000.0
G0 Z1.0 F3000.0
DISPENSE MM=0.015 SPEED=30.0 RELATIVE=1
WAIT S=0.001
G0 Z0.01 F3000.0 ;position for liquid contact
G0 Z1.0 F5000.0
G0 X141.0 Y57.0 F5000.0
G0 Z1.0 F3000.0
DISPENSE MM=0.015 SPEED=30.0 RELATIVE=1
WAIT S=0.001
G0 Z0.01 F3000.0 ;position for liquid contact
G0 Z1.0 F5000.0
G0 X143.0 Y57.0 F5000.0
G0 Z1.0 F3000.0
DISPENSE MM=0.015 SPEED=30.0 RELATIVE=1
WAIT S=0.001
G0 Z0.01 F3000.0 ;position for liquid contact
G0 Z1.0 F5000.0
G0 X145.0 Y57.0 F5000.0
G0 Z1.0 F3000.0
DISPENSE MM=0.015 SPEED=30.0 RELATIVE=1
WAIT S=0.001
G0 Z0.01 F3000.0 ;position for liquid contact
G0 Z1.0 F5000.0
G0 X147.0 Y57.0 F5000.0
G0 Z1.0 F3000.0
DISPENSE MM=0.015 SPEED=30.0 RELATIVE=1
WAIT S=0.001
G0 Z0.01 F3000.0 ;position for liquid contact
G0 Z1.0 F5000.0
G0 X149.0 Y57.0 F5000.0
G0 Z1.0 F3000.0
DISPENSE MM=0.015 SPEED=30.0 RELATIVE=1
WAIT S=0.001
G0 Z0.01 F3000.0 ;position for liquid contact
G0 Z1.0 F5000.0
G0 X151.0 Y57.0 F5000.0
G0 Z1.0 F3000.0
DISPENSE MM=0.015 SPEED=30.0 RELATIVE=1
WAIT S=0.001
G0 Z0.01 F3000.0 ;position for liquid contact
G0 Z1.0 F5000.0
G0 X153.0 Y57.0 F5000.0
G0 Z1.0 F3000.0
DISPENSE MM=0.015 SPEED=30.0 RELATIVE=1
WAIT S=0.001
G0 Z0.01 F3000.0 ;position for liquid contact
G0 Z1.0 F5000.0
G0 X155.0 Y57.0 F5000.0
G0 Z1.0 F3000.0
DISPENSE MM=0.015 SPEED=30.0 RELATIVE=1
WAIT S=0.001
G0 Z0.01 F3000.0 ;position for liquid contact
G0 Z1.0 F5000.0
G0 X157.0 Y57.0 F5000.0
G0 Z1.0 F3000.0
DISPENSE MM=0.015 SPEED=30.0 RELATIVE=1
WAIT S=0.001
G0 Z0.01 F3000.0 ;position for liquid contact
G0 Z1.0 F5000.0
G0 X159.0 Y57.0 F5000.0
G0 Z1.0 F3000.0
DISPENSE MM=0.015 SPEED=30.0 RELATIVE=1
WAIT S=0.001
G0 Z0.01 F3000.0 ;position for liquid contact
G0 Z1.0 F5000.0
G0 X161.0 Y57.0 F5000.0
G0 Z1.0 F3000.0
DISPENSE MM=0.015 SPEED=30.0 RELATIVE=1
WAIT S=0.001
G0 Z0.01 F3000.0 ;position for liquid contact
G0 Z1.0 F5000.0
G0 X163.0 Y57.0 F5000.0
G0 Z1.0 F3000.0
DISPENSE MM=0.015 SPEED=30.0 RELATIVE=1
WAIT S=0.001
G0 Z0.01 F3000.0 ;position for liquid contact
G0 Z1.0 F5000.0
G0 X165.0 Y57.0 F5000.0
G0 Z1.0 F3000.0
DISPENSE MM=0.015 SPEED=30.0 RELATIVE=1
WAIT S=0.001
G0 Z0.01 F3000.0 ;position for liquid contact
G0 Z1.0 F5000.0
G0 X167.0 Y57.0 F5000.0
G0 Z1.0 F3000.0
DISPENSE MM=0.015 SPEED=30.0 RELATIVE=1
WAIT S=0.001
G0 Z0.01 F3000.0 ;position for liquid contact
G0 Z1.0 F5000.0
G0 X109.0 Y59.0 F5000.0
G0 Z1.0 F3000.0
WAIT S=0.2
DISPENSE MM=0.015 SPEED=30.0 RELATIVE=1
WAIT S=0.001
G0 Z0.01 F3000.0 ;position for liquid contact
G0 Z1.0 F5000.0
G0 X111.0 Y59.0 F5000.0
G0 Z1.0 F3000.0
DISPENSE MM=0.015 SPEED=30.0 RELATIVE=1
WAIT S=0.001
G0 Z0.01 F3000.0 ;position for liquid contact
G0 Z1.0 F5000.0
G0 X113.0 Y59.0 F5000.0
G0 Z1.0 F3000.0
DISPENSE MM=0.015 SPEED=30.0 RELATIVE=1
WAIT S=0.001
G0 Z0.01 F3000.0 ;position for liquid contact
G0 Z1.0 F5000.0
G0 X115.0 Y59.0 F5000.0
G0 Z1.0 F3000.0
DISPENSE MM=0.015 SPEED=30.0 RELATIVE=1
WAIT S=0.001
G0 Z0.01 F3000.0 ;position for liquid contact
G0 Z1.0 F5000.0
G0 X117.0 Y59.0 F5000.0
G0 Z1.0 F3000.0
DISPENSE MM=0.015 SPEED=30.0 RELATIVE=1
WAIT S=0.001
G0 Z0.01 F3000.0 ;position for liquid contact
G0 Z1.0 F5000.0
G0 X119.0 Y59.0 F5000.0
G0 Z1.0 F3000.0
DISPENSE MM=0.015 SPEED=30.0 RELATIVE=1
WAIT S=0.001
G0 Z0.01 F3000.0 ;position for liquid contact
G0 Z1.0 F5000.0
G0 X121.0 Y59.0 F5000.0
G0 Z1.0 F3000.0
DISPENSE MM=0.015 SPEED=30.0 RELATIVE=1
WAIT S=0.001
G0 Z0.01 F3000.0 ;position for liquid contact
G0 Z1.0 F5000.0
G0 X123.0 Y59.0 F5000.0
G0 Z1.0 F3000.0
DISPENSE MM=0.015 SPEED=30.0 RELATIVE=1
WAIT S=0.001
G0 Z0.01 F3000.0 ;position for liquid contact
G0 Z1.0 F5000.0
G0 X125.0 Y59.0 F5000.0
G0 Z1.0 F3000.0
DISPENSE MM=0.015 SPEED=30.0 RELATIVE=1
WAIT S=0.001
G0 Z0.01 F3000.0 ;position for liquid contact
G0 Z1.0 F5000.0
G0 X127.0 Y59.0 F5000.0
G0 Z1.0 F3000.0
DISPENSE MM=0.015 SPEED=30.0 RELATIVE=1
WAIT S=0.001
G0 Z0.01 F3000.0 ;position for liquid contact
G0 Z1.0 F5000.0
G0 X129.0 Y59.0 F5000.0
G0 Z1.0 F3000.0
DISPENSE MM=0.015 SPEED=30.0 RELATIVE=1
WAIT S=0.001
G0 Z0.01 F3000.0 ;position for liquid contact
G0 Z1.0 F5000.0
G0 X131.0 Y59.0 F5000.0
G0 Z1.0 F3000.0
DISPENSE MM=0.015 SPEED=30.0 RELATIVE=1
WAIT S=0.001
G0 Z0.01 F3000.0 ;position for liquid contact
G0 Z1.0 F5000.0
G0 X133.0 Y59.0 F5000.0
G0 Z1.0 F3000.0
DISPENSE MM=0.015 SPEED=30.0 RELATIVE=1
WAIT S=0.001
G0 Z0.01 F3000.0 ;position for liquid contact
G0 Z1.0 F5000.0
G0 X135.0 Y59.0 F5000.0
G0 Z1.0 F3000.0
DISPENSE MM=0.015 SPEED=30.0 RELATIVE=1
WAIT S=0.001
G0 Z0.01 F3000.0 ;position for liquid contact
G0 Z1.0 F5000.0
G0 X137.0 Y59.0 F5000.0
G0 Z1.0 F3000.0
DISPENSE MM=0.015 SPEED=30.0 RELATIVE=1
WAIT S=0.001
G0 Z0.01 F3000.0 ;position for liquid contact
G0 Z1.0 F5000.0
G0 X139.0 Y59.0 F5000.0
G0 Z1.0 F3000.0
DISPENSE MM=0.015 SPEED=30.0 RELATIVE=1
WAIT S=0.001
G0 Z0.01 F3000.0 ;position for liquid contact
G0 Z1.0 F5000.0
G0 X141.0 Y59.0 F5000.0
G0 Z1.0 F3000.0
DISPENSE MM=0.015 SPEED=30.0 RELATIVE=1
WAIT S=0.001
G0 Z0.01 F3000.0 ;position for liquid contact
G0 Z1.0 F5000.0
G0 X143.0 Y59.0 F5000.0
G0 Z1.0 F3000.0
DISPENSE MM=0.015 SPEED=30.0 RELATIVE=1
WAIT S=0.001
G0 Z0.01 F3000.0 ;position for liquid contact
G0 Z1.0 F5000.0
G0 X145.0 Y59.0 F5000.0
G0 Z1.0 F3000.0
DISPENSE MM=0.015 SPEED=30.0 RELATIVE=1
WAIT S=0.001
G0 Z0.01 F3000.0 ;position for liquid contact
G0 Z1.0 F5000.0
G0 X147.0 Y59.0 F5000.0
G0 Z1.0 F3000.0
DISPENSE MM=0.015 SPEED=30.0 RELATIVE=1
WAIT S=0.001
G0 Z0.01 F3000.0 ;position for liquid contact
G0 Z1.0 F5000.0
G0 X149.0 Y59.0 F5000.0
G0 Z1.0 F3000.0
DISPENSE MM=0.015 SPEED=30.0 RELATIVE=1
WAIT S=0.001
G0 Z0.01 F3000.0 ;position for liquid contact
G0 Z1.0 F5000.0
G0 X151.0 Y59.0 F5000.0
G0 Z1.0 F3000.0
DISPENSE MM=0.015 SPEED=30.0 RELATIVE=1
WAIT S=0.001
G0 Z0.01 F3000.0 ;position for liquid contact
G0 Z1.0 F5000.0
G0 X153.0 Y59.0 F5000.0
G0 Z1.0 F3000.0
DISPENSE MM=0.015 SPEED=30.0 RELATIVE=1
WAIT S=0.001
G0 Z0.01 F3000.0 ;position for liquid contact
G0 Z1.0 F5000.0
G0 X155.0 Y59.0 F5000.0
G0 Z1.0 F3000.0
DISPENSE MM=0.015 SPEED=30.0 RELATIVE=1
WAIT S=0.001
G0 Z0.01 F3000.0 ;position for liquid contact
G0 Z1.0 F5000.0
G0 X157.0 Y59.0 F5000.0
G0 Z1.0 F3000.0
DISPENSE MM=0.015 SPEED=30.0 RELATIVE=1
WAIT S=0.001
G0 Z0.01 F3000.0 ;position for liquid contact
G0 Z1.0 F5000.0
G0 X159.0 Y59.0 F5000.0
G0 Z1.0 F3000.0
DISPENSE MM=0.015 SPEED=30.0 RELATIVE=1
WAIT S=0.001
G0 Z0.01 F3000.0 ;position for liquid contact
G0 Z1.0 F5000.0
G0 X161.0 Y59.0 F5000.0
G0 Z1.0 F3000.0
DISPENSE MM=0.015 SPEED=30.0 RELATIVE=1
WAIT S=0.001
G0 Z0.01 F3000.0 ;position for liquid contact
G0 Z1.0 F5000.0
G0 X163.0 Y59.0 F5000.0
G0 Z1.0 F3000.0
DISPENSE MM=0.015 SPEED=30.0 RELATIVE=1
WAIT S=0.001
G0 Z0.01 F3000.0 ;position for liquid contact
G0 Z1.0 F5000.0
G0 X165.0 Y59.0 F5000.0
G0 Z1.0 F3000.0
DISPENSE MM=0.015 SPEED=30.0 RELATIVE=1
WAIT S=0.001
G0 Z0.01 F3000.0 ;position for liquid contact
G0 Z1.0 F5000.0
G0 X167.0 Y59.0 F5000.0
G0 Z1.0 F3000.0
DISPENSE MM=0.015 SPEED=30.0 RELATIVE=1
WAIT S=0.001
G0 Z0.01 F3000.0 ;position for liquid contact
G0 Z1.0 F5000.0
G0 X109.0 Y61.0 F5000.0
G0 Z1.0 F3000.0
WAIT S=0.2
DISPENSE MM=0.015 SPEED=30.0 RELATIVE=1
WAIT S=0.001
G0 Z0.01 F3000.0 ;position for liquid contact
G0 Z1.0 F5000.0
G0 X111.0 Y61.0 F5000.0
G0 Z1.0 F3000.0
DISPENSE MM=0.015 SPEED=30.0 RELATIVE=1
WAIT S=0.001
G0 Z0.01 F3000.0 ;position for liquid contact
G0 Z1.0 F5000.0
G0 X113.0 Y61.0 F5000.0
G0 Z1.0 F3000.0
DISPENSE MM=0.015 SPEED=30.0 RELATIVE=1
WAIT S=0.001
G0 Z0.01 F3000.0 ;position for liquid contact
G0 Z1.0 F5000.0
G0 X115.0 Y61.0 F5000.0
G0 Z1.0 F3000.0
DISPENSE MM=0.015 SPEED=30.0 RELATIVE=1
WAIT S=0.001
G0 Z0.01 F3000.0 ;position for liquid contact
G0 Z1.0 F5000.0
G0 X117.0 Y61.0 F5000.0
G0 Z1.0 F3000.0
DISPENSE MM=0.015 SPEED=30.0 RELATIVE=1
WAIT S=0.001
G0 Z0.01 F3000.0 ;position for liquid contact
G0 Z1.0 F5000.0
G0 X119.0 Y61.0 F5000.0
G0 Z1.0 F3000.0
DISPENSE MM=0.015 SPEED=30.0 RELATIVE=1
WAIT S=0.001
G0 Z0.01 F3000.0 ;position for liquid contact
G0 Z1.0 F5000.0
G0 X121.0 Y61.0 F5000.0
G0 Z1.0 F3000.0
DISPENSE MM=0.015 SPEED=30.0 RELATIVE=1
WAIT S=0.001
G0 Z0.01 F3000.0 ;position for liquid contact
G0 Z1.0 F5000.0
G0 X123.0 Y61.0 F5000.0
G0 Z1.0 F3000.0
DISPENSE MM=0.015 SPEED=30.0 RELATIVE=1
WAIT S=0.001
G0 Z0.01 F3000.0 ;position for liquid contact
G0 Z1.0 F5000.0
G0 X125.0 Y61.0 F5000.0
G0 Z1.0 F3000.0
DISPENSE MM=0.015 SPEED=30.0 RELATIVE=1
WAIT S=0.001
G0 Z0.01 F3000.0 ;position for liquid contact
G0 Z1.0 F5000.0
G0 X127.0 Y61.0 F5000.0
G0 Z1.0 F3000.0
DISPENSE MM=0.015 SPEED=30.0 RELATIVE=1
WAIT S=0.001
G0 Z0.01 F3000.0 ;position for liquid contact
G0 Z1.0 F5000.0
G0 X129.0 Y61.0 F5000.0
G0 Z1.0 F3000.0
DISPENSE MM=0.015 SPEED=30.0 RELATIVE=1
WAIT S=0.001
G0 Z0.01 F3000.0 ;position for liquid contact
G0 Z1.0 F5000.0
G0 X131.0 Y61.0 F5000.0
G0 Z1.0 F3000.0
DISPENSE MM=0.015 SPEED=30.0 RELATIVE=1
WAIT S=0.001
G0 Z0.01 F3000.0 ;position for liquid contact
G0 Z1.0 F5000.0
G0 X133.0 Y61.0 F5000.0
G0 Z1.0 F3000.0
DISPENSE MM=0.015 SPEED=30.0 RELATIVE=1
WAIT S=0.001
G0 Z0.01 F3000.0 ;position for liquid contact
G0 Z1.0 F5000.0
G0 X135.0 Y61.0 F5000.0
G0 Z1.0 F3000.0
DISPENSE MM=0.015 SPEED=30.0 RELATIVE=1
WAIT S=0.001
G0 Z0.01 F3000.0 ;position for liquid contact
G0 Z1.0 F5000.0
G0 X137.0 Y61.0 F5000.0
G0 Z1.0 F3000.0
DISPENSE MM=0.015 SPEED=30.0 RELATIVE=1
WAIT S=0.001
G0 Z0.01 F3000.0 ;position for liquid contact
G0 Z1.0 F5000.0
G0 X139.0 Y61.0 F5000.0
G0 Z1.0 F3000.0
DISPENSE MM=0.015 SPEED=30.0 RELATIVE=1
WAIT S=0.001
G0 Z0.01 F3000.0 ;position for liquid contact
G0 Z1.0 F5000.0
G0 X141.0 Y61.0 F5000.0
G0 Z1.0 F3000.0
DISPENSE MM=0.015 SPEED=30.0 RELATIVE=1
WAIT S=0.001
G0 Z0.01 F3000.0 ;position for liquid contact
G0 Z1.0 F5000.0
G0 X143.0 Y61.0 F5000.0
G0 Z1.0 F3000.0
DISPENSE MM=0.015 SPEED=30.0 RELATIVE=1
WAIT S=0.001
G0 Z0.01 F3000.0 ;position for liquid contact
G0 Z1.0 F5000.0
G0 X145.0 Y61.0 F5000.0
G0 Z1.0 F3000.0
DISPENSE MM=0.015 SPEED=30.0 RELATIVE=1
WAIT S=0.001
G0 Z0.01 F3000.0 ;position for liquid contact
G0 Z1.0 F5000.0
G0 X147.0 Y61.0 F5000.0
G0 Z1.0 F3000.0
DISPENSE MM=0.015 SPEED=30.0 RELATIVE=1
WAIT S=0.001
G0 Z0.01 F3000.0 ;position for liquid contact
G0 Z1.0 F5000.0
G0 X149.0 Y61.0 F5000.0
G0 Z1.0 F3000.0
DISPENSE MM=0.015 SPEED=30.0 RELATIVE=1
WAIT S=0.001
G0 Z0.01 F3000.0 ;position for liquid contact
G0 Z1.0 F5000.0
G0 X151.0 Y61.0 F5000.0
G0 Z1.0 F3000.0
DISPENSE MM=0.015 SPEED=30.0 RELATIVE=1
WAIT S=0.001
G0 Z0.01 F3000.0 ;position for liquid contact
G0 Z1.0 F5000.0
G0 X153.0 Y61.0 F5000.0
G0 Z1.0 F3000.0
DISPENSE MM=0.015 SPEED=30.0 RELATIVE=1
WAIT S=0.001
G0 Z0.01 F3000.0 ;position for liquid contact
G0 Z1.0 F5000.0
G0 X155.0 Y61.0 F5000.0
G0 Z1.0 F3000.0
DISPENSE MM=0.015 SPEED=30.0 RELATIVE=1
WAIT S=0.001
G0 Z0.01 F3000.0 ;position for liquid contact
G0 Z1.0 F5000.0
G0 X157.0 Y61.0 F5000.0
G0 Z1.0 F3000.0
DISPENSE MM=0.015 SPEED=30.0 RELATIVE=1
WAIT S=0.001
G0 Z0.01 F3000.0 ;position for liquid contact
G0 Z1.0 F5000.0
G0 X159.0 Y61.0 F5000.0
G0 Z1.0 F3000.0
DISPENSE MM=0.015 SPEED=30.0 RELATIVE=1
WAIT S=0.001
G0 Z0.01 F3000.0 ;position for liquid contact
G0 Z1.0 F5000.0
G0 X161.0 Y61.0 F5000.0
G0 Z1.0 F3000.0
DISPENSE MM=0.015 SPEED=30.0 RELATIVE=1
WAIT S=0.001
G0 Z0.01 F3000.0 ;position for liquid contact
G0 Z1.0 F5000.0
G0 X163.0 Y61.0 F5000.0
G0 Z1.0 F3000.0
DISPENSE MM=0.015 SPEED=30.0 RELATIVE=1
WAIT S=0.001
G0 Z0.01 F3000.0 ;position for liquid contact
G0 Z1.0 F5000.0
G0 X165.0 Y61.0 F5000.0
G0 Z1.0 F3000.0
DISPENSE MM=0.015 SPEED=30.0 RELATIVE=1
WAIT S=0.001
G0 Z0.01 F3000.0 ;position for liquid contact
G0 Z1.0 F5000.0
G0 X167.0 Y61.0 F5000.0
G0 Z1.0 F3000.0
DISPENSE MM=0.015 SPEED=30.0 RELATIVE=1
WAIT S=0.001
G0 Z0.01 F3000.0 ;position for liquid contact
G0 Z1.0 F5000.0
G0 X109.0 Y63.0 F5000.0
G0 Z1.0 F3000.0
WAIT S=0.2
DISPENSE MM=0.015 SPEED=30.0 RELATIVE=1
WAIT S=0.001
G0 Z0.01 F3000.0 ;position for liquid contact
G0 Z1.0 F5000.0
G0 X111.0 Y63.0 F5000.0
G0 Z1.0 F3000.0
DISPENSE MM=0.015 SPEED=30.0 RELATIVE=1
WAIT S=0.001
G0 Z0.01 F3000.0 ;position for liquid contact
G0 Z1.0 F5000.0
G0 X113.0 Y63.0 F5000.0
G0 Z1.0 F3000.0
DISPENSE MM=0.015 SPEED=30.0 RELATIVE=1
WAIT S=0.001
G0 Z0.01 F3000.0 ;position for liquid contact
G0 Z1.0 F5000.0
G0 X115.0 Y63.0 F5000.0
G0 Z1.0 F3000.0
DISPENSE MM=0.015 SPEED=30.0 RELATIVE=1
WAIT S=0.001
G0 Z0.01 F3000.0 ;position for liquid contact
G0 Z1.0 F5000.0
G0 X117.0 Y63.0 F5000.0
G0 Z1.0 F3000.0
DISPENSE MM=0.015 SPEED=30.0 RELATIVE=1
WAIT S=0.001
G0 Z0.01 F3000.0 ;position for liquid contact
G0 Z1.0 F5000.0
G0 X119.0 Y63.0 F5000.0
G0 Z1.0 F3000.0
DISPENSE MM=0.015 SPEED=30.0 RELATIVE=1
WAIT S=0.001
G0 Z0.01 F3000.0 ;position for liquid contact
G0 Z1.0 F5000.0
G0 X121.0 Y63.0 F5000.0
G0 Z1.0 F3000.0
DISPENSE MM=0.015 SPEED=30.0 RELATIVE=1
WAIT S=0.001
G0 Z0.01 F3000.0 ;position for liquid contact
G0 Z1.0 F5000.0
G0 X123.0 Y63.0 F5000.0
G0 Z1.0 F3000.0
DISPENSE MM=0.015 SPEED=30.0 RELATIVE=1
WAIT S=0.001
G0 Z0.01 F3000.0 ;position for liquid contact
G0 Z1.0 F5000.0
G0 X125.0 Y63.0 F5000.0
G0 Z1.0 F3000.0
DISPENSE MM=0.015 SPEED=30.0 RELATIVE=1
WAIT S=0.001
G0 Z0.01 F3000.0 ;position for liquid contact
G0 Z1.0 F5000.0
G0 X127.0 Y63.0 F5000.0
G0 Z1.0 F3000.0
DISPENSE MM=0.015 SPEED=30.0 RELATIVE=1
WAIT S=0.001
G0 Z0.01 F3000.0 ;position for liquid contact
G0 Z1.0 F5000.0
G0 X129.0 Y63.0 F5000.0
G0 Z1.0 F3000.0
DISPENSE MM=0.015 SPEED=30.0 RELATIVE=1
WAIT S=0.001
G0 Z0.01 F3000.0 ;position for liquid contact
G0 Z1.0 F5000.0
G0 X131.0 Y63.0 F5000.0
G0 Z1.0 F3000.0
DISPENSE MM=0.015 SPEED=30.0 RELATIVE=1
WAIT S=0.001
G0 Z0.01 F3000.0 ;position for liquid contact
G0 Z1.0 F5000.0
G0 X133.0 Y63.0 F5000.0
G0 Z1.0 F3000.0
DISPENSE MM=0.015 SPEED=30.0 RELATIVE=1
WAIT S=0.001
G0 Z0.01 F3000.0 ;position for liquid contact
G0 Z1.0 F5000.0
G0 X135.0 Y63.0 F5000.0
G0 Z1.0 F3000.0
DISPENSE MM=0.015 SPEED=30.0 RELATIVE=1
WAIT S=0.001
G0 Z0.01 F3000.0 ;position for liquid contact
G0 Z1.0 F5000.0
G0 X137.0 Y63.0 F5000.0
G0 Z1.0 F3000.0
DISPENSE MM=0.015 SPEED=30.0 RELATIVE=1
WAIT S=0.001
G0 Z0.01 F3000.0 ;position for liquid contact
G0 Z1.0 F5000.0
G0 X139.0 Y63.0 F5000.0
G0 Z1.0 F3000.0
DISPENSE MM=0.015 SPEED=30.0 RELATIVE=1
WAIT S=0.001
G0 Z0.01 F3000.0 ;position for liquid contact
G0 Z1.0 F5000.0
G0 X141.0 Y63.0 F5000.0
G0 Z1.0 F3000.0
DISPENSE MM=0.015 SPEED=30.0 RELATIVE=1
WAIT S=0.001
G0 Z0.01 F3000.0 ;position for liquid contact
G0 Z1.0 F5000.0
G0 X143.0 Y63.0 F5000.0
G0 Z1.0 F3000.0
DISPENSE MM=0.015 SPEED=30.0 RELATIVE=1
WAIT S=0.001
G0 Z0.01 F3000.0 ;position for liquid contact
G0 Z1.0 F5000.0
G0 X145.0 Y63.0 F5000.0
G0 Z1.0 F3000.0
DISPENSE MM=0.015 SPEED=30.0 RELATIVE=1
WAIT S=0.001
G0 Z0.01 F3000.0 ;position for liquid contact
G0 Z1.0 F5000.0
G0 X147.0 Y63.0 F5000.0
G0 Z1.0 F3000.0
DISPENSE MM=0.015 SPEED=30.0 RELATIVE=1
WAIT S=0.001
G0 Z0.01 F3000.0 ;position for liquid contact
G0 Z1.0 F5000.0
G0 X149.0 Y63.0 F5000.0
G0 Z1.0 F3000.0
DISPENSE MM=0.015 SPEED=30.0 RELATIVE=1
WAIT S=0.001
G0 Z0.01 F3000.0 ;position for liquid contact
G0 Z1.0 F5000.0
G0 X151.0 Y63.0 F5000.0
G0 Z1.0 F3000.0
DISPENSE MM=0.015 SPEED=30.0 RELATIVE=1
WAIT S=0.001
G0 Z0.01 F3000.0 ;position for liquid contact
G0 Z1.0 F5000.0
G0 X153.0 Y63.0 F5000.0
G0 Z1.0 F3000.0
DISPENSE MM=0.015 SPEED=30.0 RELATIVE=1
WAIT S=0.001
G0 Z0.01 F3000.0 ;position for liquid contact
G0 Z1.0 F5000.0
G0 X155.0 Y63.0 F5000.0
G0 Z1.0 F3000.0
DISPENSE MM=0.015 SPEED=30.0 RELATIVE=1
WAIT S=0.001
G0 Z0.01 F3000.0 ;position for liquid contact
G0 Z1.0 F5000.0
G0 X157.0 Y63.0 F5000.0
G0 Z1.0 F3000.0
DISPENSE MM=0.015 SPEED=30.0 RELATIVE=1
WAIT S=0.001
G0 Z0.01 F3000.0 ;position for liquid contact
G0 Z1.0 F5000.0
G0 X159.0 Y63.0 F5000.0
G0 Z1.0 F3000.0
DISPENSE MM=0.015 SPEED=30.0 RELATIVE=1
WAIT S=0.001
G0 Z0.01 F3000.0 ;position for liquid contact
G0 Z1.0 F5000.0
G0 X161.0 Y63.0 F5000.0
G0 Z1.0 F3000.0
DISPENSE MM=0.015 SPEED=30.0 RELATIVE=1
WAIT S=0.001
G0 Z0.01 F3000.0 ;position for liquid contact
G0 Z1.0 F5000.0
G0 X163.0 Y63.0 F5000.0
G0 Z1.0 F3000.0
DISPENSE MM=0.015 SPEED=30.0 RELATIVE=1
WAIT S=0.001
G0 Z0.01 F3000.0 ;position for liquid contact
G0 Z1.0 F5000.0
G0 X165.0 Y63.0 F5000.0
G0 Z1.0 F3000.0
DISPENSE MM=0.015 SPEED=30.0 RELATIVE=1
WAIT S=0.001
G0 Z0.01 F3000.0 ;position for liquid contact
G0 Z1.0 F5000.0
G0 X167.0 Y63.0 F5000.0
G0 Z1.0 F3000.0
DISPENSE MM=0.015 SPEED=30.0 RELATIVE=1
WAIT S=0.001
G0 Z0.01 F3000.0 ;position for liquid contact
G0 Z1.0 F5000.0
G0 X109.0 Y65.0 F5000.0
G0 Z1.0 F3000.0
WAIT S=0.2
DISPENSE MM=0.015 SPEED=30.0 RELATIVE=1
WAIT S=0.001
G0 Z0.01 F3000.0 ;position for liquid contact
G0 Z1.0 F5000.0
G0 X111.0 Y65.0 F5000.0
G0 Z1.0 F3000.0
DISPENSE MM=0.015 SPEED=30.0 RELATIVE=1
WAIT S=0.001
G0 Z0.01 F3000.0 ;position for liquid contact
G0 Z1.0 F5000.0
G0 X113.0 Y65.0 F5000.0
G0 Z1.0 F3000.0
DISPENSE MM=0.015 SPEED=30.0 RELATIVE=1
WAIT S=0.001
G0 Z0.01 F3000.0 ;position for liquid contact
G0 Z1.0 F5000.0
G0 X115.0 Y65.0 F5000.0
G0 Z1.0 F3000.0
DISPENSE MM=0.015 SPEED=30.0 RELATIVE=1
WAIT S=0.001
G0 Z0.01 F3000.0 ;position for liquid contact
G0 Z1.0 F5000.0
G0 X117.0 Y65.0 F5000.0
G0 Z1.0 F3000.0
DISPENSE MM=0.015 SPEED=30.0 RELATIVE=1
WAIT S=0.001
G0 Z0.01 F3000.0 ;position for liquid contact
G0 Z1.0 F5000.0
G0 X119.0 Y65.0 F5000.0
G0 Z1.0 F3000.0
DISPENSE MM=0.015 SPEED=30.0 RELATIVE=1
WAIT S=0.001
G0 Z0.01 F3000.0 ;position for liquid contact
G0 Z1.0 F5000.0
G0 X121.0 Y65.0 F5000.0
G0 Z1.0 F3000.0
DISPENSE MM=0.015 SPEED=30.0 RELATIVE=1
WAIT S=0.001
G0 Z0.01 F3000.0 ;position for liquid contact
G0 Z1.0 F5000.0
G0 X123.0 Y65.0 F5000.0
G0 Z1.0 F3000.0
DISPENSE MM=0.015 SPEED=30.0 RELATIVE=1
WAIT S=0.001
G0 Z0.01 F3000.0 ;position for liquid contact
G0 Z1.0 F5000.0
G0 X125.0 Y65.0 F5000.0
G0 Z1.0 F3000.0
DISPENSE MM=0.015 SPEED=30.0 RELATIVE=1
WAIT S=0.001
G0 Z0.01 F3000.0 ;position for liquid contact
G0 Z1.0 F5000.0
G0 X127.0 Y65.0 F5000.0
G0 Z1.0 F3000.0
DISPENSE MM=0.015 SPEED=30.0 RELATIVE=1
WAIT S=0.001
G0 Z0.01 F3000.0 ;position for liquid contact
G0 Z1.0 F5000.0
G0 X129.0 Y65.0 F5000.0
G0 Z1.0 F3000.0
DISPENSE MM=0.015 SPEED=30.0 RELATIVE=1
WAIT S=0.001
G0 Z0.01 F3000.0 ;position for liquid contact
G0 Z1.0 F5000.0
G0 X131.0 Y65.0 F5000.0
G0 Z1.0 F3000.0
DISPENSE MM=0.015 SPEED=30.0 RELATIVE=1
WAIT S=0.001
G0 Z0.01 F3000.0 ;position for liquid contact
G0 Z1.0 F5000.0
G0 X133.0 Y65.0 F5000.0
G0 Z1.0 F3000.0
DISPENSE MM=0.015 SPEED=30.0 RELATIVE=1
WAIT S=0.001
G0 Z0.01 F3000.0 ;position for liquid contact
G0 Z1.0 F5000.0
G0 X135.0 Y65.0 F5000.0
G0 Z1.0 F3000.0
DISPENSE MM=0.015 SPEED=30.0 RELATIVE=1
WAIT S=0.001
G0 Z0.01 F3000.0 ;position for liquid contact
G0 Z1.0 F5000.0
G0 X137.0 Y65.0 F5000.0
G0 Z1.0 F3000.0
DISPENSE MM=0.015 SPEED=30.0 RELATIVE=1
WAIT S=0.001
G0 Z0.01 F3000.0 ;position for liquid contact
G0 Z1.0 F5000.0
G0 X139.0 Y65.0 F5000.0
G0 Z1.0 F3000.0
DISPENSE MM=0.015 SPEED=30.0 RELATIVE=1
WAIT S=0.001
G0 Z0.01 F3000.0 ;position for liquid contact
G0 Z1.0 F5000.0
G0 X141.0 Y65.0 F5000.0
G0 Z1.0 F3000.0
DISPENSE MM=0.015 SPEED=30.0 RELATIVE=1
WAIT S=0.001
G0 Z0.01 F3000.0 ;position for liquid contact
G0 Z1.0 F5000.0
G0 X143.0 Y65.0 F5000.0
G0 Z1.0 F3000.0
DISPENSE MM=0.015 SPEED=30.0 RELATIVE=1
WAIT S=0.001
G0 Z0.01 F3000.0 ;position for liquid contact
G0 Z1.0 F5000.0
G0 X145.0 Y65.0 F5000.0
G0 Z1.0 F3000.0
DISPENSE MM=0.015 SPEED=30.0 RELATIVE=1
WAIT S=0.001
G0 Z0.01 F3000.0 ;position for liquid contact
G0 Z1.0 F5000.0
G0 X147.0 Y65.0 F5000.0
G0 Z1.0 F3000.0
DISPENSE MM=0.015 SPEED=30.0 RELATIVE=1
WAIT S=0.001
G0 Z0.01 F3000.0 ;position for liquid contact
G0 Z1.0 F5000.0
G0 X149.0 Y65.0 F5000.0
G0 Z1.0 F3000.0
DISPENSE MM=0.015 SPEED=30.0 RELATIVE=1
WAIT S=0.001
G0 Z0.01 F3000.0 ;position for liquid contact
G0 Z1.0 F5000.0
G0 X151.0 Y65.0 F5000.0
G0 Z1.0 F3000.0
DISPENSE MM=0.015 SPEED=30.0 RELATIVE=1
WAIT S=0.001
G0 Z0.01 F3000.0 ;position for liquid contact
G0 Z1.0 F5000.0
G0 X153.0 Y65.0 F5000.0
G0 Z1.0 F3000.0
DISPENSE MM=0.015 SPEED=30.0 RELATIVE=1
WAIT S=0.001
G0 Z0.01 F3000.0 ;position for liquid contact
G0 Z1.0 F5000.0
G0 X155.0 Y65.0 F5000.0
G0 Z1.0 F3000.0
DISPENSE MM=0.015 SPEED=30.0 RELATIVE=1
WAIT S=0.001
G0 Z0.01 F3000.0 ;position for liquid contact
G0 Z1.0 F5000.0
G0 X157.0 Y65.0 F5000.0
G0 Z1.0 F3000.0
DISPENSE MM=0.015 SPEED=30.0 RELATIVE=1
WAIT S=0.001
G0 Z0.01 F3000.0 ;position for liquid contact
G0 Z1.0 F5000.0
G0 X159.0 Y65.0 F5000.0
G0 Z1.0 F3000.0
DISPENSE MM=0.015 SPEED=30.0 RELATIVE=1
WAIT S=0.001
G0 Z0.01 F3000.0 ;position for liquid contact
G0 Z1.0 F5000.0
G0 X161.0 Y65.0 F5000.0
G0 Z1.0 F3000.0
DISPENSE MM=0.015 SPEED=30.0 RELATIVE=1
WAIT S=0.001
G0 Z0.01 F3000.0 ;position for liquid contact
G0 Z1.0 F5000.0
G0 X163.0 Y65.0 F5000.0
G0 Z1.0 F3000.0
DISPENSE MM=0.015 SPEED=30.0 RELATIVE=1
WAIT S=0.001
G0 Z0.01 F3000.0 ;position for liquid contact
G0 Z1.0 F5000.0
G0 X165.0 Y65.0 F5000.0
G0 Z1.0 F3000.0
DISPENSE MM=0.015 SPEED=30.0 RELATIVE=1
WAIT S=0.001
G0 Z0.01 F3000.0 ;position for liquid contact
G0 Z1.0 F5000.0
G0 X167.0 Y65.0 F5000.0
G0 Z1.0 F3000.0
DISPENSE MM=0.015 SPEED=30.0 RELATIVE=1
WAIT S=0.001
G0 Z0.01 F3000.0 ;position for liquid contact
G0 Z1.0 F5000.0
G0 X109.0 Y67.0 F5000.0
G0 Z1.0 F3000.0
WAIT S=0.2
DISPENSE MM=0.015 SPEED=30.0 RELATIVE=1
WAIT S=0.001
G0 Z0.01 F3000.0 ;position for liquid contact
G0 Z1.0 F5000.0
G0 X111.0 Y67.0 F5000.0
G0 Z1.0 F3000.0
DISPENSE MM=0.015 SPEED=30.0 RELATIVE=1
WAIT S=0.001
G0 Z0.01 F3000.0 ;position for liquid contact
G0 Z1.0 F5000.0
G0 X113.0 Y67.0 F5000.0
G0 Z1.0 F3000.0
DISPENSE MM=0.015 SPEED=30.0 RELATIVE=1
WAIT S=0.001
G0 Z0.01 F3000.0 ;position for liquid contact
G0 Z1.0 F5000.0
G0 X115.0 Y67.0 F5000.0
G0 Z1.0 F3000.0
DISPENSE MM=0.015 SPEED=30.0 RELATIVE=1
WAIT S=0.001
G0 Z0.01 F3000.0 ;position for liquid contact
G0 Z1.0 F5000.0
G0 X117.0 Y67.0 F5000.0
G0 Z1.0 F3000.0
DISPENSE MM=0.015 SPEED=30.0 RELATIVE=1
WAIT S=0.001
G0 Z0.01 F3000.0 ;position for liquid contact
G0 Z1.0 F5000.0
G0 X119.0 Y67.0 F5000.0
G0 Z1.0 F3000.0
DISPENSE MM=0.015 SPEED=30.0 RELATIVE=1
WAIT S=0.001
G0 Z0.01 F3000.0 ;position for liquid contact
G0 Z1.0 F5000.0
G0 X121.0 Y67.0 F5000.0
G0 Z1.0 F3000.0
DISPENSE MM=0.015 SPEED=30.0 RELATIVE=1
WAIT S=0.001
G0 Z0.01 F3000.0 ;position for liquid contact
G0 Z1.0 F5000.0
G0 X123.0 Y67.0 F5000.0
G0 Z1.0 F3000.0
DISPENSE MM=0.015 SPEED=30.0 RELATIVE=1
WAIT S=0.001
G0 Z0.01 F3000.0 ;position for liquid contact
G0 Z1.0 F5000.0
G0 X125.0 Y67.0 F5000.0
G0 Z1.0 F3000.0
DISPENSE MM=0.015 SPEED=30.0 RELATIVE=1
WAIT S=0.001
G0 Z0.01 F3000.0 ;position for liquid contact
G0 Z1.0 F5000.0
G0 X127.0 Y67.0 F5000.0
G0 Z1.0 F3000.0
DISPENSE MM=0.015 SPEED=30.0 RELATIVE=1
WAIT S=0.001
G0 Z0.01 F3000.0 ;position for liquid contact
G0 Z1.0 F5000.0
G0 X129.0 Y67.0 F5000.0
G0 Z1.0 F3000.0
DISPENSE MM=0.015 SPEED=30.0 RELATIVE=1
WAIT S=0.001
G0 Z0.01 F3000.0 ;position for liquid contact
G0 Z1.0 F5000.0
G0 X131.0 Y67.0 F5000.0
G0 Z1.0 F3000.0
DISPENSE MM=0.015 SPEED=30.0 RELATIVE=1
WAIT S=0.001
G0 Z0.01 F3000.0 ;position for liquid contact
G0 Z1.0 F5000.0
G0 X133.0 Y67.0 F5000.0
G0 Z1.0 F3000.0
DISPENSE MM=0.015 SPEED=30.0 RELATIVE=1
WAIT S=0.001
G0 Z0.01 F3000.0 ;position for liquid contact
G0 Z1.0 F5000.0
G0 X135.0 Y67.0 F5000.0
G0 Z1.0 F3000.0
DISPENSE MM=0.015 SPEED=30.0 RELATIVE=1
WAIT S=0.001
G0 Z0.01 F3000.0 ;position for liquid contact
G0 Z1.0 F5000.0
G0 X137.0 Y67.0 F5000.0
G0 Z1.0 F3000.0
DISPENSE MM=0.015 SPEED=30.0 RELATIVE=1
WAIT S=0.001
G0 Z0.01 F3000.0 ;position for liquid contact
G0 Z1.0 F5000.0
G0 X139.0 Y67.0 F5000.0
G0 Z1.0 F3000.0
DISPENSE MM=0.015 SPEED=30.0 RELATIVE=1
WAIT S=0.001
G0 Z0.01 F3000.0 ;position for liquid contact
G0 Z1.0 F5000.0
G0 X141.0 Y67.0 F5000.0
G0 Z1.0 F3000.0
DISPENSE MM=0.015 SPEED=30.0 RELATIVE=1
WAIT S=0.001
G0 Z0.01 F3000.0 ;position for liquid contact
G0 Z1.0 F5000.0
G0 X143.0 Y67.0 F5000.0
G0 Z1.0 F3000.0
DISPENSE MM=0.015 SPEED=30.0 RELATIVE=1
WAIT S=0.001
G0 Z0.01 F3000.0 ;position for liquid contact
G0 Z1.0 F5000.0
G0 X145.0 Y67.0 F5000.0
G0 Z1.0 F3000.0
DISPENSE MM=0.015 SPEED=30.0 RELATIVE=1
WAIT S=0.001
G0 Z0.01 F3000.0 ;position for liquid contact
G0 Z1.0 F5000.0
G0 X147.0 Y67.0 F5000.0
G0 Z1.0 F3000.0
DISPENSE MM=0.015 SPEED=30.0 RELATIVE=1
WAIT S=0.001
G0 Z0.01 F3000.0 ;position for liquid contact
G0 Z1.0 F5000.0
G0 X149.0 Y67.0 F5000.0
G0 Z1.0 F3000.0
DISPENSE MM=0.015 SPEED=30.0 RELATIVE=1
WAIT S=0.001
G0 Z0.01 F3000.0 ;position for liquid contact
G0 Z1.0 F5000.0
G0 X151.0 Y67.0 F5000.0
G0 Z1.0 F3000.0
DISPENSE MM=0.015 SPEED=30.0 RELATIVE=1
WAIT S=0.001
G0 Z0.01 F3000.0 ;position for liquid contact
G0 Z1.0 F5000.0
G0 X153.0 Y67.0 F5000.0
G0 Z1.0 F3000.0
DISPENSE MM=0.015 SPEED=30.0 RELATIVE=1
WAIT S=0.001
G0 Z0.01 F3000.0 ;position for liquid contact
G0 Z1.0 F5000.0
G0 X155.0 Y67.0 F5000.0
G0 Z1.0 F3000.0
DISPENSE MM=0.015 SPEED=30.0 RELATIVE=1
WAIT S=0.001
G0 Z0.01 F3000.0 ;position for liquid contact
G0 Z1.0 F5000.0
G0 X157.0 Y67.0 F5000.0
G0 Z1.0 F3000.0
DISPENSE MM=0.015 SPEED=30.0 RELATIVE=1
WAIT S=0.001
G0 Z0.01 F3000.0 ;position for liquid contact
G0 Z1.0 F5000.0
G0 X159.0 Y67.0 F5000.0
G0 Z1.0 F3000.0
DISPENSE MM=0.015 SPEED=30.0 RELATIVE=1
WAIT S=0.001
G0 Z0.01 F3000.0 ;position for liquid contact
G0 Z1.0 F5000.0
G0 X161.0 Y67.0 F5000.0
G0 Z1.0 F3000.0
DISPENSE MM=0.015 SPEED=30.0 RELATIVE=1
WAIT S=0.001
G0 Z0.01 F3000.0 ;position for liquid contact
G0 Z1.0 F5000.0
G0 X163.0 Y67.0 F5000.0
G0 Z1.0 F3000.0
DISPENSE MM=0.015 SPEED=30.0 RELATIVE=1
WAIT S=0.001
G0 Z0.01 F3000.0 ;position for liquid contact
G0 Z1.0 F5000.0
G0 X165.0 Y67.0 F5000.0
G0 Z1.0 F3000.0
DISPENSE MM=0.015 SPEED=30.0 RELATIVE=1
WAIT S=0.001
G0 Z0.01 F3000.0 ;position for liquid contact
G0 Z1.0 F5000.0
G0 X167.0 Y67.0 F5000.0
G0 Z1.0 F3000.0
DISPENSE MM=0.015 SPEED=30.0 RELATIVE=1
WAIT S=0.001
G0 Z0.01 F3000.0 ;position for liquid contact
G0 Z1.0 F5000.0
G0 X109.0 Y69.0 F5000.0
G0 Z1.0 F3000.0
WAIT S=0.2
DISPENSE MM=0.015 SPEED=30.0 RELATIVE=1
WAIT S=0.001
G0 Z0.01 F3000.0 ;position for liquid contact
G0 Z1.0 F5000.0
G0 X111.0 Y69.0 F5000.0
G0 Z1.0 F3000.0
DISPENSE MM=0.015 SPEED=30.0 RELATIVE=1
WAIT S=0.001
G0 Z0.01 F3000.0 ;position for liquid contact
G0 Z1.0 F5000.0
G0 X113.0 Y69.0 F5000.0
G0 Z1.0 F3000.0
DISPENSE MM=0.015 SPEED=30.0 RELATIVE=1
WAIT S=0.001
G0 Z0.01 F3000.0 ;position for liquid contact
G0 Z1.0 F5000.0
G0 X115.0 Y69.0 F5000.0
G0 Z1.0 F3000.0
DISPENSE MM=0.015 SPEED=30.0 RELATIVE=1
WAIT S=0.001
G0 Z0.01 F3000.0 ;position for liquid contact
G0 Z1.0 F5000.0
G0 X117.0 Y69.0 F5000.0
G0 Z1.0 F3000.0
DISPENSE MM=0.015 SPEED=30.0 RELATIVE=1
WAIT S=0.001
G0 Z0.01 F3000.0 ;position for liquid contact
G0 Z1.0 F5000.0
G0 X119.0 Y69.0 F5000.0
G0 Z1.0 F3000.0
DISPENSE MM=0.015 SPEED=30.0 RELATIVE=1
WAIT S=0.001
G0 Z0.01 F3000.0 ;position for liquid contact
G0 Z1.0 F5000.0
G0 X121.0 Y69.0 F5000.0
G0 Z1.0 F3000.0
DISPENSE MM=0.015 SPEED=30.0 RELATIVE=1
WAIT S=0.001
G0 Z0.01 F3000.0 ;position for liquid contact
G0 Z1.0 F5000.0
G0 X123.0 Y69.0 F5000.0
G0 Z1.0 F3000.0
DISPENSE MM=0.015 SPEED=30.0 RELATIVE=1
WAIT S=0.001
G0 Z0.01 F3000.0 ;position for liquid contact
G0 Z1.0 F5000.0
G0 X125.0 Y69.0 F5000.0
G0 Z1.0 F3000.0
DISPENSE MM=0.015 SPEED=30.0 RELATIVE=1
WAIT S=0.001
G0 Z0.01 F3000.0 ;position for liquid contact
G0 Z1.0 F5000.0
G0 X127.0 Y69.0 F5000.0
G0 Z1.0 F3000.0
DISPENSE MM=0.015 SPEED=30.0 RELATIVE=1
WAIT S=0.001
G0 Z0.01 F3000.0 ;position for liquid contact
G0 Z1.0 F5000.0
G0 X129.0 Y69.0 F5000.0
G0 Z1.0 F3000.0
DISPENSE MM=0.015 SPEED=30.0 RELATIVE=1
WAIT S=0.001
G0 Z0.01 F3000.0 ;position for liquid contact
G0 Z1.0 F5000.0
G0 X131.0 Y69.0 F5000.0
G0 Z1.0 F3000.0
DISPENSE MM=0.015 SPEED=30.0 RELATIVE=1
WAIT S=0.001
G0 Z0.01 F3000.0 ;position for liquid contact
G0 Z1.0 F5000.0
G0 X133.0 Y69.0 F5000.0
G0 Z1.0 F3000.0
DISPENSE MM=0.015 SPEED=30.0 RELATIVE=1
WAIT S=0.001
G0 Z0.01 F3000.0 ;position for liquid contact
G0 Z1.0 F5000.0
G0 X135.0 Y69.0 F5000.0
G0 Z1.0 F3000.0
DISPENSE MM=0.015 SPEED=30.0 RELATIVE=1
WAIT S=0.001
G0 Z0.01 F3000.0 ;position for liquid contact
G0 Z1.0 F5000.0
G0 X137.0 Y69.0 F5000.0
G0 Z1.0 F3000.0
DISPENSE MM=0.015 SPEED=30.0 RELATIVE=1
WAIT S=0.001
G0 Z0.01 F3000.0 ;position for liquid contact
G0 Z1.0 F5000.0
G0 X139.0 Y69.0 F5000.0
G0 Z1.0 F3000.0
DISPENSE MM=0.015 SPEED=30.0 RELATIVE=1
WAIT S=0.001
G0 Z0.01 F3000.0 ;position for liquid contact
G0 Z1.0 F5000.0
G0 X141.0 Y69.0 F5000.0
G0 Z1.0 F3000.0
DISPENSE MM=0.015 SPEED=30.0 RELATIVE=1
WAIT S=0.001
G0 Z0.01 F3000.0 ;position for liquid contact
G0 Z1.0 F5000.0
G0 X143.0 Y69.0 F5000.0
G0 Z1.0 F3000.0
DISPENSE MM=0.015 SPEED=30.0 RELATIVE=1
WAIT S=0.001
G0 Z0.01 F3000.0 ;position for liquid contact
G0 Z1.0 F5000.0
G0 X145.0 Y69.0 F5000.0
G0 Z1.0 F3000.0
DISPENSE MM=0.015 SPEED=30.0 RELATIVE=1
WAIT S=0.001
G0 Z0.01 F3000.0 ;position for liquid contact
G0 Z1.0 F5000.0
G0 X147.0 Y69.0 F5000.0
G0 Z1.0 F3000.0
DISPENSE MM=0.015 SPEED=30.0 RELATIVE=1
WAIT S=0.001
G0 Z0.01 F3000.0 ;position for liquid contact
G0 Z1.0 F5000.0

; Washing sequence
G0 Z40.0 F5000
G0 X221.0 Y116.0 F5000
G0 Z-5.0 F500
G0 X222.0 F2000.0
G0 X221.0 F2000.0
G0 X222.0 F2000.0
G0 X221.0 F2000.0
G0 X222.0 F2000.0
G0 X221.0 F2000.0
G0 X222.0 F2000.0
G0 X221.0 F2000.0
G0 X222.0 F2000.0
G0 X221.0 F2000.0
G0 X222.0 F2000.0
G0 X221.0 F2000.0
G0 X222.0 F2000.0
G0 X221.0 F2000.0
G0 X222.0 F2000.0
G0 X221.0 F2000.0
G0 X222.0 F2000.0
G0 X221.0 F2000.0
G0 X222.0 F2000.0
G0 X221.0 F2000.0
G0 X222.0 F2000.0
G0 X221.0 F2000.0
G0 X222.0 F2000.0
G0 X221.0 F2000.0
G0 X222.0 F2000.0
G0 X221.0 F2000.0
G0 X222.0 F2000.0
G0 X221.0 F2000.0
G0 X222.0 F2000.0
G0 X221.0 F2000.0
G0 X222.0 F2000.0
G0 X221.0 F2000.0
G0 X222.0 F2000.0
G0 X221.0 F2000.0
G0 X222.0 F2000.0
G0 X221.0 F2000.0
G0 X222.0 F2000.0
G0 X221.0 F2000.0
G0 X222.0 F2000.0
G0 X221.0 F2000.0
G0 X222.0 F2000.0
G0 X221.0 F2000.0
G0 X222.0 F2000.0
G0 X221.0 F2000.0
G0 X222.0 F2000.0
G0 X221.0 F2000.0
G0 X222.0 F2000.0
G0 X221.0 F2000.0
G0 X222.0 F2000.0
G0 X221.0 F2000.0
G0 X222.0 F2000.0
G0 X221.0 F2000.0
G0 X222.0 F2000.0
G0 X221.0 F2000.0
G0 X222.0 F2000.0
G0 X221.0 F2000.0
G0 X222.0 F2000.0
G0 X221.0 F2000.0
G0 X222.0 F2000.0
G0 X221.0 F2000.0
G0 X222.0 F2000.0
G0 X221.0 F2000.0
G0 X222.0 F2000.0
G0 X221.0 F2000.0
G0 X222.0 F2000.0
G0 X221.0 F2000.0
G0 X222.0 F2000.0
G0 X221.0 F2000.0
G0 X222.0 F2000.0
G0 X221.0 F2000.0
G0 X222.0 F2000.0
G0 X221.0 F2000.0
G0 X222.0 F2000.0
G0 X221.0 F2000.0
G0 X222.0 F2000.0
G0 X221.0 F2000.0
G0 X222.0 F2000.0
G0 X221.0 F2000.0
G0 X222.0 F2000.0
G0 X221.0 F2000.0
G0 X222.0 F2000.0
G0 X221.0 F2000.0
G0 X222.0 F2000.0
G0 X221.0 F2000.0
G0 X222.0 F2000.0
G0 X221.0 F2000.0
G0 X222.0 F2000.0
G0 X221.0 F2000.0
G0 X222.0 F2000.0
G0 X221.0 F2000.0
G0 X222.0 F2000.0
G0 X221.0 F2000.0
G0 X222.0 F2000.0
G0 X221.0 F2000.0
G0 X222.0 F2000.0
G0 X221.0 F2000.0
G0 X222.0 F2000.0
G0 X221.0 F2000.0
G0 X222.0 F2000.0
G0 X221.0 F2000.0
G0 Z40.0 F5000


; Create cleaning sequence
G0 X109.0 Y52.0 F5000
WAIT S=0.2
DISPENSE MM=0.125 SPEED=500 RELATIVE=1
G0 Z0.01 F500 ;position for liquid contact
G0 Z1.0 F5000
G0 X112.0 Y52.0 F5000
DISPENSE MM=0.125 SPEED=500 RELATIVE=1
G0 Z0.01 F500 ;position for liquid contact
G0 Z1.0 F5000
G0 X115.0 Y52.0 F5000
DISPENSE MM=0.125 SPEED=500 RELATIVE=1
G0 Z0.01 F500 ;position for liquid contact
G0 Z1.0 F5000
G0 X118.0 Y52.0 F5000
DISPENSE MM=0.125 SPEED=500 RELATIVE=1
G0 Z0.01 F500 ;position for liquid contact
G0 Z1.0 F5000
G0 X121.0 Y52.0 F5000
DISPENSE MM=0.125 SPEED=500 RELATIVE=1
G0 Z0.01 F500 ;position for liquid contact
G0 Z1.0 F5000
G0 X124.0 Y52.0 F5000
DISPENSE MM=0.125 SPEED=500 RELATIVE=1
G0 Z0.01 F500 ;position for liquid contact
G0 Z1.0 F5000
G0 X127.0 Y52.0 F5000
DISPENSE MM=0.125 SPEED=500 RELATIVE=1
G0 Z0.01 F500 ;position for liquid contact
G0 Z1.0 F5000
G0 X130.0 Y52.0 F5000
DISPENSE MM=0.125 SPEED=500 RELATIVE=1
G0 Z0.01 F500 ;position for liquid contact
G0 Z1.0 F5000
G0 X133.0 Y52.0 F5000
DISPENSE MM=0.125 SPEED=500 RELATIVE=1
G0 Z0.01 F500 ;position for liquid contact
G0 Z1.0 F5000
G0 X136.0 Y52.0 F5000
DISPENSE MM=0.125 SPEED=500 RELATIVE=1
G0 Z0.01 F500 ;position for liquid contact
G0 Z1.0 F5000
G0 X109.0 Y54.0 F5000
WAIT S=0.2
DISPENSE MM=0.125 SPEED=500 RELATIVE=1
G0 Z0.01 F500 ;position for liquid contact
G0 Z1.0 F5000
G0 X112.0 Y54.0 F5000
DISPENSE MM=0.125 SPEED=500 RELATIVE=1
G0 Z0.01 F500 ;position for liquid contact
G0 Z1.0 F5000
G0 X115.0 Y54.0 F5000
DISPENSE MM=0.125 SPEED=500 RELATIVE=1
G0 Z0.01 F500 ;position for liquid contact
G0 Z1.0 F5000
G0 X118.0 Y54.0 F5000
DISPENSE MM=0.125 SPEED=500 RELATIVE=1
G0 Z0.01 F500 ;position for liquid contact
G0 Z1.0 F5000
G0 X121.0 Y54.0 F5000
DISPENSE MM=0.125 SPEED=500 RELATIVE=1
G0 Z0.01 F500 ;position for liquid contact
G0 Z1.0 F5000
G0 X124.0 Y54.0 F5000
DISPENSE MM=0.125 SPEED=500 RELATIVE=1
G0 Z0.01 F500 ;position for liquid contact
G0 Z1.0 F5000
G0 X127.0 Y54.0 F5000
DISPENSE MM=0.125 SPEED=500 RELATIVE=1
G0 Z0.01 F500 ;position for liquid contact
G0 Z1.0 F5000
G0 X130.0 Y54.0 F5000
DISPENSE MM=0.125 SPEED=500 RELATIVE=1
G0 Z0.01 F500 ;position for liquid contact
G0 Z1.0 F5000
G0 X133.0 Y54.0 F5000
DISPENSE MM=0.125 SPEED=500 RELATIVE=1
G0 Z0.01 F500 ;position for liquid contact
G0 Z1.0 F5000
G0 X136.0 Y54.0 F5000
DISPENSE MM=0.125 SPEED=500 RELATIVE=1
G0 Z0.01 F500 ;position for liquid contact
G0 Z1.0 F5000
G0 Z40.0 F5000
G0 X149.0 Y69.0 F5000.0
G0 Z1.0 F3000.0
DISPENSE MM=0.015 SPEED=30.0 RELATIVE=1
WAIT S=0.001
G0 Z0.01 F3000.0 ;position for liquid contact
G0 Z1.0 F5000.0
G0 X151.0 Y69.0 F5000.0
G0 Z1.0 F3000.0
DISPENSE MM=0.015 SPEED=30.0 RELATIVE=1
WAIT S=0.001
G0 Z0.01 F3000.0 ;position for liquid contact
G0 Z1.0 F5000.0
G0 X153.0 Y69.0 F5000.0
G0 Z1.0 F3000.0
DISPENSE MM=0.015 SPEED=30.0 RELATIVE=1
WAIT S=0.001
G0 Z0.01 F3000.0 ;position for liquid contact
G0 Z1.0 F5000.0
G0 X155.0 Y69.0 F5000.0
G0 Z1.0 F3000.0
DISPENSE MM=0.015 SPEED=30.0 RELATIVE=1
WAIT S=0.001
G0 Z0.01 F3000.0 ;position for liquid contact
G0 Z1.0 F5000.0
G0 X157.0 Y69.0 F5000.0
G0 Z1.0 F3000.0
DISPENSE MM=0.015 SPEED=30.0 RELATIVE=1
WAIT S=0.001
G0 Z0.01 F3000.0 ;position for liquid contact
G0 Z1.0 F5000.0
G0 X159.0 Y69.0 F5000.0
G0 Z1.0 F3000.0
DISPENSE MM=0.015 SPEED=30.0 RELATIVE=1
WAIT S=0.001
G0 Z0.01 F3000.0 ;position for liquid contact
G0 Z1.0 F5000.0
G0 X161.0 Y69.0 F5000.0
G0 Z1.0 F3000.0
DISPENSE MM=0.015 SPEED=30.0 RELATIVE=1
WAIT S=0.001
G0 Z0.01 F3000.0 ;position for liquid contact
G0 Z1.0 F5000.0
G0 X163.0 Y69.0 F5000.0
G0 Z1.0 F3000.0
DISPENSE MM=0.015 SPEED=30.0 RELATIVE=1
WAIT S=0.001
G0 Z0.01 F3000.0 ;position for liquid contact
G0 Z1.0 F5000.0
G0 X165.0 Y69.0 F5000.0
G0 Z1.0 F3000.0
DISPENSE MM=0.015 SPEED=30.0 RELATIVE=1
WAIT S=0.001
G0 Z0.01 F3000.0 ;position for liquid contact
G0 Z1.0 F5000.0
G0 X167.0 Y69.0 F5000.0
G0 Z1.0 F3000.0
DISPENSE MM=0.015 SPEED=30.0 RELATIVE=1
WAIT S=0.001
G0 Z0.01 F3000.0 ;position for liquid contact
G0 Z1.0 F5000.0
G0 X109.0 Y71.0 F5000.0
G0 Z1.0 F3000.0
WAIT S=0.2
DISPENSE MM=0.015 SPEED=30.0 RELATIVE=1
WAIT S=0.001
G0 Z0.01 F3000.0 ;position for liquid contact
G0 Z1.0 F5000.0
G0 X111.0 Y71.0 F5000.0
G0 Z1.0 F3000.0
DISPENSE MM=0.015 SPEED=30.0 RELATIVE=1
WAIT S=0.001
G0 Z0.01 F3000.0 ;position for liquid contact
G0 Z1.0 F5000.0
G0 X113.0 Y71.0 F5000.0
G0 Z1.0 F3000.0
DISPENSE MM=0.015 SPEED=30.0 RELATIVE=1
WAIT S=0.001
G0 Z0.01 F3000.0 ;position for liquid contact
G0 Z1.0 F5000.0
G0 X115.0 Y71.0 F5000.0
G0 Z1.0 F3000.0
DISPENSE MM=0.015 SPEED=30.0 RELATIVE=1
WAIT S=0.001
G0 Z0.01 F3000.0 ;position for liquid contact
G0 Z1.0 F5000.0
G0 X117.0 Y71.0 F5000.0
G0 Z1.0 F3000.0
DISPENSE MM=0.015 SPEED=30.0 RELATIVE=1
WAIT S=0.001
G0 Z0.01 F3000.0 ;position for liquid contact
G0 Z1.0 F5000.0
G0 X119.0 Y71.0 F5000.0
G0 Z1.0 F3000.0
DISPENSE MM=0.015 SPEED=30.0 RELATIVE=1
WAIT S=0.001
G0 Z0.01 F3000.0 ;position for liquid contact
G0 Z1.0 F5000.0
G0 X121.0 Y71.0 F5000.0
G0 Z1.0 F3000.0
DISPENSE MM=0.015 SPEED=30.0 RELATIVE=1
WAIT S=0.001
G0 Z0.01 F3000.0 ;position for liquid contact
G0 Z1.0 F5000.0
G0 X123.0 Y71.0 F5000.0
G0 Z1.0 F3000.0
DISPENSE MM=0.015 SPEED=30.0 RELATIVE=1
WAIT S=0.001
G0 Z0.01 F3000.0 ;position for liquid contact
G0 Z1.0 F5000.0
G0 X125.0 Y71.0 F5000.0
G0 Z1.0 F3000.0
DISPENSE MM=0.015 SPEED=30.0 RELATIVE=1
WAIT S=0.001
G0 Z0.01 F3000.0 ;position for liquid contact
G0 Z1.0 F5000.0
G0 X127.0 Y71.0 F5000.0
G0 Z1.0 F3000.0
DISPENSE MM=0.015 SPEED=30.0 RELATIVE=1
WAIT S=0.001
G0 Z0.01 F3000.0 ;position for liquid contact
G0 Z1.0 F5000.0
G0 X129.0 Y71.0 F5000.0
G0 Z1.0 F3000.0
DISPENSE MM=0.015 SPEED=30.0 RELATIVE=1
WAIT S=0.001
G0 Z0.01 F3000.0 ;position for liquid contact
G0 Z1.0 F5000.0
G0 X131.0 Y71.0 F5000.0
G0 Z1.0 F3000.0
DISPENSE MM=0.015 SPEED=30.0 RELATIVE=1
WAIT S=0.001
G0 Z0.01 F3000.0 ;position for liquid contact
G0 Z1.0 F5000.0
G0 X133.0 Y71.0 F5000.0
G0 Z1.0 F3000.0
DISPENSE MM=0.015 SPEED=30.0 RELATIVE=1
WAIT S=0.001
G0 Z0.01 F3000.0 ;position for liquid contact
G0 Z1.0 F5000.0
G0 X135.0 Y71.0 F5000.0
G0 Z1.0 F3000.0
DISPENSE MM=0.015 SPEED=30.0 RELATIVE=1
WAIT S=0.001
G0 Z0.01 F3000.0 ;position for liquid contact
G0 Z1.0 F5000.0
G0 X137.0 Y71.0 F5000.0
G0 Z1.0 F3000.0
DISPENSE MM=0.015 SPEED=30.0 RELATIVE=1
WAIT S=0.001
G0 Z0.01 F3000.0 ;position for liquid contact
G0 Z1.0 F5000.0
G0 X139.0 Y71.0 F5000.0
G0 Z1.0 F3000.0
DISPENSE MM=0.015 SPEED=30.0 RELATIVE=1
WAIT S=0.001
G0 Z0.01 F3000.0 ;position for liquid contact
G0 Z1.0 F5000.0
G0 X141.0 Y71.0 F5000.0
G0 Z1.0 F3000.0
DISPENSE MM=0.015 SPEED=30.0 RELATIVE=1
WAIT S=0.001
G0 Z0.01 F3000.0 ;position for liquid contact
G0 Z1.0 F5000.0
G0 X143.0 Y71.0 F5000.0
G0 Z1.0 F3000.0
DISPENSE MM=0.015 SPEED=30.0 RELATIVE=1
WAIT S=0.001
G0 Z0.01 F3000.0 ;position for liquid contact
G0 Z1.0 F5000.0
G0 X145.0 Y71.0 F5000.0
G0 Z1.0 F3000.0
DISPENSE MM=0.015 SPEED=30.0 RELATIVE=1
WAIT S=0.001
G0 Z0.01 F3000.0 ;position for liquid contact
G0 Z1.0 F5000.0
G0 X147.0 Y71.0 F5000.0
G0 Z1.0 F3000.0
DISPENSE MM=0.015 SPEED=30.0 RELATIVE=1
WAIT S=0.001
G0 Z0.01 F3000.0 ;position for liquid contact
G0 Z1.0 F5000.0
G0 X149.0 Y71.0 F5000.0
G0 Z1.0 F3000.0
DISPENSE MM=0.015 SPEED=30.0 RELATIVE=1
WAIT S=0.001
G0 Z0.01 F3000.0 ;position for liquid contact
G0 Z1.0 F5000.0
G0 X151.0 Y71.0 F5000.0
G0 Z1.0 F3000.0
DISPENSE MM=0.015 SPEED=30.0 RELATIVE=1
WAIT S=0.001
G0 Z0.01 F3000.0 ;position for liquid contact
G0 Z1.0 F5000.0
G0 X153.0 Y71.0 F5000.0
G0 Z1.0 F3000.0
DISPENSE MM=0.015 SPEED=30.0 RELATIVE=1
WAIT S=0.001
G0 Z0.01 F3000.0 ;position for liquid contact
G0 Z1.0 F5000.0
G0 X155.0 Y71.0 F5000.0
G0 Z1.0 F3000.0
DISPENSE MM=0.015 SPEED=30.0 RELATIVE=1
WAIT S=0.001
G0 Z0.01 F3000.0 ;position for liquid contact
G0 Z1.0 F5000.0
G0 X157.0 Y71.0 F5000.0
G0 Z1.0 F3000.0
DISPENSE MM=0.015 SPEED=30.0 RELATIVE=1
WAIT S=0.001
G0 Z0.01 F3000.0 ;position for liquid contact
G0 Z1.0 F5000.0
G0 X159.0 Y71.0 F5000.0
G0 Z1.0 F3000.0
DISPENSE MM=0.015 SPEED=30.0 RELATIVE=1
WAIT S=0.001
G0 Z0.01 F3000.0 ;position for liquid contact
G0 Z1.0 F5000.0
G0 X161.0 Y71.0 F5000.0
G0 Z1.0 F3000.0
DISPENSE MM=0.015 SPEED=30.0 RELATIVE=1
WAIT S=0.001
G0 Z0.01 F3000.0 ;position for liquid contact
G0 Z1.0 F5000.0
G0 X163.0 Y71.0 F5000.0
G0 Z1.0 F3000.0
DISPENSE MM=0.015 SPEED=30.0 RELATIVE=1
WAIT S=0.001
G0 Z0.01 F3000.0 ;position for liquid contact
G0 Z1.0 F5000.0
G0 X165.0 Y71.0 F5000.0
G0 Z1.0 F3000.0
DISPENSE MM=0.015 SPEED=30.0 RELATIVE=1
WAIT S=0.001
G0 Z0.01 F3000.0 ;position for liquid contact
G0 Z1.0 F5000.0
G0 X167.0 Y71.0 F5000.0
G0 Z1.0 F3000.0
DISPENSE MM=0.015 SPEED=30.0 RELATIVE=1
WAIT S=0.001
G0 Z0.01 F3000.0 ;position for liquid contact
G0 Z1.0 F5000.0
G0 X109.0 Y73.0 F5000.0
G0 Z1.0 F3000.0
WAIT S=0.2
DISPENSE MM=0.015 SPEED=30.0 RELATIVE=1
WAIT S=0.001
G0 Z0.01 F3000.0 ;position for liquid contact
G0 Z1.0 F5000.0
G0 X111.0 Y73.0 F5000.0
G0 Z1.0 F3000.0
DISPENSE MM=0.015 SPEED=30.0 RELATIVE=1
WAIT S=0.001
G0 Z0.01 F3000.0 ;position for liquid contact
G0 Z1.0 F5000.0
G0 X113.0 Y73.0 F5000.0
G0 Z1.0 F3000.0
DISPENSE MM=0.015 SPEED=30.0 RELATIVE=1
WAIT S=0.001
G0 Z0.01 F3000.0 ;position for liquid contact
G0 Z1.0 F5000.0
G0 X115.0 Y73.0 F5000.0
G0 Z1.0 F3000.0
DISPENSE MM=0.015 SPEED=30.0 RELATIVE=1
WAIT S=0.001
G0 Z0.01 F3000.0 ;position for liquid contact
G0 Z1.0 F5000.0
G0 X117.0 Y73.0 F5000.0
G0 Z1.0 F3000.0
DISPENSE MM=0.015 SPEED=30.0 RELATIVE=1
WAIT S=0.001
G0 Z0.01 F3000.0 ;position for liquid contact
G0 Z1.0 F5000.0
G0 X119.0 Y73.0 F5000.0
G0 Z1.0 F3000.0
DISPENSE MM=0.015 SPEED=30.0 RELATIVE=1
WAIT S=0.001
G0 Z0.01 F3000.0 ;position for liquid contact
G0 Z1.0 F5000.0
G0 X121.0 Y73.0 F5000.0
G0 Z1.0 F3000.0
DISPENSE MM=0.015 SPEED=30.0 RELATIVE=1
WAIT S=0.001
G0 Z0.01 F3000.0 ;position for liquid contact
G0 Z1.0 F5000.0
G0 X123.0 Y73.0 F5000.0
G0 Z1.0 F3000.0
DISPENSE MM=0.015 SPEED=30.0 RELATIVE=1
WAIT S=0.001
G0 Z0.01 F3000.0 ;position for liquid contact
G0 Z1.0 F5000.0
G0 X125.0 Y73.0 F5000.0
G0 Z1.0 F3000.0
DISPENSE MM=0.015 SPEED=30.0 RELATIVE=1
WAIT S=0.001
G0 Z0.01 F3000.0 ;position for liquid contact
G0 Z1.0 F5000.0
G0 X127.0 Y73.0 F5000.0
G0 Z1.0 F3000.0
DISPENSE MM=0.015 SPEED=30.0 RELATIVE=1
WAIT S=0.001
G0 Z0.01 F3000.0 ;position for liquid contact
G0 Z1.0 F5000.0
G0 X129.0 Y73.0 F5000.0
G0 Z1.0 F3000.0
DISPENSE MM=0.015 SPEED=30.0 RELATIVE=1
WAIT S=0.001
G0 Z0.01 F3000.0 ;position for liquid contact
G0 Z1.0 F5000.0
G0 X131.0 Y73.0 F5000.0
G0 Z1.0 F3000.0
DISPENSE MM=0.015 SPEED=30.0 RELATIVE=1
WAIT S=0.001
G0 Z0.01 F3000.0 ;position for liquid contact
G0 Z1.0 F5000.0
G0 X133.0 Y73.0 F5000.0
G0 Z1.0 F3000.0
DISPENSE MM=0.015 SPEED=30.0 RELATIVE=1
WAIT S=0.001
G0 Z0.01 F3000.0 ;position for liquid contact
G0 Z1.0 F5000.0
G0 X135.0 Y73.0 F5000.0
G0 Z1.0 F3000.0
DISPENSE MM=0.015 SPEED=30.0 RELATIVE=1
WAIT S=0.001
G0 Z0.01 F3000.0 ;position for liquid contact
G0 Z1.0 F5000.0
G0 X137.0 Y73.0 F5000.0
G0 Z1.0 F3000.0
DISPENSE MM=0.015 SPEED=30.0 RELATIVE=1
WAIT S=0.001
G0 Z0.01 F3000.0 ;position for liquid contact
G0 Z1.0 F5000.0
G0 X139.0 Y73.0 F5000.0
G0 Z1.0 F3000.0
DISPENSE MM=0.015 SPEED=30.0 RELATIVE=1
WAIT S=0.001
G0 Z0.01 F3000.0 ;position for liquid contact
G0 Z1.0 F5000.0
G0 X141.0 Y73.0 F5000.0
G0 Z1.0 F3000.0
DISPENSE MM=0.015 SPEED=30.0 RELATIVE=1
WAIT S=0.001
G0 Z0.01 F3000.0 ;position for liquid contact
G0 Z1.0 F5000.0
G0 X143.0 Y73.0 F5000.0
G0 Z1.0 F3000.0
DISPENSE MM=0.015 SPEED=30.0 RELATIVE=1
WAIT S=0.001
G0 Z0.01 F3000.0 ;position for liquid contact
G0 Z1.0 F5000.0
G0 X145.0 Y73.0 F5000.0
G0 Z1.0 F3000.0
DISPENSE MM=0.015 SPEED=30.0 RELATIVE=1
WAIT S=0.001
G0 Z0.01 F3000.0 ;position for liquid contact
G0 Z1.0 F5000.0
G0 X147.0 Y73.0 F5000.0
G0 Z1.0 F3000.0
DISPENSE MM=0.015 SPEED=30.0 RELATIVE=1
WAIT S=0.001
G0 Z0.01 F3000.0 ;position for liquid contact
G0 Z1.0 F5000.0
G0 X149.0 Y73.0 F5000.0
G0 Z1.0 F3000.0
DISPENSE MM=0.015 SPEED=30.0 RELATIVE=1
WAIT S=0.001
G0 Z0.01 F3000.0 ;position for liquid contact
G0 Z1.0 F5000.0
G0 X151.0 Y73.0 F5000.0
G0 Z1.0 F3000.0
DISPENSE MM=0.015 SPEED=30.0 RELATIVE=1
WAIT S=0.001
G0 Z0.01 F3000.0 ;position for liquid contact
G0 Z1.0 F5000.0
G0 X153.0 Y73.0 F5000.0
G0 Z1.0 F3000.0
DISPENSE MM=0.015 SPEED=30.0 RELATIVE=1
WAIT S=0.001
G0 Z0.01 F3000.0 ;position for liquid contact
G0 Z1.0 F5000.0
G0 X155.0 Y73.0 F5000.0
G0 Z1.0 F3000.0
DISPENSE MM=0.015 SPEED=30.0 RELATIVE=1
WAIT S=0.001
G0 Z0.01 F3000.0 ;position for liquid contact
G0 Z1.0 F5000.0
G0 X157.0 Y73.0 F5000.0
G0 Z1.0 F3000.0
DISPENSE MM=0.015 SPEED=30.0 RELATIVE=1
WAIT S=0.001
G0 Z0.01 F3000.0 ;position for liquid contact
G0 Z1.0 F5000.0
G0 X159.0 Y73.0 F5000.0
G0 Z1.0 F3000.0
DISPENSE MM=0.015 SPEED=30.0 RELATIVE=1
WAIT S=0.001
G0 Z0.01 F3000.0 ;position for liquid contact
G0 Z1.0 F5000.0
G0 X161.0 Y73.0 F5000.0
G0 Z1.0 F3000.0
DISPENSE MM=0.015 SPEED=30.0 RELATIVE=1
WAIT S=0.001
G0 Z0.01 F3000.0 ;position for liquid contact
G0 Z1.0 F5000.0
G0 X163.0 Y73.0 F5000.0
G0 Z1.0 F3000.0
DISPENSE MM=0.015 SPEED=30.0 RELATIVE=1
WAIT S=0.001
G0 Z0.01 F3000.0 ;position for liquid contact
G0 Z1.0 F5000.0
G0 X165.0 Y73.0 F5000.0
G0 Z1.0 F3000.0
DISPENSE MM=0.015 SPEED=30.0 RELATIVE=1
WAIT S=0.001
G0 Z0.01 F3000.0 ;position for liquid contact
G0 Z1.0 F5000.0
G0 X167.0 Y73.0 F5000.0
G0 Z1.0 F3000.0
DISPENSE MM=0.015 SPEED=30.0 RELATIVE=1
WAIT S=0.001
G0 Z0.01 F3000.0 ;position for liquid contact
G0 Z1.0 F5000.0
G0 X109.0 Y75.0 F5000.0
G0 Z1.0 F3000.0
WAIT S=0.2
DISPENSE MM=0.015 SPEED=30.0 RELATIVE=1
WAIT S=0.001
G0 Z0.01 F3000.0 ;position for liquid contact
G0 Z1.0 F5000.0
G0 X111.0 Y75.0 F5000.0
G0 Z1.0 F3000.0
DISPENSE MM=0.015 SPEED=30.0 RELATIVE=1
WAIT S=0.001
G0 Z0.01 F3000.0 ;position for liquid contact
G0 Z1.0 F5000.0
G0 X113.0 Y75.0 F5000.0
G0 Z1.0 F3000.0
DISPENSE MM=0.015 SPEED=30.0 RELATIVE=1
WAIT S=0.001
G0 Z0.01 F3000.0 ;position for liquid contact
G0 Z1.0 F5000.0
G0 X115.0 Y75.0 F5000.0
G0 Z1.0 F3000.0
DISPENSE MM=0.015 SPEED=30.0 RELATIVE=1
WAIT S=0.001
G0 Z0.01 F3000.0 ;position for liquid contact
G0 Z1.0 F5000.0
G0 X117.0 Y75.0 F5000.0
G0 Z1.0 F3000.0
DISPENSE MM=0.015 SPEED=30.0 RELATIVE=1
WAIT S=0.001
G0 Z0.01 F3000.0 ;position for liquid contact
G0 Z1.0 F5000.0
G0 X119.0 Y75.0 F5000.0
G0 Z1.0 F3000.0
DISPENSE MM=0.015 SPEED=30.0 RELATIVE=1
WAIT S=0.001
G0 Z0.01 F3000.0 ;position for liquid contact
G0 Z1.0 F5000.0
G0 X121.0 Y75.0 F5000.0
G0 Z1.0 F3000.0
DISPENSE MM=0.015 SPEED=30.0 RELATIVE=1
WAIT S=0.001
G0 Z0.01 F3000.0 ;position for liquid contact
G0 Z1.0 F5000.0
G0 X123.0 Y75.0 F5000.0
G0 Z1.0 F3000.0
DISPENSE MM=0.015 SPEED=30.0 RELATIVE=1
WAIT S=0.001
G0 Z0.01 F3000.0 ;position for liquid contact
G0 Z1.0 F5000.0
G0 X125.0 Y75.0 F5000.0
G0 Z1.0 F3000.0
DISPENSE MM=0.015 SPEED=30.0 RELATIVE=1
WAIT S=0.001
G0 Z0.01 F3000.0 ;position for liquid contact
G0 Z1.0 F5000.0
G0 X127.0 Y75.0 F5000.0
G0 Z1.0 F3000.0
DISPENSE MM=0.015 SPEED=30.0 RELATIVE=1
WAIT S=0.001
G0 Z0.01 F3000.0 ;position for liquid contact
G0 Z1.0 F5000.0
G0 X129.0 Y75.0 F5000.0
G0 Z1.0 F3000.0
DISPENSE MM=0.015 SPEED=30.0 RELATIVE=1
WAIT S=0.001
G0 Z0.01 F3000.0 ;position for liquid contact
G0 Z1.0 F5000.0
G0 X131.0 Y75.0 F5000.0
G0 Z1.0 F3000.0
DISPENSE MM=0.015 SPEED=30.0 RELATIVE=1
WAIT S=0.001
G0 Z0.01 F3000.0 ;position for liquid contact
G0 Z1.0 F5000.0
G0 X133.0 Y75.0 F5000.0
G0 Z1.0 F3000.0
DISPENSE MM=0.015 SPEED=30.0 RELATIVE=1
WAIT S=0.001
G0 Z0.01 F3000.0 ;position for liquid contact
G0 Z1.0 F5000.0
G0 X135.0 Y75.0 F5000.0
G0 Z1.0 F3000.0
DISPENSE MM=0.015 SPEED=30.0 RELATIVE=1
WAIT S=0.001
G0 Z0.01 F3000.0 ;position for liquid contact
G0 Z1.0 F5000.0
G0 X137.0 Y75.0 F5000.0
G0 Z1.0 F3000.0
DISPENSE MM=0.015 SPEED=30.0 RELATIVE=1
WAIT S=0.001
G0 Z0.01 F3000.0 ;position for liquid contact
G0 Z1.0 F5000.0
G0 X139.0 Y75.0 F5000.0
G0 Z1.0 F3000.0
DISPENSE MM=0.015 SPEED=30.0 RELATIVE=1
WAIT S=0.001
G0 Z0.01 F3000.0 ;position for liquid contact
G0 Z1.0 F5000.0
G0 X141.0 Y75.0 F5000.0
G0 Z1.0 F3000.0
DISPENSE MM=0.015 SPEED=30.0 RELATIVE=1
WAIT S=0.001
G0 Z0.01 F3000.0 ;position for liquid contact
G0 Z1.0 F5000.0
G0 X143.0 Y75.0 F5000.0
G0 Z1.0 F3000.0
DISPENSE MM=0.015 SPEED=30.0 RELATIVE=1
WAIT S=0.001
G0 Z0.01 F3000.0 ;position for liquid contact
G0 Z1.0 F5000.0
G0 X145.0 Y75.0 F5000.0
G0 Z1.0 F3000.0
DISPENSE MM=0.015 SPEED=30.0 RELATIVE=1
WAIT S=0.001
G0 Z0.01 F3000.0 ;position for liquid contact
G0 Z1.0 F5000.0
G0 X147.0 Y75.0 F5000.0
G0 Z1.0 F3000.0
DISPENSE MM=0.015 SPEED=30.0 RELATIVE=1
WAIT S=0.001
G0 Z0.01 F3000.0 ;position for liquid contact
G0 Z1.0 F5000.0
G0 X149.0 Y75.0 F5000.0
G0 Z1.0 F3000.0
DISPENSE MM=0.015 SPEED=30.0 RELATIVE=1
WAIT S=0.001
G0 Z0.01 F3000.0 ;position for liquid contact
G0 Z1.0 F5000.0
G0 X151.0 Y75.0 F5000.0
G0 Z1.0 F3000.0
DISPENSE MM=0.015 SPEED=30.0 RELATIVE=1
WAIT S=0.001
G0 Z0.01 F3000.0 ;position for liquid contact
G0 Z1.0 F5000.0
G0 X153.0 Y75.0 F5000.0
G0 Z1.0 F3000.0
DISPENSE MM=0.015 SPEED=30.0 RELATIVE=1
WAIT S=0.001
G0 Z0.01 F3000.0 ;position for liquid contact
G0 Z1.0 F5000.0
G0 X155.0 Y75.0 F5000.0
G0 Z1.0 F3000.0
DISPENSE MM=0.015 SPEED=30.0 RELATIVE=1
WAIT S=0.001
G0 Z0.01 F3000.0 ;position for liquid contact
G0 Z1.0 F5000.0
G0 X157.0 Y75.0 F5000.0
G0 Z1.0 F3000.0
DISPENSE MM=0.015 SPEED=30.0 RELATIVE=1
WAIT S=0.001
G0 Z0.01 F3000.0 ;position for liquid contact
G0 Z1.0 F5000.0
G0 X159.0 Y75.0 F5000.0
G0 Z1.0 F3000.0
DISPENSE MM=0.015 SPEED=30.0 RELATIVE=1
WAIT S=0.001
G0 Z0.01 F3000.0 ;position for liquid contact
G0 Z1.0 F5000.0
G0 X161.0 Y75.0 F5000.0
G0 Z1.0 F3000.0
DISPENSE MM=0.015 SPEED=30.0 RELATIVE=1
WAIT S=0.001
G0 Z0.01 F3000.0 ;position for liquid contact
G0 Z1.0 F5000.0
G0 X163.0 Y75.0 F5000.0
G0 Z1.0 F3000.0
DISPENSE MM=0.015 SPEED=30.0 RELATIVE=1
WAIT S=0.001
G0 Z0.01 F3000.0 ;position for liquid contact
G0 Z1.0 F5000.0
G0 X165.0 Y75.0 F5000.0
G0 Z1.0 F3000.0
DISPENSE MM=0.015 SPEED=30.0 RELATIVE=1
WAIT S=0.001
G0 Z0.01 F3000.0 ;position for liquid contact
G0 Z1.0 F5000.0
G0 X167.0 Y75.0 F5000.0
G0 Z1.0 F3000.0
DISPENSE MM=0.015 SPEED=30.0 RELATIVE=1
WAIT S=0.001
G0 Z0.01 F3000.0 ;position for liquid contact
G0 Z1.0 F5000.0
G0 X109.0 Y77.0 F5000.0
G0 Z1.0 F3000.0
WAIT S=0.2
DISPENSE MM=0.015 SPEED=30.0 RELATIVE=1
WAIT S=0.001
G0 Z0.01 F3000.0 ;position for liquid contact
G0 Z1.0 F5000.0
G0 X111.0 Y77.0 F5000.0
G0 Z1.0 F3000.0
DISPENSE MM=0.015 SPEED=30.0 RELATIVE=1
WAIT S=0.001
G0 Z0.01 F3000.0 ;position for liquid contact
G0 Z1.0 F5000.0
G0 X113.0 Y77.0 F5000.0
G0 Z1.0 F3000.0
DISPENSE MM=0.015 SPEED=30.0 RELATIVE=1
WAIT S=0.001
G0 Z0.01 F3000.0 ;position for liquid contact
G0 Z1.0 F5000.0
G0 X115.0 Y77.0 F5000.0
G0 Z1.0 F3000.0
DISPENSE MM=0.015 SPEED=30.0 RELATIVE=1
WAIT S=0.001
G0 Z0.01 F3000.0 ;position for liquid contact
G0 Z1.0 F5000.0
G0 X117.0 Y77.0 F5000.0
G0 Z1.0 F3000.0
DISPENSE MM=0.015 SPEED=30.0 RELATIVE=1
WAIT S=0.001
G0 Z0.01 F3000.0 ;position for liquid contact
G0 Z1.0 F5000.0
G0 X119.0 Y77.0 F5000.0
G0 Z1.0 F3000.0
DISPENSE MM=0.015 SPEED=30.0 RELATIVE=1
WAIT S=0.001
G0 Z0.01 F3000.0 ;position for liquid contact
G0 Z1.0 F5000.0
G0 X121.0 Y77.0 F5000.0
G0 Z1.0 F3000.0
DISPENSE MM=0.015 SPEED=30.0 RELATIVE=1
WAIT S=0.001
G0 Z0.01 F3000.0 ;position for liquid contact
G0 Z1.0 F5000.0
G0 X123.0 Y77.0 F5000.0
G0 Z1.0 F3000.0
DISPENSE MM=0.015 SPEED=30.0 RELATIVE=1
WAIT S=0.001
G0 Z0.01 F3000.0 ;position for liquid contact
G0 Z1.0 F5000.0
G0 X125.0 Y77.0 F5000.0
G0 Z1.0 F3000.0
DISPENSE MM=0.015 SPEED=30.0 RELATIVE=1
WAIT S=0.001
G0 Z0.01 F3000.0 ;position for liquid contact
G0 Z1.0 F5000.0
G0 X127.0 Y77.0 F5000.0
G0 Z1.0 F3000.0
DISPENSE MM=0.015 SPEED=30.0 RELATIVE=1
WAIT S=0.001
G0 Z0.01 F3000.0 ;position for liquid contact
G0 Z1.0 F5000.0
G0 X129.0 Y77.0 F5000.0
G0 Z1.0 F3000.0
DISPENSE MM=0.015 SPEED=30.0 RELATIVE=1
WAIT S=0.001
G0 Z0.01 F3000.0 ;position for liquid contact
G0 Z1.0 F5000.0
G0 X131.0 Y77.0 F5000.0
G0 Z1.0 F3000.0
DISPENSE MM=0.015 SPEED=30.0 RELATIVE=1
WAIT S=0.001
G0 Z0.01 F3000.0 ;position for liquid contact
G0 Z1.0 F5000.0
G0 X133.0 Y77.0 F5000.0
G0 Z1.0 F3000.0
DISPENSE MM=0.015 SPEED=30.0 RELATIVE=1
WAIT S=0.001
G0 Z0.01 F3000.0 ;position for liquid contact
G0 Z1.0 F5000.0
G0 X135.0 Y77.0 F5000.0
G0 Z1.0 F3000.0
DISPENSE MM=0.015 SPEED=30.0 RELATIVE=1
WAIT S=0.001
G0 Z0.01 F3000.0 ;position for liquid contact
G0 Z1.0 F5000.0
G0 X137.0 Y77.0 F5000.0
G0 Z1.0 F3000.0
DISPENSE MM=0.015 SPEED=30.0 RELATIVE=1
WAIT S=0.001
G0 Z0.01 F3000.0 ;position for liquid contact
G0 Z1.0 F5000.0
G0 X139.0 Y77.0 F5000.0
G0 Z1.0 F3000.0
DISPENSE MM=0.015 SPEED=30.0 RELATIVE=1
WAIT S=0.001
G0 Z0.01 F3000.0 ;position for liquid contact
G0 Z1.0 F5000.0
G0 X141.0 Y77.0 F5000.0
G0 Z1.0 F3000.0
DISPENSE MM=0.015 SPEED=30.0 RELATIVE=1
WAIT S=0.001
G0 Z0.01 F3000.0 ;position for liquid contact
G0 Z1.0 F5000.0
G0 X143.0 Y77.0 F5000.0
G0 Z1.0 F3000.0
DISPENSE MM=0.015 SPEED=30.0 RELATIVE=1
WAIT S=0.001
G0 Z0.01 F3000.0 ;position for liquid contact
G0 Z1.0 F5000.0
G0 X145.0 Y77.0 F5000.0
G0 Z1.0 F3000.0
DISPENSE MM=0.015 SPEED=30.0 RELATIVE=1
WAIT S=0.001
G0 Z0.01 F3000.0 ;position for liquid contact
G0 Z1.0 F5000.0
G0 X147.0 Y77.0 F5000.0
G0 Z1.0 F3000.0
DISPENSE MM=0.015 SPEED=30.0 RELATIVE=1
WAIT S=0.001
G0 Z0.01 F3000.0 ;position for liquid contact
G0 Z1.0 F5000.0
G0 X149.0 Y77.0 F5000.0
G0 Z1.0 F3000.0
DISPENSE MM=0.015 SPEED=30.0 RELATIVE=1
WAIT S=0.001
G0 Z0.01 F3000.0 ;position for liquid contact
G0 Z1.0 F5000.0
G0 X151.0 Y77.0 F5000.0
G0 Z1.0 F3000.0
DISPENSE MM=0.015 SPEED=30.0 RELATIVE=1
WAIT S=0.001
G0 Z0.01 F3000.0 ;position for liquid contact
G0 Z1.0 F5000.0
G0 X153.0 Y77.0 F5000.0
G0 Z1.0 F3000.0
DISPENSE MM=0.015 SPEED=30.0 RELATIVE=1
WAIT S=0.001
G0 Z0.01 F3000.0 ;position for liquid contact
G0 Z1.0 F5000.0
G0 X155.0 Y77.0 F5000.0
G0 Z1.0 F3000.0
DISPENSE MM=0.015 SPEED=30.0 RELATIVE=1
WAIT S=0.001
G0 Z0.01 F3000.0 ;position for liquid contact
G0 Z1.0 F5000.0
G0 X157.0 Y77.0 F5000.0
G0 Z1.0 F3000.0
DISPENSE MM=0.015 SPEED=30.0 RELATIVE=1
WAIT S=0.001
G0 Z0.01 F3000.0 ;position for liquid contact
G0 Z1.0 F5000.0
G0 X159.0 Y77.0 F5000.0
G0 Z1.0 F3000.0
DISPENSE MM=0.015 SPEED=30.0 RELATIVE=1
WAIT S=0.001
G0 Z0.01 F3000.0 ;position for liquid contact
G0 Z1.0 F5000.0
G0 X161.0 Y77.0 F5000.0
G0 Z1.0 F3000.0
DISPENSE MM=0.015 SPEED=30.0 RELATIVE=1
WAIT S=0.001
G0 Z0.01 F3000.0 ;position for liquid contact
G0 Z1.0 F5000.0
G0 X163.0 Y77.0 F5000.0
G0 Z1.0 F3000.0
DISPENSE MM=0.015 SPEED=30.0 RELATIVE=1
WAIT S=0.001
G0 Z0.01 F3000.0 ;position for liquid contact
G0 Z1.0 F5000.0
G0 X165.0 Y77.0 F5000.0
G0 Z1.0 F3000.0
DISPENSE MM=0.015 SPEED=30.0 RELATIVE=1
WAIT S=0.001
G0 Z0.01 F3000.0 ;position for liquid contact
G0 Z1.0 F5000.0
G0 X167.0 Y77.0 F5000.0
G0 Z1.0 F3000.0
DISPENSE MM=0.015 SPEED=30.0 RELATIVE=1
WAIT S=0.001
G0 Z0.01 F3000.0 ;position for liquid contact
G0 Z1.0 F5000.0
G0 X109.0 Y79.0 F5000.0
G0 Z1.0 F3000.0
WAIT S=0.2
DISPENSE MM=0.015 SPEED=30.0 RELATIVE=1
WAIT S=0.001
G0 Z0.01 F3000.0 ;position for liquid contact
G0 Z1.0 F5000.0
G0 X111.0 Y79.0 F5000.0
G0 Z1.0 F3000.0
DISPENSE MM=0.015 SPEED=30.0 RELATIVE=1
WAIT S=0.001
G0 Z0.01 F3000.0 ;position for liquid contact
G0 Z1.0 F5000.0
G0 X113.0 Y79.0 F5000.0
G0 Z1.0 F3000.0
DISPENSE MM=0.015 SPEED=30.0 RELATIVE=1
WAIT S=0.001
G0 Z0.01 F3000.0 ;position for liquid contact
G0 Z1.0 F5000.0
G0 X115.0 Y79.0 F5000.0
G0 Z1.0 F3000.0
DISPENSE MM=0.015 SPEED=30.0 RELATIVE=1
WAIT S=0.001
G0 Z0.01 F3000.0 ;position for liquid contact
G0 Z1.0 F5000.0
G0 X117.0 Y79.0 F5000.0
G0 Z1.0 F3000.0
DISPENSE MM=0.015 SPEED=30.0 RELATIVE=1
WAIT S=0.001
G0 Z0.01 F3000.0 ;position for liquid contact
G0 Z1.0 F5000.0
G0 X119.0 Y79.0 F5000.0
G0 Z1.0 F3000.0
DISPENSE MM=0.015 SPEED=30.0 RELATIVE=1
WAIT S=0.001
G0 Z0.01 F3000.0 ;position for liquid contact
G0 Z1.0 F5000.0
G0 X121.0 Y79.0 F5000.0
G0 Z1.0 F3000.0
DISPENSE MM=0.015 SPEED=30.0 RELATIVE=1
WAIT S=0.001
G0 Z0.01 F3000.0 ;position for liquid contact
G0 Z1.0 F5000.0
G0 X123.0 Y79.0 F5000.0
G0 Z1.0 F3000.0
DISPENSE MM=0.015 SPEED=30.0 RELATIVE=1
WAIT S=0.001
G0 Z0.01 F3000.0 ;position for liquid contact
G0 Z1.0 F5000.0
G0 X125.0 Y79.0 F5000.0
G0 Z1.0 F3000.0
DISPENSE MM=0.015 SPEED=30.0 RELATIVE=1
WAIT S=0.001
G0 Z0.01 F3000.0 ;position for liquid contact
G0 Z1.0 F5000.0
G0 X127.0 Y79.0 F5000.0
G0 Z1.0 F3000.0
DISPENSE MM=0.015 SPEED=30.0 RELATIVE=1
WAIT S=0.001
G0 Z0.01 F3000.0 ;position for liquid contact
G0 Z1.0 F5000.0
G0 X129.0 Y79.0 F5000.0
G0 Z1.0 F3000.0
DISPENSE MM=0.015 SPEED=30.0 RELATIVE=1
WAIT S=0.001
G0 Z0.01 F3000.0 ;position for liquid contact
G0 Z1.0 F5000.0
G0 X131.0 Y79.0 F5000.0
G0 Z1.0 F3000.0
DISPENSE MM=0.015 SPEED=30.0 RELATIVE=1
WAIT S=0.001
G0 Z0.01 F3000.0 ;position for liquid contact
G0 Z1.0 F5000.0
G0 X133.0 Y79.0 F5000.0
G0 Z1.0 F3000.0
DISPENSE MM=0.015 SPEED=30.0 RELATIVE=1
WAIT S=0.001
G0 Z0.01 F3000.0 ;position for liquid contact
G0 Z1.0 F5000.0
G0 X135.0 Y79.0 F5000.0
G0 Z1.0 F3000.0
DISPENSE MM=0.015 SPEED=30.0 RELATIVE=1
WAIT S=0.001
G0 Z0.01 F3000.0 ;position for liquid contact
G0 Z1.0 F5000.0
G0 X137.0 Y79.0 F5000.0
G0 Z1.0 F3000.0
DISPENSE MM=0.015 SPEED=30.0 RELATIVE=1
WAIT S=0.001
G0 Z0.01 F3000.0 ;position for liquid contact
G0 Z1.0 F5000.0
G0 X139.0 Y79.0 F5000.0
G0 Z1.0 F3000.0
DISPENSE MM=0.015 SPEED=30.0 RELATIVE=1
WAIT S=0.001
G0 Z0.01 F3000.0 ;position for liquid contact
G0 Z1.0 F5000.0
G0 X141.0 Y79.0 F5000.0
G0 Z1.0 F3000.0
DISPENSE MM=0.015 SPEED=30.0 RELATIVE=1
WAIT S=0.001
G0 Z0.01 F3000.0 ;position for liquid contact
G0 Z1.0 F5000.0
G0 X143.0 Y79.0 F5000.0
G0 Z1.0 F3000.0
DISPENSE MM=0.015 SPEED=30.0 RELATIVE=1
WAIT S=0.001
G0 Z0.01 F3000.0 ;position for liquid contact
G0 Z1.0 F5000.0
G0 X145.0 Y79.0 F5000.0
G0 Z1.0 F3000.0
DISPENSE MM=0.015 SPEED=30.0 RELATIVE=1
WAIT S=0.001
G0 Z0.01 F3000.0 ;position for liquid contact
G0 Z1.0 F5000.0
G0 X147.0 Y79.0 F5000.0
G0 Z1.0 F3000.0
DISPENSE MM=0.015 SPEED=30.0 RELATIVE=1
WAIT S=0.001
G0 Z0.01 F3000.0 ;position for liquid contact
G0 Z1.0 F5000.0
G0 X149.0 Y79.0 F5000.0
G0 Z1.0 F3000.0
DISPENSE MM=0.015 SPEED=30.0 RELATIVE=1
WAIT S=0.001
G0 Z0.01 F3000.0 ;position for liquid contact
G0 Z1.0 F5000.0
G0 X151.0 Y79.0 F5000.0
G0 Z1.0 F3000.0
DISPENSE MM=0.015 SPEED=30.0 RELATIVE=1
WAIT S=0.001
G0 Z0.01 F3000.0 ;position for liquid contact
G0 Z1.0 F5000.0
G0 X153.0 Y79.0 F5000.0
G0 Z1.0 F3000.0
DISPENSE MM=0.015 SPEED=30.0 RELATIVE=1
WAIT S=0.001
G0 Z0.01 F3000.0 ;position for liquid contact
G0 Z1.0 F5000.0
G0 X155.0 Y79.0 F5000.0
G0 Z1.0 F3000.0
DISPENSE MM=0.015 SPEED=30.0 RELATIVE=1
WAIT S=0.001
G0 Z0.01 F3000.0 ;position for liquid contact
G0 Z1.0 F5000.0
G0 X157.0 Y79.0 F5000.0
G0 Z1.0 F3000.0
DISPENSE MM=0.015 SPEED=30.0 RELATIVE=1
WAIT S=0.001
G0 Z0.01 F3000.0 ;position for liquid contact
G0 Z1.0 F5000.0
G0 X159.0 Y79.0 F5000.0
G0 Z1.0 F3000.0
DISPENSE MM=0.015 SPEED=30.0 RELATIVE=1
WAIT S=0.001
G0 Z0.01 F3000.0 ;position for liquid contact
G0 Z1.0 F5000.0
G0 X161.0 Y79.0 F5000.0
G0 Z1.0 F3000.0
DISPENSE MM=0.015 SPEED=30.0 RELATIVE=1
WAIT S=0.001
G0 Z0.01 F3000.0 ;position for liquid contact
G0 Z1.0 F5000.0
G0 X163.0 Y79.0 F5000.0
G0 Z1.0 F3000.0
DISPENSE MM=0.015 SPEED=30.0 RELATIVE=1
WAIT S=0.001
G0 Z0.01 F3000.0 ;position for liquid contact
G0 Z1.0 F5000.0
G0 X165.0 Y79.0 F5000.0
G0 Z1.0 F3000.0
DISPENSE MM=0.015 SPEED=30.0 RELATIVE=1
WAIT S=0.001
G0 Z0.01 F3000.0 ;position for liquid contact
G0 Z1.0 F5000.0
G0 X167.0 Y79.0 F5000.0
G0 Z1.0 F3000.0
DISPENSE MM=0.015 SPEED=30.0 RELATIVE=1
WAIT S=0.001
G0 Z0.01 F3000.0 ;position for liquid contact
G0 Z1.0 F5000.0
G0 X109.0 Y81.0 F5000.0
G0 Z1.0 F3000.0
WAIT S=0.2
DISPENSE MM=0.015 SPEED=30.0 RELATIVE=1
WAIT S=0.001
G0 Z0.01 F3000.0 ;position for liquid contact
G0 Z1.0 F5000.0
G0 X111.0 Y81.0 F5000.0
G0 Z1.0 F3000.0
DISPENSE MM=0.015 SPEED=30.0 RELATIVE=1
WAIT S=0.001
G0 Z0.01 F3000.0 ;position for liquid contact
G0 Z1.0 F5000.0
G0 X113.0 Y81.0 F5000.0
G0 Z1.0 F3000.0
DISPENSE MM=0.015 SPEED=30.0 RELATIVE=1
WAIT S=0.001
G0 Z0.01 F3000.0 ;position for liquid contact
G0 Z1.0 F5000.0
G0 X115.0 Y81.0 F5000.0
G0 Z1.0 F3000.0
DISPENSE MM=0.015 SPEED=30.0 RELATIVE=1
WAIT S=0.001
G0 Z0.01 F3000.0 ;position for liquid contact
G0 Z1.0 F5000.0
G0 X117.0 Y81.0 F5000.0
G0 Z1.0 F3000.0
DISPENSE MM=0.015 SPEED=30.0 RELATIVE=1
WAIT S=0.001
G0 Z0.01 F3000.0 ;position for liquid contact
G0 Z1.0 F5000.0
G0 X119.0 Y81.0 F5000.0
G0 Z1.0 F3000.0
DISPENSE MM=0.015 SPEED=30.0 RELATIVE=1
WAIT S=0.001
G0 Z0.01 F3000.0 ;position for liquid contact
G0 Z1.0 F5000.0
G0 X121.0 Y81.0 F5000.0
G0 Z1.0 F3000.0
DISPENSE MM=0.015 SPEED=30.0 RELATIVE=1
WAIT S=0.001
G0 Z0.01 F3000.0 ;position for liquid contact
G0 Z1.0 F5000.0
G0 X123.0 Y81.0 F5000.0
G0 Z1.0 F3000.0
DISPENSE MM=0.015 SPEED=30.0 RELATIVE=1
WAIT S=0.001
G0 Z0.01 F3000.0 ;position for liquid contact
G0 Z1.0 F5000.0
G0 X125.0 Y81.0 F5000.0
G0 Z1.0 F3000.0
DISPENSE MM=0.015 SPEED=30.0 RELATIVE=1
WAIT S=0.001
G0 Z0.01 F3000.0 ;position for liquid contact
G0 Z1.0 F5000.0
G0 X127.0 Y81.0 F5000.0
G0 Z1.0 F3000.0
DISPENSE MM=0.015 SPEED=30.0 RELATIVE=1
WAIT S=0.001
G0 Z0.01 F3000.0 ;position for liquid contact
G0 Z1.0 F5000.0
G0 X129.0 Y81.0 F5000.0
G0 Z1.0 F3000.0
DISPENSE MM=0.015 SPEED=30.0 RELATIVE=1
WAIT S=0.001
G0 Z0.01 F3000.0 ;position for liquid contact
G0 Z1.0 F5000.0
G0 X131.0 Y81.0 F5000.0
G0 Z1.0 F3000.0
DISPENSE MM=0.015 SPEED=30.0 RELATIVE=1
WAIT S=0.001
G0 Z0.01 F3000.0 ;position for liquid contact
G0 Z1.0 F5000.0
G0 X133.0 Y81.0 F5000.0
G0 Z1.0 F3000.0
DISPENSE MM=0.015 SPEED=30.0 RELATIVE=1
WAIT S=0.001
G0 Z0.01 F3000.0 ;position for liquid contact
G0 Z1.0 F5000.0
G0 X135.0 Y81.0 F5000.0
G0 Z1.0 F3000.0
DISPENSE MM=0.015 SPEED=30.0 RELATIVE=1
WAIT S=0.001
G0 Z0.01 F3000.0 ;position for liquid contact
G0 Z1.0 F5000.0
G0 X137.0 Y81.0 F5000.0
G0 Z1.0 F3000.0
DISPENSE MM=0.015 SPEED=30.0 RELATIVE=1
WAIT S=0.001
G0 Z0.01 F3000.0 ;position for liquid contact
G0 Z1.0 F5000.0
G0 X139.0 Y81.0 F5000.0
G0 Z1.0 F3000.0
DISPENSE MM=0.015 SPEED=30.0 RELATIVE=1
WAIT S=0.001
G0 Z0.01 F3000.0 ;position for liquid contact
G0 Z1.0 F5000.0
G0 X141.0 Y81.0 F5000.0
G0 Z1.0 F3000.0
DISPENSE MM=0.015 SPEED=30.0 RELATIVE=1
WAIT S=0.001
G0 Z0.01 F3000.0 ;position for liquid contact
G0 Z1.0 F5000.0
G0 X143.0 Y81.0 F5000.0
G0 Z1.0 F3000.0
DISPENSE MM=0.015 SPEED=30.0 RELATIVE=1
WAIT S=0.001
G0 Z0.01 F3000.0 ;position for liquid contact
G0 Z1.0 F5000.0
G0 X145.0 Y81.0 F5000.0
G0 Z1.0 F3000.0
DISPENSE MM=0.015 SPEED=30.0 RELATIVE=1
WAIT S=0.001
G0 Z0.01 F3000.0 ;position for liquid contact
G0 Z1.0 F5000.0
G0 X147.0 Y81.0 F5000.0
G0 Z1.0 F3000.0
DISPENSE MM=0.015 SPEED=30.0 RELATIVE=1
WAIT S=0.001
G0 Z0.01 F3000.0 ;position for liquid contact
G0 Z1.0 F5000.0
G0 X149.0 Y81.0 F5000.0
G0 Z1.0 F3000.0
DISPENSE MM=0.015 SPEED=30.0 RELATIVE=1
WAIT S=0.001
G0 Z0.01 F3000.0 ;position for liquid contact
G0 Z1.0 F5000.0
G0 X151.0 Y81.0 F5000.0
G0 Z1.0 F3000.0
DISPENSE MM=0.015 SPEED=30.0 RELATIVE=1
WAIT S=0.001
G0 Z0.01 F3000.0 ;position for liquid contact
G0 Z1.0 F5000.0
G0 X153.0 Y81.0 F5000.0
G0 Z1.0 F3000.0
DISPENSE MM=0.015 SPEED=30.0 RELATIVE=1
WAIT S=0.001
G0 Z0.01 F3000.0 ;position for liquid contact
G0 Z1.0 F5000.0
G0 X155.0 Y81.0 F5000.0
G0 Z1.0 F3000.0
DISPENSE MM=0.015 SPEED=30.0 RELATIVE=1
WAIT S=0.001
G0 Z0.01 F3000.0 ;position for liquid contact
G0 Z1.0 F5000.0
G0 X157.0 Y81.0 F5000.0
G0 Z1.0 F3000.0
DISPENSE MM=0.015 SPEED=30.0 RELATIVE=1
WAIT S=0.001
G0 Z0.01 F3000.0 ;position for liquid contact
G0 Z1.0 F5000.0
G0 X159.0 Y81.0 F5000.0
G0 Z1.0 F3000.0
DISPENSE MM=0.015 SPEED=30.0 RELATIVE=1
WAIT S=0.001
G0 Z0.01 F3000.0 ;position for liquid contact
G0 Z1.0 F5000.0
G0 X161.0 Y81.0 F5000.0
G0 Z1.0 F3000.0
DISPENSE MM=0.015 SPEED=30.0 RELATIVE=1
WAIT S=0.001
G0 Z0.01 F3000.0 ;position for liquid contact
G0 Z1.0 F5000.0
G0 X163.0 Y81.0 F5000.0
G0 Z1.0 F3000.0
DISPENSE MM=0.015 SPEED=30.0 RELATIVE=1
WAIT S=0.001
G0 Z0.01 F3000.0 ;position for liquid contact
G0 Z1.0 F5000.0
G0 X165.0 Y81.0 F5000.0
G0 Z1.0 F3000.0
DISPENSE MM=0.015 SPEED=30.0 RELATIVE=1
WAIT S=0.001
G0 Z0.01 F3000.0 ;position for liquid contact
G0 Z1.0 F5000.0
G0 X167.0 Y81.0 F5000.0
G0 Z1.0 F3000.0
DISPENSE MM=0.015 SPEED=30.0 RELATIVE=1
WAIT S=0.001
G0 Z0.01 F3000.0 ;position for liquid contact
G0 Z1.0 F5000.0
G0 X109.0 Y83.0 F5000.0
G0 Z1.0 F3000.0
WAIT S=0.2
DISPENSE MM=0.015 SPEED=30.0 RELATIVE=1
WAIT S=0.001
G0 Z0.01 F3000.0 ;position for liquid contact
G0 Z1.0 F5000.0
G0 X111.0 Y83.0 F5000.0
G0 Z1.0 F3000.0
DISPENSE MM=0.015 SPEED=30.0 RELATIVE=1
WAIT S=0.001
G0 Z0.01 F3000.0 ;position for liquid contact
G0 Z1.0 F5000.0
G0 X113.0 Y83.0 F5000.0
G0 Z1.0 F3000.0
DISPENSE MM=0.015 SPEED=30.0 RELATIVE=1
WAIT S=0.001
G0 Z0.01 F3000.0 ;position for liquid contact
G0 Z1.0 F5000.0
G0 X115.0 Y83.0 F5000.0
G0 Z1.0 F3000.0
DISPENSE MM=0.015 SPEED=30.0 RELATIVE=1
WAIT S=0.001
G0 Z0.01 F3000.0 ;position for liquid contact
G0 Z1.0 F5000.0
G0 X117.0 Y83.0 F5000.0
G0 Z1.0 F3000.0
DISPENSE MM=0.015 SPEED=30.0 RELATIVE=1
WAIT S=0.001
G0 Z0.01 F3000.0 ;position for liquid contact
G0 Z1.0 F5000.0
G0 X119.0 Y83.0 F5000.0
G0 Z1.0 F3000.0
DISPENSE MM=0.015 SPEED=30.0 RELATIVE=1
WAIT S=0.001
G0 Z0.01 F3000.0 ;position for liquid contact
G0 Z1.0 F5000.0
G0 X121.0 Y83.0 F5000.0
G0 Z1.0 F3000.0
DISPENSE MM=0.015 SPEED=30.0 RELATIVE=1
WAIT S=0.001
G0 Z0.01 F3000.0 ;position for liquid contact
G0 Z1.0 F5000.0
G0 X123.0 Y83.0 F5000.0
G0 Z1.0 F3000.0
DISPENSE MM=0.015 SPEED=30.0 RELATIVE=1
WAIT S=0.001
G0 Z0.01 F3000.0 ;position for liquid contact
G0 Z1.0 F5000.0
G0 X125.0 Y83.0 F5000.0
G0 Z1.0 F3000.0
DISPENSE MM=0.015 SPEED=30.0 RELATIVE=1
WAIT S=0.001
G0 Z0.01 F3000.0 ;position for liquid contact
G0 Z1.0 F5000.0
G0 X127.0 Y83.0 F5000.0
G0 Z1.0 F3000.0
DISPENSE MM=0.015 SPEED=30.0 RELATIVE=1
WAIT S=0.001
G0 Z0.01 F3000.0 ;position for liquid contact
G0 Z1.0 F5000.0

; Washing sequence
G0 Z40.0 F5000
G0 X221.0 Y116.0 F5000
G0 Z-5.0 F500
G0 X222.0 F2000.0
G0 X221.0 F2000.0
G0 X222.0 F2000.0
G0 X221.0 F2000.0
G0 X222.0 F2000.0
G0 X221.0 F2000.0
G0 X222.0 F2000.0
G0 X221.0 F2000.0
G0 X222.0 F2000.0
G0 X221.0 F2000.0
G0 X222.0 F2000.0
G0 X221.0 F2000.0
G0 X222.0 F2000.0
G0 X221.0 F2000.0
G0 X222.0 F2000.0
G0 X221.0 F2000.0
G0 X222.0 F2000.0
G0 X221.0 F2000.0
G0 X222.0 F2000.0
G0 X221.0 F2000.0
G0 X222.0 F2000.0
G0 X221.0 F2000.0
G0 X222.0 F2000.0
G0 X221.0 F2000.0
G0 X222.0 F2000.0
G0 X221.0 F2000.0
G0 X222.0 F2000.0
G0 X221.0 F2000.0
G0 X222.0 F2000.0
G0 X221.0 F2000.0
G0 X222.0 F2000.0
G0 X221.0 F2000.0
G0 X222.0 F2000.0
G0 X221.0 F2000.0
G0 X222.0 F2000.0
G0 X221.0 F2000.0
G0 X222.0 F2000.0
G0 X221.0 F2000.0
G0 X222.0 F2000.0
G0 X221.0 F2000.0
G0 X222.0 F2000.0
G0 X221.0 F2000.0
G0 X222.0 F2000.0
G0 X221.0 F2000.0
G0 X222.0 F2000.0
G0 X221.0 F2000.0
G0 X222.0 F2000.0
G0 X221.0 F2000.0
G0 X222.0 F2000.0
G0 X221.0 F2000.0
G0 X222.0 F2000.0
G0 X221.0 F2000.0
G0 X222.0 F2000.0
G0 X221.0 F2000.0
G0 X222.0 F2000.0
G0 X221.0 F2000.0
G0 X222.0 F2000.0
G0 X221.0 F2000.0
G0 X222.0 F2000.0
G0 X221.0 F2000.0
G0 X222.0 F2000.0
G0 X221.0 F2000.0
G0 X222.0 F2000.0
G0 X221.0 F2000.0
G0 X222.0 F2000.0
G0 X221.0 F2000.0
G0 X222.0 F2000.0
G0 X221.0 F2000.0
G0 X222.0 F2000.0
G0 X221.0 F2000.0
G0 X222.0 F2000.0
G0 X221.0 F2000.0
G0 X222.0 F2000.0
G0 X221.0 F2000.0
G0 X222.0 F2000.0
G0 X221.0 F2000.0
G0 X222.0 F2000.0
G0 X221.0 F2000.0
G0 X222.0 F2000.0
G0 X221.0 F2000.0
G0 X222.0 F2000.0
G0 X221.0 F2000.0
G0 X222.0 F2000.0
G0 X221.0 F2000.0
G0 X222.0 F2000.0
G0 X221.0 F2000.0
G0 X222.0 F2000.0
G0 X221.0 F2000.0
G0 X222.0 F2000.0
G0 X221.0 F2000.0
G0 X222.0 F2000.0
G0 X221.0 F2000.0
G0 X222.0 F2000.0
G0 X221.0 F2000.0
G0 X222.0 F2000.0
G0 X221.0 F2000.0
G0 X222.0 F2000.0
G0 X221.0 F2000.0
G0 X222.0 F2000.0
G0 X221.0 F2000.0
G0 Z40.0 F5000


; Create cleaning sequence
G0 X109.0 Y52.0 F5000
WAIT S=0.2
DISPENSE MM=0.125 SPEED=500 RELATIVE=1
G0 Z0.01 F500 ;position for liquid contact
G0 Z1.0 F5000
G0 X112.0 Y52.0 F5000
DISPENSE MM=0.125 SPEED=500 RELATIVE=1
G0 Z0.01 F500 ;position for liquid contact
G0 Z1.0 F5000
G0 X115.0 Y52.0 F5000
DISPENSE MM=0.125 SPEED=500 RELATIVE=1
G0 Z0.01 F500 ;position for liquid contact
G0 Z1.0 F5000
G0 X118.0 Y52.0 F5000
DISPENSE MM=0.125 SPEED=500 RELATIVE=1
G0 Z0.01 F500 ;position for liquid contact
G0 Z1.0 F5000
G0 X121.0 Y52.0 F5000
DISPENSE MM=0.125 SPEED=500 RELATIVE=1
G0 Z0.01 F500 ;position for liquid contact
G0 Z1.0 F5000
G0 X124.0 Y52.0 F5000
DISPENSE MM=0.125 SPEED=500 RELATIVE=1
G0 Z0.01 F500 ;position for liquid contact
G0 Z1.0 F5000
G0 X127.0 Y52.0 F5000
DISPENSE MM=0.125 SPEED=500 RELATIVE=1
G0 Z0.01 F500 ;position for liquid contact
G0 Z1.0 F5000
G0 X130.0 Y52.0 F5000
DISPENSE MM=0.125 SPEED=500 RELATIVE=1
G0 Z0.01 F500 ;position for liquid contact
G0 Z1.0 F5000
G0 X133.0 Y52.0 F5000
DISPENSE MM=0.125 SPEED=500 RELATIVE=1
G0 Z0.01 F500 ;position for liquid contact
G0 Z1.0 F5000
G0 X136.0 Y52.0 F5000
DISPENSE MM=0.125 SPEED=500 RELATIVE=1
G0 Z0.01 F500 ;position for liquid contact
G0 Z1.0 F5000
G0 X109.0 Y54.0 F5000
WAIT S=0.2
DISPENSE MM=0.125 SPEED=500 RELATIVE=1
G0 Z0.01 F500 ;position for liquid contact
G0 Z1.0 F5000
G0 X112.0 Y54.0 F5000
DISPENSE MM=0.125 SPEED=500 RELATIVE=1
G0 Z0.01 F500 ;position for liquid contact
G0 Z1.0 F5000
G0 X115.0 Y54.0 F5000
DISPENSE MM=0.125 SPEED=500 RELATIVE=1
G0 Z0.01 F500 ;position for liquid contact
G0 Z1.0 F5000
G0 X118.0 Y54.0 F5000
DISPENSE MM=0.125 SPEED=500 RELATIVE=1
G0 Z0.01 F500 ;position for liquid contact
G0 Z1.0 F5000
G0 X121.0 Y54.0 F5000
DISPENSE MM=0.125 SPEED=500 RELATIVE=1
G0 Z0.01 F500 ;position for liquid contact
G0 Z1.0 F5000
G0 X124.0 Y54.0 F5000
DISPENSE MM=0.125 SPEED=500 RELATIVE=1
G0 Z0.01 F500 ;position for liquid contact
G0 Z1.0 F5000
G0 X127.0 Y54.0 F5000
DISPENSE MM=0.125 SPEED=500 RELATIVE=1
G0 Z0.01 F500 ;position for liquid contact
G0 Z1.0 F5000
G0 X130.0 Y54.0 F5000
DISPENSE MM=0.125 SPEED=500 RELATIVE=1
G0 Z0.01 F500 ;position for liquid contact
G0 Z1.0 F5000
G0 X133.0 Y54.0 F5000
DISPENSE MM=0.125 SPEED=500 RELATIVE=1
G0 Z0.01 F500 ;position for liquid contact
G0 Z1.0 F5000
G0 X136.0 Y54.0 F5000
DISPENSE MM=0.125 SPEED=500 RELATIVE=1
G0 Z0.01 F500 ;position for liquid contact
G0 Z1.0 F5000
G0 Z40.0 F5000
G0 X129.0 Y83.0 F5000.0
G0 Z1.0 F3000.0
DISPENSE MM=0.015 SPEED=30.0 RELATIVE=1
WAIT S=0.001
G0 Z0.01 F3000.0 ;position for liquid contact
G0 Z1.0 F5000.0
G0 X131.0 Y83.0 F5000.0
G0 Z1.0 F3000.0
DISPENSE MM=0.015 SPEED=30.0 RELATIVE=1
WAIT S=0.001
G0 Z0.01 F3000.0 ;position for liquid contact
G0 Z1.0 F5000.0
G0 X133.0 Y83.0 F5000.0
G0 Z1.0 F3000.0
DISPENSE MM=0.015 SPEED=30.0 RELATIVE=1
WAIT S=0.001
G0 Z0.01 F3000.0 ;position for liquid contact
G0 Z1.0 F5000.0
G0 X135.0 Y83.0 F5000.0
G0 Z1.0 F3000.0
DISPENSE MM=0.015 SPEED=30.0 RELATIVE=1
WAIT S=0.001
G0 Z0.01 F3000.0 ;position for liquid contact
G0 Z1.0 F5000.0
G0 X137.0 Y83.0 F5000.0
G0 Z1.0 F3000.0
DISPENSE MM=0.015 SPEED=30.0 RELATIVE=1
WAIT S=0.001
G0 Z0.01 F3000.0 ;position for liquid contact
G0 Z1.0 F5000.0
G0 X139.0 Y83.0 F5000.0
G0 Z1.0 F3000.0
DISPENSE MM=0.015 SPEED=30.0 RELATIVE=1
WAIT S=0.001
G0 Z0.01 F3000.0 ;position for liquid contact
G0 Z1.0 F5000.0
G0 X141.0 Y83.0 F5000.0
G0 Z1.0 F3000.0
DISPENSE MM=0.015 SPEED=30.0 RELATIVE=1
WAIT S=0.001
G0 Z0.01 F3000.0 ;position for liquid contact
G0 Z1.0 F5000.0
G0 X143.0 Y83.0 F5000.0
G0 Z1.0 F3000.0
DISPENSE MM=0.015 SPEED=30.0 RELATIVE=1
WAIT S=0.001
G0 Z0.01 F3000.0 ;position for liquid contact
G0 Z1.0 F5000.0
G0 X145.0 Y83.0 F5000.0
G0 Z1.0 F3000.0
DISPENSE MM=0.015 SPEED=30.0 RELATIVE=1
WAIT S=0.001
G0 Z0.01 F3000.0 ;position for liquid contact
G0 Z1.0 F5000.0
G0 X147.0 Y83.0 F5000.0
G0 Z1.0 F3000.0
DISPENSE MM=0.015 SPEED=30.0 RELATIVE=1
WAIT S=0.001
G0 Z0.01 F3000.0 ;position for liquid contact
G0 Z1.0 F5000.0
G0 X149.0 Y83.0 F5000.0
G0 Z1.0 F3000.0
DISPENSE MM=0.015 SPEED=30.0 RELATIVE=1
WAIT S=0.001
G0 Z0.01 F3000.0 ;position for liquid contact
G0 Z1.0 F5000.0
G0 X151.0 Y83.0 F5000.0
G0 Z1.0 F3000.0
DISPENSE MM=0.015 SPEED=30.0 RELATIVE=1
WAIT S=0.001
G0 Z0.01 F3000.0 ;position for liquid contact
G0 Z1.0 F5000.0
G0 X153.0 Y83.0 F5000.0
G0 Z1.0 F3000.0
DISPENSE MM=0.015 SPEED=30.0 RELATIVE=1
WAIT S=0.001
G0 Z0.01 F3000.0 ;position for liquid contact
G0 Z1.0 F5000.0
G0 X155.0 Y83.0 F5000.0
G0 Z1.0 F3000.0
DISPENSE MM=0.015 SPEED=30.0 RELATIVE=1
WAIT S=0.001
G0 Z0.01 F3000.0 ;position for liquid contact
G0 Z1.0 F5000.0
G0 X157.0 Y83.0 F5000.0
G0 Z1.0 F3000.0
DISPENSE MM=0.015 SPEED=30.0 RELATIVE=1
WAIT S=0.001
G0 Z0.01 F3000.0 ;position for liquid contact
G0 Z1.0 F5000.0
G0 X159.0 Y83.0 F5000.0
G0 Z1.0 F3000.0
DISPENSE MM=0.015 SPEED=30.0 RELATIVE=1
WAIT S=0.001
G0 Z0.01 F3000.0 ;position for liquid contact
G0 Z1.0 F5000.0
G0 X161.0 Y83.0 F5000.0
G0 Z1.0 F3000.0
DISPENSE MM=0.015 SPEED=30.0 RELATIVE=1
WAIT S=0.001
G0 Z0.01 F3000.0 ;position for liquid contact
G0 Z1.0 F5000.0
G0 X163.0 Y83.0 F5000.0
G0 Z1.0 F3000.0
DISPENSE MM=0.015 SPEED=30.0 RELATIVE=1
WAIT S=0.001
G0 Z0.01 F3000.0 ;position for liquid contact
G0 Z1.0 F5000.0
G0 X165.0 Y83.0 F5000.0
G0 Z1.0 F3000.0
DISPENSE MM=0.015 SPEED=30.0 RELATIVE=1
WAIT S=0.001
G0 Z0.01 F3000.0 ;position for liquid contact
G0 Z1.0 F5000.0
G0 X167.0 Y83.0 F5000.0
G0 Z1.0 F3000.0
DISPENSE MM=0.015 SPEED=30.0 RELATIVE=1
WAIT S=0.001
G0 Z0.01 F3000.0 ;position for liquid contact
G0 Z1.0 F5000.0
G0 X109.0 Y85.0 F5000.0
G0 Z1.0 F3000.0
WAIT S=0.2
DISPENSE MM=0.015 SPEED=30.0 RELATIVE=1
WAIT S=0.001
G0 Z0.01 F3000.0 ;position for liquid contact
G0 Z1.0 F5000.0
G0 X111.0 Y85.0 F5000.0
G0 Z1.0 F3000.0
DISPENSE MM=0.015 SPEED=30.0 RELATIVE=1
WAIT S=0.001
G0 Z0.01 F3000.0 ;position for liquid contact
G0 Z1.0 F5000.0
G0 X113.0 Y85.0 F5000.0
G0 Z1.0 F3000.0
DISPENSE MM=0.015 SPEED=30.0 RELATIVE=1
WAIT S=0.001
G0 Z0.01 F3000.0 ;position for liquid contact
G0 Z1.0 F5000.0
G0 X115.0 Y85.0 F5000.0
G0 Z1.0 F3000.0
DISPENSE MM=0.015 SPEED=30.0 RELATIVE=1
WAIT S=0.001
G0 Z0.01 F3000.0 ;position for liquid contact
G0 Z1.0 F5000.0
G0 X117.0 Y85.0 F5000.0
G0 Z1.0 F3000.0
DISPENSE MM=0.015 SPEED=30.0 RELATIVE=1
WAIT S=0.001
G0 Z0.01 F3000.0 ;position for liquid contact
G0 Z1.0 F5000.0
G0 X119.0 Y85.0 F5000.0
G0 Z1.0 F3000.0
DISPENSE MM=0.015 SPEED=30.0 RELATIVE=1
WAIT S=0.001
G0 Z0.01 F3000.0 ;position for liquid contact
G0 Z1.0 F5000.0
G0 X121.0 Y85.0 F5000.0
G0 Z1.0 F3000.0
DISPENSE MM=0.015 SPEED=30.0 RELATIVE=1
WAIT S=0.001
G0 Z0.01 F3000.0 ;position for liquid contact
G0 Z1.0 F5000.0
G0 X123.0 Y85.0 F5000.0
G0 Z1.0 F3000.0
DISPENSE MM=0.015 SPEED=30.0 RELATIVE=1
WAIT S=0.001
G0 Z0.01 F3000.0 ;position for liquid contact
G0 Z1.0 F5000.0
G0 X125.0 Y85.0 F5000.0
G0 Z1.0 F3000.0
DISPENSE MM=0.015 SPEED=30.0 RELATIVE=1
WAIT S=0.001
G0 Z0.01 F3000.0 ;position for liquid contact
G0 Z1.0 F5000.0
G0 X127.0 Y85.0 F5000.0
G0 Z1.0 F3000.0
DISPENSE MM=0.015 SPEED=30.0 RELATIVE=1
WAIT S=0.001
G0 Z0.01 F3000.0 ;position for liquid contact
G0 Z1.0 F5000.0
G0 X129.0 Y85.0 F5000.0
G0 Z1.0 F3000.0
DISPENSE MM=0.015 SPEED=30.0 RELATIVE=1
WAIT S=0.001
G0 Z0.01 F3000.0 ;position for liquid contact
G0 Z1.0 F5000.0
G0 X131.0 Y85.0 F5000.0
G0 Z1.0 F3000.0
DISPENSE MM=0.015 SPEED=30.0 RELATIVE=1
WAIT S=0.001
G0 Z0.01 F3000.0 ;position for liquid contact
G0 Z1.0 F5000.0
G0 X133.0 Y85.0 F5000.0
G0 Z1.0 F3000.0
DISPENSE MM=0.015 SPEED=30.0 RELATIVE=1
WAIT S=0.001
G0 Z0.01 F3000.0 ;position for liquid contact
G0 Z1.0 F5000.0
G0 X135.0 Y85.0 F5000.0
G0 Z1.0 F3000.0
DISPENSE MM=0.015 SPEED=30.0 RELATIVE=1
WAIT S=0.001
G0 Z0.01 F3000.0 ;position for liquid contact
G0 Z1.0 F5000.0
G0 X137.0 Y85.0 F5000.0
G0 Z1.0 F3000.0
DISPENSE MM=0.015 SPEED=30.0 RELATIVE=1
WAIT S=0.001
G0 Z0.01 F3000.0 ;position for liquid contact
G0 Z1.0 F5000.0
G0 X139.0 Y85.0 F5000.0
G0 Z1.0 F3000.0
DISPENSE MM=0.015 SPEED=30.0 RELATIVE=1
WAIT S=0.001
G0 Z0.01 F3000.0 ;position for liquid contact
G0 Z1.0 F5000.0
G0 X141.0 Y85.0 F5000.0
G0 Z1.0 F3000.0
DISPENSE MM=0.015 SPEED=30.0 RELATIVE=1
WAIT S=0.001
G0 Z0.01 F3000.0 ;position for liquid contact
G0 Z1.0 F5000.0
G0 X143.0 Y85.0 F5000.0
G0 Z1.0 F3000.0
DISPENSE MM=0.015 SPEED=30.0 RELATIVE=1
WAIT S=0.001
G0 Z0.01 F3000.0 ;position for liquid contact
G0 Z1.0 F5000.0
G0 X145.0 Y85.0 F5000.0
G0 Z1.0 F3000.0
DISPENSE MM=0.015 SPEED=30.0 RELATIVE=1
WAIT S=0.001
G0 Z0.01 F3000.0 ;position for liquid contact
G0 Z1.0 F5000.0
G0 X147.0 Y85.0 F5000.0
G0 Z1.0 F3000.0
DISPENSE MM=0.015 SPEED=30.0 RELATIVE=1
WAIT S=0.001
G0 Z0.01 F3000.0 ;position for liquid contact
G0 Z1.0 F5000.0
G0 X149.0 Y85.0 F5000.0
G0 Z1.0 F3000.0
DISPENSE MM=0.015 SPEED=30.0 RELATIVE=1
WAIT S=0.001
G0 Z0.01 F3000.0 ;position for liquid contact
G0 Z1.0 F5000.0
G0 X151.0 Y85.0 F5000.0
G0 Z1.0 F3000.0
DISPENSE MM=0.015 SPEED=30.0 RELATIVE=1
WAIT S=0.001
G0 Z0.01 F3000.0 ;position for liquid contact
G0 Z1.0 F5000.0
G0 X153.0 Y85.0 F5000.0
G0 Z1.0 F3000.0
DISPENSE MM=0.015 SPEED=30.0 RELATIVE=1
WAIT S=0.001
G0 Z0.01 F3000.0 ;position for liquid contact
G0 Z1.0 F5000.0
G0 X155.0 Y85.0 F5000.0
G0 Z1.0 F3000.0
DISPENSE MM=0.015 SPEED=30.0 RELATIVE=1
WAIT S=0.001
G0 Z0.01 F3000.0 ;position for liquid contact
G0 Z1.0 F5000.0
G0 X157.0 Y85.0 F5000.0
G0 Z1.0 F3000.0
DISPENSE MM=0.015 SPEED=30.0 RELATIVE=1
WAIT S=0.001
G0 Z0.01 F3000.0 ;position for liquid contact
G0 Z1.0 F5000.0
G0 X159.0 Y85.0 F5000.0
G0 Z1.0 F3000.0
DISPENSE MM=0.015 SPEED=30.0 RELATIVE=1
WAIT S=0.001
G0 Z0.01 F3000.0 ;position for liquid contact
G0 Z1.0 F5000.0
G0 X161.0 Y85.0 F5000.0
G0 Z1.0 F3000.0
DISPENSE MM=0.015 SPEED=30.0 RELATIVE=1
WAIT S=0.001
G0 Z0.01 F3000.0 ;position for liquid contact
G0 Z1.0 F5000.0
G0 X163.0 Y85.0 F5000.0
G0 Z1.0 F3000.0
DISPENSE MM=0.015 SPEED=30.0 RELATIVE=1
WAIT S=0.001
G0 Z0.01 F3000.0 ;position for liquid contact
G0 Z1.0 F5000.0
G0 X165.0 Y85.0 F5000.0
G0 Z1.0 F3000.0
DISPENSE MM=0.015 SPEED=30.0 RELATIVE=1
WAIT S=0.001
G0 Z0.01 F3000.0 ;position for liquid contact
G0 Z1.0 F5000.0
G0 X167.0 Y85.0 F5000.0
G0 Z1.0 F3000.0
DISPENSE MM=0.015 SPEED=30.0 RELATIVE=1
WAIT S=0.001
G0 Z0.01 F3000.0 ;position for liquid contact
G0 Z1.0 F5000.0
G0 X109.0 Y87.0 F5000.0
G0 Z1.0 F3000.0
WAIT S=0.2
DISPENSE MM=0.015 SPEED=30.0 RELATIVE=1
WAIT S=0.001
G0 Z0.01 F3000.0 ;position for liquid contact
G0 Z1.0 F5000.0
G0 X111.0 Y87.0 F5000.0
G0 Z1.0 F3000.0
DISPENSE MM=0.015 SPEED=30.0 RELATIVE=1
WAIT S=0.001
G0 Z0.01 F3000.0 ;position for liquid contact
G0 Z1.0 F5000.0
G0 X113.0 Y87.0 F5000.0
G0 Z1.0 F3000.0
DISPENSE MM=0.015 SPEED=30.0 RELATIVE=1
WAIT S=0.001
G0 Z0.01 F3000.0 ;position for liquid contact
G0 Z1.0 F5000.0
G0 X115.0 Y87.0 F5000.0
G0 Z1.0 F3000.0
DISPENSE MM=0.015 SPEED=30.0 RELATIVE=1
WAIT S=0.001
G0 Z0.01 F3000.0 ;position for liquid contact
G0 Z1.0 F5000.0
G0 X117.0 Y87.0 F5000.0
G0 Z1.0 F3000.0
DISPENSE MM=0.015 SPEED=30.0 RELATIVE=1
WAIT S=0.001
G0 Z0.01 F3000.0 ;position for liquid contact
G0 Z1.0 F5000.0
G0 X119.0 Y87.0 F5000.0
G0 Z1.0 F3000.0
DISPENSE MM=0.015 SPEED=30.0 RELATIVE=1
WAIT S=0.001
G0 Z0.01 F3000.0 ;position for liquid contact
G0 Z1.0 F5000.0
G0 X121.0 Y87.0 F5000.0
G0 Z1.0 F3000.0
DISPENSE MM=0.015 SPEED=30.0 RELATIVE=1
WAIT S=0.001
G0 Z0.01 F3000.0 ;position for liquid contact
G0 Z1.0 F5000.0
G0 X123.0 Y87.0 F5000.0
G0 Z1.0 F3000.0
DISPENSE MM=0.015 SPEED=30.0 RELATIVE=1
WAIT S=0.001
G0 Z0.01 F3000.0 ;position for liquid contact
G0 Z1.0 F5000.0
G0 X125.0 Y87.0 F5000.0
G0 Z1.0 F3000.0
DISPENSE MM=0.015 SPEED=30.0 RELATIVE=1
WAIT S=0.001
G0 Z0.01 F3000.0 ;position for liquid contact
G0 Z1.0 F5000.0
G0 X127.0 Y87.0 F5000.0
G0 Z1.0 F3000.0
DISPENSE MM=0.015 SPEED=30.0 RELATIVE=1
WAIT S=0.001
G0 Z0.01 F3000.0 ;position for liquid contact
G0 Z1.0 F5000.0
G0 X129.0 Y87.0 F5000.0
G0 Z1.0 F3000.0
DISPENSE MM=0.015 SPEED=30.0 RELATIVE=1
WAIT S=0.001
G0 Z0.01 F3000.0 ;position for liquid contact
G0 Z1.0 F5000.0
G0 X131.0 Y87.0 F5000.0
G0 Z1.0 F3000.0
DISPENSE MM=0.015 SPEED=30.0 RELATIVE=1
WAIT S=0.001
G0 Z0.01 F3000.0 ;position for liquid contact
G0 Z1.0 F5000.0
G0 X133.0 Y87.0 F5000.0
G0 Z1.0 F3000.0
DISPENSE MM=0.015 SPEED=30.0 RELATIVE=1
WAIT S=0.001
G0 Z0.01 F3000.0 ;position for liquid contact
G0 Z1.0 F5000.0
G0 X135.0 Y87.0 F5000.0
G0 Z1.0 F3000.0
DISPENSE MM=0.015 SPEED=30.0 RELATIVE=1
WAIT S=0.001
G0 Z0.01 F3000.0 ;position for liquid contact
G0 Z1.0 F5000.0
G0 X137.0 Y87.0 F5000.0
G0 Z1.0 F3000.0
DISPENSE MM=0.015 SPEED=30.0 RELATIVE=1
WAIT S=0.001
G0 Z0.01 F3000.0 ;position for liquid contact
G0 Z1.0 F5000.0
G0 X139.0 Y87.0 F5000.0
G0 Z1.0 F3000.0
DISPENSE MM=0.015 SPEED=30.0 RELATIVE=1
WAIT S=0.001
G0 Z0.01 F3000.0 ;position for liquid contact
G0 Z1.0 F5000.0
G0 X141.0 Y87.0 F5000.0
G0 Z1.0 F3000.0
DISPENSE MM=0.015 SPEED=30.0 RELATIVE=1
WAIT S=0.001
G0 Z0.01 F3000.0 ;position for liquid contact
G0 Z1.0 F5000.0
G0 X143.0 Y87.0 F5000.0
G0 Z1.0 F3000.0
DISPENSE MM=0.015 SPEED=30.0 RELATIVE=1
WAIT S=0.001
G0 Z0.01 F3000.0 ;position for liquid contact
G0 Z1.0 F5000.0
G0 X145.0 Y87.0 F5000.0
G0 Z1.0 F3000.0
DISPENSE MM=0.015 SPEED=30.0 RELATIVE=1
WAIT S=0.001
G0 Z0.01 F3000.0 ;position for liquid contact
G0 Z1.0 F5000.0
G0 X147.0 Y87.0 F5000.0
G0 Z1.0 F3000.0
DISPENSE MM=0.015 SPEED=30.0 RELATIVE=1
WAIT S=0.001
G0 Z0.01 F3000.0 ;position for liquid contact
G0 Z1.0 F5000.0
G0 X149.0 Y87.0 F5000.0
G0 Z1.0 F3000.0
DISPENSE MM=0.015 SPEED=30.0 RELATIVE=1
WAIT S=0.001
G0 Z0.01 F3000.0 ;position for liquid contact
G0 Z1.0 F5000.0
G0 X151.0 Y87.0 F5000.0
G0 Z1.0 F3000.0
DISPENSE MM=0.015 SPEED=30.0 RELATIVE=1
WAIT S=0.001
G0 Z0.01 F3000.0 ;position for liquid contact
G0 Z1.0 F5000.0
G0 X153.0 Y87.0 F5000.0
G0 Z1.0 F3000.0
DISPENSE MM=0.015 SPEED=30.0 RELATIVE=1
WAIT S=0.001
G0 Z0.01 F3000.0 ;position for liquid contact
G0 Z1.0 F5000.0
G0 X155.0 Y87.0 F5000.0
G0 Z1.0 F3000.0
DISPENSE MM=0.015 SPEED=30.0 RELATIVE=1
WAIT S=0.001
G0 Z0.01 F3000.0 ;position for liquid contact
G0 Z1.0 F5000.0
G0 X157.0 Y87.0 F5000.0
G0 Z1.0 F3000.0
DISPENSE MM=0.015 SPEED=30.0 RELATIVE=1
WAIT S=0.001
G0 Z0.01 F3000.0 ;position for liquid contact
G0 Z1.0 F5000.0
G0 X159.0 Y87.0 F5000.0
G0 Z1.0 F3000.0
DISPENSE MM=0.015 SPEED=30.0 RELATIVE=1
WAIT S=0.001
G0 Z0.01 F3000.0 ;position for liquid contact
G0 Z1.0 F5000.0
G0 X161.0 Y87.0 F5000.0
G0 Z1.0 F3000.0
DISPENSE MM=0.015 SPEED=30.0 RELATIVE=1
WAIT S=0.001
G0 Z0.01 F3000.0 ;position for liquid contact
G0 Z1.0 F5000.0
G0 X163.0 Y87.0 F5000.0
G0 Z1.0 F3000.0
DISPENSE MM=0.015 SPEED=30.0 RELATIVE=1
WAIT S=0.001
G0 Z0.01 F3000.0 ;position for liquid contact
G0 Z1.0 F5000.0
G0 X165.0 Y87.0 F5000.0
G0 Z1.0 F3000.0
DISPENSE MM=0.015 SPEED=30.0 RELATIVE=1
WAIT S=0.001
G0 Z0.01 F3000.0 ;position for liquid contact
G0 Z1.0 F5000.0
G0 X167.0 Y87.0 F5000.0
G0 Z1.0 F3000.0
DISPENSE MM=0.015 SPEED=30.0 RELATIVE=1
WAIT S=0.001
G0 Z0.01 F3000.0 ;position for liquid contact
G0 Z1.0 F5000.0
G0 X109.0 Y89.0 F5000.0
G0 Z1.0 F3000.0
WAIT S=0.2
DISPENSE MM=0.015 SPEED=30.0 RELATIVE=1
WAIT S=0.001
G0 Z0.01 F3000.0 ;position for liquid contact
G0 Z1.0 F5000.0
G0 X111.0 Y89.0 F5000.0
G0 Z1.0 F3000.0
DISPENSE MM=0.015 SPEED=30.0 RELATIVE=1
WAIT S=0.001
G0 Z0.01 F3000.0 ;position for liquid contact
G0 Z1.0 F5000.0
G0 X113.0 Y89.0 F5000.0
G0 Z1.0 F3000.0
DISPENSE MM=0.015 SPEED=30.0 RELATIVE=1
WAIT S=0.001
G0 Z0.01 F3000.0 ;position for liquid contact
G0 Z1.0 F5000.0
G0 X115.0 Y89.0 F5000.0
G0 Z1.0 F3000.0
DISPENSE MM=0.015 SPEED=30.0 RELATIVE=1
WAIT S=0.001
G0 Z0.01 F3000.0 ;position for liquid contact
G0 Z1.0 F5000.0
G0 X117.0 Y89.0 F5000.0
G0 Z1.0 F3000.0
DISPENSE MM=0.015 SPEED=30.0 RELATIVE=1
WAIT S=0.001
G0 Z0.01 F3000.0 ;position for liquid contact
G0 Z1.0 F5000.0
G0 X119.0 Y89.0 F5000.0
G0 Z1.0 F3000.0
DISPENSE MM=0.015 SPEED=30.0 RELATIVE=1
WAIT S=0.001
G0 Z0.01 F3000.0 ;position for liquid contact
G0 Z1.0 F5000.0
G0 X121.0 Y89.0 F5000.0
G0 Z1.0 F3000.0
DISPENSE MM=0.015 SPEED=30.0 RELATIVE=1
WAIT S=0.001
G0 Z0.01 F3000.0 ;position for liquid contact
G0 Z1.0 F5000.0
G0 X123.0 Y89.0 F5000.0
G0 Z1.0 F3000.0
DISPENSE MM=0.015 SPEED=30.0 RELATIVE=1
WAIT S=0.001
G0 Z0.01 F3000.0 ;position for liquid contact
G0 Z1.0 F5000.0
G0 X125.0 Y89.0 F5000.0
G0 Z1.0 F3000.0
DISPENSE MM=0.015 SPEED=30.0 RELATIVE=1
WAIT S=0.001
G0 Z0.01 F3000.0 ;position for liquid contact
G0 Z1.0 F5000.0
G0 X127.0 Y89.0 F5000.0
G0 Z1.0 F3000.0
DISPENSE MM=0.015 SPEED=30.0 RELATIVE=1
WAIT S=0.001
G0 Z0.01 F3000.0 ;position for liquid contact
G0 Z1.0 F5000.0
G0 X129.0 Y89.0 F5000.0
G0 Z1.0 F3000.0
DISPENSE MM=0.015 SPEED=30.0 RELATIVE=1
WAIT S=0.001
G0 Z0.01 F3000.0 ;position for liquid contact
G0 Z1.0 F5000.0
G0 X131.0 Y89.0 F5000.0
G0 Z1.0 F3000.0
DISPENSE MM=0.015 SPEED=30.0 RELATIVE=1
WAIT S=0.001
G0 Z0.01 F3000.0 ;position for liquid contact
G0 Z1.0 F5000.0
G0 X133.0 Y89.0 F5000.0
G0 Z1.0 F3000.0
DISPENSE MM=0.015 SPEED=30.0 RELATIVE=1
WAIT S=0.001
G0 Z0.01 F3000.0 ;position for liquid contact
G0 Z1.0 F5000.0
G0 X135.0 Y89.0 F5000.0
G0 Z1.0 F3000.0
DISPENSE MM=0.015 SPEED=30.0 RELATIVE=1
WAIT S=0.001
G0 Z0.01 F3000.0 ;position for liquid contact
G0 Z1.0 F5000.0
G0 X137.0 Y89.0 F5000.0
G0 Z1.0 F3000.0
DISPENSE MM=0.015 SPEED=30.0 RELATIVE=1
WAIT S=0.001
G0 Z0.01 F3000.0 ;position for liquid contact
G0 Z1.0 F5000.0
G0 X139.0 Y89.0 F5000.0
G0 Z1.0 F3000.0
DISPENSE MM=0.015 SPEED=30.0 RELATIVE=1
WAIT S=0.001
G0 Z0.01 F3000.0 ;position for liquid contact
G0 Z1.0 F5000.0
G0 X141.0 Y89.0 F5000.0
G0 Z1.0 F3000.0
DISPENSE MM=0.015 SPEED=30.0 RELATIVE=1
WAIT S=0.001
G0 Z0.01 F3000.0 ;position for liquid contact
G0 Z1.0 F5000.0
G0 X143.0 Y89.0 F5000.0
G0 Z1.0 F3000.0
DISPENSE MM=0.015 SPEED=30.0 RELATIVE=1
WAIT S=0.001
G0 Z0.01 F3000.0 ;position for liquid contact
G0 Z1.0 F5000.0
G0 X145.0 Y89.0 F5000.0
G0 Z1.0 F3000.0
DISPENSE MM=0.015 SPEED=30.0 RELATIVE=1
WAIT S=0.001
G0 Z0.01 F3000.0 ;position for liquid contact
G0 Z1.0 F5000.0
G0 X147.0 Y89.0 F5000.0
G0 Z1.0 F3000.0
DISPENSE MM=0.015 SPEED=30.0 RELATIVE=1
WAIT S=0.001
G0 Z0.01 F3000.0 ;position for liquid contact
G0 Z1.0 F5000.0
G0 X149.0 Y89.0 F5000.0
G0 Z1.0 F3000.0
DISPENSE MM=0.015 SPEED=30.0 RELATIVE=1
WAIT S=0.001
G0 Z0.01 F3000.0 ;position for liquid contact
G0 Z1.0 F5000.0
G0 X151.0 Y89.0 F5000.0
G0 Z1.0 F3000.0
DISPENSE MM=0.015 SPEED=30.0 RELATIVE=1
WAIT S=0.001
G0 Z0.01 F3000.0 ;position for liquid contact
G0 Z1.0 F5000.0
G0 X153.0 Y89.0 F5000.0
G0 Z1.0 F3000.0
DISPENSE MM=0.015 SPEED=30.0 RELATIVE=1
WAIT S=0.001
G0 Z0.01 F3000.0 ;position for liquid contact
G0 Z1.0 F5000.0
G0 X155.0 Y89.0 F5000.0
G0 Z1.0 F3000.0
DISPENSE MM=0.015 SPEED=30.0 RELATIVE=1
WAIT S=0.001
G0 Z0.01 F3000.0 ;position for liquid contact
G0 Z1.0 F5000.0
G0 X157.0 Y89.0 F5000.0
G0 Z1.0 F3000.0
DISPENSE MM=0.015 SPEED=30.0 RELATIVE=1
WAIT S=0.001
G0 Z0.01 F3000.0 ;position for liquid contact
G0 Z1.0 F5000.0
G0 X159.0 Y89.0 F5000.0
G0 Z1.0 F3000.0
DISPENSE MM=0.015 SPEED=30.0 RELATIVE=1
WAIT S=0.001
G0 Z0.01 F3000.0 ;position for liquid contact
G0 Z1.0 F5000.0
G0 X161.0 Y89.0 F5000.0
G0 Z1.0 F3000.0
DISPENSE MM=0.015 SPEED=30.0 RELATIVE=1
WAIT S=0.001
G0 Z0.01 F3000.0 ;position for liquid contact
G0 Z1.0 F5000.0
G0 X163.0 Y89.0 F5000.0
G0 Z1.0 F3000.0
DISPENSE MM=0.015 SPEED=30.0 RELATIVE=1
WAIT S=0.001
G0 Z0.01 F3000.0 ;position for liquid contact
G0 Z1.0 F5000.0
G0 X165.0 Y89.0 F5000.0
G0 Z1.0 F3000.0
DISPENSE MM=0.015 SPEED=30.0 RELATIVE=1
WAIT S=0.001
G0 Z0.01 F3000.0 ;position for liquid contact
G0 Z1.0 F5000.0
G0 X167.0 Y89.0 F5000.0
G0 Z1.0 F3000.0
DISPENSE MM=0.015 SPEED=30.0 RELATIVE=1
WAIT S=0.001
G0 Z0.01 F3000.0 ;position for liquid contact
G0 Z1.0 F5000.0
G0 X109.0 Y91.0 F5000.0
G0 Z1.0 F3000.0
WAIT S=0.2
DISPENSE MM=0.015 SPEED=30.0 RELATIVE=1
WAIT S=0.001
G0 Z0.01 F3000.0 ;position for liquid contact
G0 Z1.0 F5000.0
G0 X111.0 Y91.0 F5000.0
G0 Z1.0 F3000.0
DISPENSE MM=0.015 SPEED=30.0 RELATIVE=1
WAIT S=0.001
G0 Z0.01 F3000.0 ;position for liquid contact
G0 Z1.0 F5000.0
G0 X113.0 Y91.0 F5000.0
G0 Z1.0 F3000.0
DISPENSE MM=0.015 SPEED=30.0 RELATIVE=1
WAIT S=0.001
G0 Z0.01 F3000.0 ;position for liquid contact
G0 Z1.0 F5000.0
G0 X115.0 Y91.0 F5000.0
G0 Z1.0 F3000.0
DISPENSE MM=0.015 SPEED=30.0 RELATIVE=1
WAIT S=0.001
G0 Z0.01 F3000.0 ;position for liquid contact
G0 Z1.0 F5000.0
G0 X117.0 Y91.0 F5000.0
G0 Z1.0 F3000.0
DISPENSE MM=0.015 SPEED=30.0 RELATIVE=1
WAIT S=0.001
G0 Z0.01 F3000.0 ;position for liquid contact
G0 Z1.0 F5000.0
G0 X119.0 Y91.0 F5000.0
G0 Z1.0 F3000.0
DISPENSE MM=0.015 SPEED=30.0 RELATIVE=1
WAIT S=0.001
G0 Z0.01 F3000.0 ;position for liquid contact
G0 Z1.0 F5000.0
G0 X121.0 Y91.0 F5000.0
G0 Z1.0 F3000.0
DISPENSE MM=0.015 SPEED=30.0 RELATIVE=1
WAIT S=0.001
G0 Z0.01 F3000.0 ;position for liquid contact
G0 Z1.0 F5000.0
G0 X123.0 Y91.0 F5000.0
G0 Z1.0 F3000.0
DISPENSE MM=0.015 SPEED=30.0 RELATIVE=1
WAIT S=0.001
G0 Z0.01 F3000.0 ;position for liquid contact
G0 Z1.0 F5000.0
G0 X125.0 Y91.0 F5000.0
G0 Z1.0 F3000.0
DISPENSE MM=0.015 SPEED=30.0 RELATIVE=1
WAIT S=0.001
G0 Z0.01 F3000.0 ;position for liquid contact
G0 Z1.0 F5000.0
G0 X127.0 Y91.0 F5000.0
G0 Z1.0 F3000.0
DISPENSE MM=0.015 SPEED=30.0 RELATIVE=1
WAIT S=0.001
G0 Z0.01 F3000.0 ;position for liquid contact
G0 Z1.0 F5000.0
G0 X129.0 Y91.0 F5000.0
G0 Z1.0 F3000.0
DISPENSE MM=0.015 SPEED=30.0 RELATIVE=1
WAIT S=0.001
G0 Z0.01 F3000.0 ;position for liquid contact
G0 Z1.0 F5000.0
G0 X131.0 Y91.0 F5000.0
G0 Z1.0 F3000.0
DISPENSE MM=0.015 SPEED=30.0 RELATIVE=1
WAIT S=0.001
G0 Z0.01 F3000.0 ;position for liquid contact
G0 Z1.0 F5000.0
G0 X133.0 Y91.0 F5000.0
G0 Z1.0 F3000.0
DISPENSE MM=0.015 SPEED=30.0 RELATIVE=1
WAIT S=0.001
G0 Z0.01 F3000.0 ;position for liquid contact
G0 Z1.0 F5000.0
G0 X135.0 Y91.0 F5000.0
G0 Z1.0 F3000.0
DISPENSE MM=0.015 SPEED=30.0 RELATIVE=1
WAIT S=0.001
G0 Z0.01 F3000.0 ;position for liquid contact
G0 Z1.0 F5000.0
G0 X137.0 Y91.0 F5000.0
G0 Z1.0 F3000.0
DISPENSE MM=0.015 SPEED=30.0 RELATIVE=1
WAIT S=0.001
G0 Z0.01 F3000.0 ;position for liquid contact
G0 Z1.0 F5000.0
G0 X139.0 Y91.0 F5000.0
G0 Z1.0 F3000.0
DISPENSE MM=0.015 SPEED=30.0 RELATIVE=1
WAIT S=0.001
G0 Z0.01 F3000.0 ;position for liquid contact
G0 Z1.0 F5000.0
G0 X141.0 Y91.0 F5000.0
G0 Z1.0 F3000.0
DISPENSE MM=0.015 SPEED=30.0 RELATIVE=1
WAIT S=0.001
G0 Z0.01 F3000.0 ;position for liquid contact
G0 Z1.0 F5000.0
G0 X143.0 Y91.0 F5000.0
G0 Z1.0 F3000.0
DISPENSE MM=0.015 SPEED=30.0 RELATIVE=1
WAIT S=0.001
G0 Z0.01 F3000.0 ;position for liquid contact
G0 Z1.0 F5000.0
G0 X145.0 Y91.0 F5000.0
G0 Z1.0 F3000.0
DISPENSE MM=0.015 SPEED=30.0 RELATIVE=1
WAIT S=0.001
G0 Z0.01 F3000.0 ;position for liquid contact
G0 Z1.0 F5000.0
G0 X147.0 Y91.0 F5000.0
G0 Z1.0 F3000.0
DISPENSE MM=0.015 SPEED=30.0 RELATIVE=1
WAIT S=0.001
G0 Z0.01 F3000.0 ;position for liquid contact
G0 Z1.0 F5000.0
G0 X149.0 Y91.0 F5000.0
G0 Z1.0 F3000.0
DISPENSE MM=0.015 SPEED=30.0 RELATIVE=1
WAIT S=0.001
G0 Z0.01 F3000.0 ;position for liquid contact
G0 Z1.0 F5000.0
G0 X151.0 Y91.0 F5000.0
G0 Z1.0 F3000.0
DISPENSE MM=0.015 SPEED=30.0 RELATIVE=1
WAIT S=0.001
G0 Z0.01 F3000.0 ;position for liquid contact
G0 Z1.0 F5000.0
G0 X153.0 Y91.0 F5000.0
G0 Z1.0 F3000.0
DISPENSE MM=0.015 SPEED=30.0 RELATIVE=1
WAIT S=0.001
G0 Z0.01 F3000.0 ;position for liquid contact
G0 Z1.0 F5000.0
G0 X155.0 Y91.0 F5000.0
G0 Z1.0 F3000.0
DISPENSE MM=0.015 SPEED=30.0 RELATIVE=1
WAIT S=0.001
G0 Z0.01 F3000.0 ;position for liquid contact
G0 Z1.0 F5000.0
G0 X157.0 Y91.0 F5000.0
G0 Z1.0 F3000.0
DISPENSE MM=0.015 SPEED=30.0 RELATIVE=1
WAIT S=0.001
G0 Z0.01 F3000.0 ;position for liquid contact
G0 Z1.0 F5000.0
G0 X159.0 Y91.0 F5000.0
G0 Z1.0 F3000.0
DISPENSE MM=0.015 SPEED=30.0 RELATIVE=1
WAIT S=0.001
G0 Z0.01 F3000.0 ;position for liquid contact
G0 Z1.0 F5000.0
G0 X161.0 Y91.0 F5000.0
G0 Z1.0 F3000.0
DISPENSE MM=0.015 SPEED=30.0 RELATIVE=1
WAIT S=0.001
G0 Z0.01 F3000.0 ;position for liquid contact
G0 Z1.0 F5000.0
G0 X163.0 Y91.0 F5000.0
G0 Z1.0 F3000.0
DISPENSE MM=0.015 SPEED=30.0 RELATIVE=1
WAIT S=0.001
G0 Z0.01 F3000.0 ;position for liquid contact
G0 Z1.0 F5000.0
G0 X165.0 Y91.0 F5000.0
G0 Z1.0 F3000.0
DISPENSE MM=0.015 SPEED=30.0 RELATIVE=1
WAIT S=0.001
G0 Z0.01 F3000.0 ;position for liquid contact
G0 Z1.0 F5000.0
G0 X167.0 Y91.0 F5000.0
G0 Z1.0 F3000.0
DISPENSE MM=0.015 SPEED=30.0 RELATIVE=1
WAIT S=0.001
G0 Z0.01 F3000.0 ;position for liquid contact
G0 Z1.0 F5000.0
G0 X109.0 Y93.0 F5000.0
G0 Z1.0 F3000.0
WAIT S=0.2
DISPENSE MM=0.015 SPEED=30.0 RELATIVE=1
WAIT S=0.001
G0 Z0.01 F3000.0 ;position for liquid contact
G0 Z1.0 F5000.0
G0 X111.0 Y93.0 F5000.0
G0 Z1.0 F3000.0
DISPENSE MM=0.015 SPEED=30.0 RELATIVE=1
WAIT S=0.001
G0 Z0.01 F3000.0 ;position for liquid contact
G0 Z1.0 F5000.0
G0 X113.0 Y93.0 F5000.0
G0 Z1.0 F3000.0
DISPENSE MM=0.015 SPEED=30.0 RELATIVE=1
WAIT S=0.001
G0 Z0.01 F3000.0 ;position for liquid contact
G0 Z1.0 F5000.0
G0 X115.0 Y93.0 F5000.0
G0 Z1.0 F3000.0
DISPENSE MM=0.015 SPEED=30.0 RELATIVE=1
WAIT S=0.001
G0 Z0.01 F3000.0 ;position for liquid contact
G0 Z1.0 F5000.0
G0 X117.0 Y93.0 F5000.0
G0 Z1.0 F3000.0
DISPENSE MM=0.015 SPEED=30.0 RELATIVE=1
WAIT S=0.001
G0 Z0.01 F3000.0 ;position for liquid contact
G0 Z1.0 F5000.0
G0 X119.0 Y93.0 F5000.0
G0 Z1.0 F3000.0
DISPENSE MM=0.015 SPEED=30.0 RELATIVE=1
WAIT S=0.001
G0 Z0.01 F3000.0 ;position for liquid contact
G0 Z1.0 F5000.0
G0 X121.0 Y93.0 F5000.0
G0 Z1.0 F3000.0
DISPENSE MM=0.015 SPEED=30.0 RELATIVE=1
WAIT S=0.001
G0 Z0.01 F3000.0 ;position for liquid contact
G0 Z1.0 F5000.0
G0 X123.0 Y93.0 F5000.0
G0 Z1.0 F3000.0
DISPENSE MM=0.015 SPEED=30.0 RELATIVE=1
WAIT S=0.001
G0 Z0.01 F3000.0 ;position for liquid contact
G0 Z1.0 F5000.0
G0 X125.0 Y93.0 F5000.0
G0 Z1.0 F3000.0
DISPENSE MM=0.015 SPEED=30.0 RELATIVE=1
WAIT S=0.001
G0 Z0.01 F3000.0 ;position for liquid contact
G0 Z1.0 F5000.0
G0 X127.0 Y93.0 F5000.0
G0 Z1.0 F3000.0
DISPENSE MM=0.015 SPEED=30.0 RELATIVE=1
WAIT S=0.001
G0 Z0.01 F3000.0 ;position for liquid contact
G0 Z1.0 F5000.0
G0 X129.0 Y93.0 F5000.0
G0 Z1.0 F3000.0
DISPENSE MM=0.015 SPEED=30.0 RELATIVE=1
WAIT S=0.001
G0 Z0.01 F3000.0 ;position for liquid contact
G0 Z1.0 F5000.0
G0 X131.0 Y93.0 F5000.0
G0 Z1.0 F3000.0
DISPENSE MM=0.015 SPEED=30.0 RELATIVE=1
WAIT S=0.001
G0 Z0.01 F3000.0 ;position for liquid contact
G0 Z1.0 F5000.0
G0 X133.0 Y93.0 F5000.0
G0 Z1.0 F3000.0
DISPENSE MM=0.015 SPEED=30.0 RELATIVE=1
WAIT S=0.001
G0 Z0.01 F3000.0 ;position for liquid contact
G0 Z1.0 F5000.0
G0 X135.0 Y93.0 F5000.0
G0 Z1.0 F3000.0
DISPENSE MM=0.015 SPEED=30.0 RELATIVE=1
WAIT S=0.001
G0 Z0.01 F3000.0 ;position for liquid contact
G0 Z1.0 F5000.0
G0 X137.0 Y93.0 F5000.0
G0 Z1.0 F3000.0
DISPENSE MM=0.015 SPEED=30.0 RELATIVE=1
WAIT S=0.001
G0 Z0.01 F3000.0 ;position for liquid contact
G0 Z1.0 F5000.0
G0 X139.0 Y93.0 F5000.0
G0 Z1.0 F3000.0
DISPENSE MM=0.015 SPEED=30.0 RELATIVE=1
WAIT S=0.001
G0 Z0.01 F3000.0 ;position for liquid contact
G0 Z1.0 F5000.0
G0 X141.0 Y93.0 F5000.0
G0 Z1.0 F3000.0
DISPENSE MM=0.015 SPEED=30.0 RELATIVE=1
WAIT S=0.001
G0 Z0.01 F3000.0 ;position for liquid contact
G0 Z1.0 F5000.0
G0 X143.0 Y93.0 F5000.0
G0 Z1.0 F3000.0
DISPENSE MM=0.015 SPEED=30.0 RELATIVE=1
WAIT S=0.001
G0 Z0.01 F3000.0 ;position for liquid contact
G0 Z1.0 F5000.0
G0 X145.0 Y93.0 F5000.0
G0 Z1.0 F3000.0
DISPENSE MM=0.015 SPEED=30.0 RELATIVE=1
WAIT S=0.001
G0 Z0.01 F3000.0 ;position for liquid contact
G0 Z1.0 F5000.0
G0 X147.0 Y93.0 F5000.0
G0 Z1.0 F3000.0
DISPENSE MM=0.015 SPEED=30.0 RELATIVE=1
WAIT S=0.001
G0 Z0.01 F3000.0 ;position for liquid contact
G0 Z1.0 F5000.0
G0 X149.0 Y93.0 F5000.0
G0 Z1.0 F3000.0
DISPENSE MM=0.015 SPEED=30.0 RELATIVE=1
WAIT S=0.001
G0 Z0.01 F3000.0 ;position for liquid contact
G0 Z1.0 F5000.0
G0 X151.0 Y93.0 F5000.0
G0 Z1.0 F3000.0
DISPENSE MM=0.015 SPEED=30.0 RELATIVE=1
WAIT S=0.001
G0 Z0.01 F3000.0 ;position for liquid contact
G0 Z1.0 F5000.0
G0 X153.0 Y93.0 F5000.0
G0 Z1.0 F3000.0
DISPENSE MM=0.015 SPEED=30.0 RELATIVE=1
WAIT S=0.001
G0 Z0.01 F3000.0 ;position for liquid contact
G0 Z1.0 F5000.0
G0 X155.0 Y93.0 F5000.0
G0 Z1.0 F3000.0
DISPENSE MM=0.015 SPEED=30.0 RELATIVE=1
WAIT S=0.001
G0 Z0.01 F3000.0 ;position for liquid contact
G0 Z1.0 F5000.0
G0 X157.0 Y93.0 F5000.0
G0 Z1.0 F3000.0
DISPENSE MM=0.015 SPEED=30.0 RELATIVE=1
WAIT S=0.001
G0 Z0.01 F3000.0 ;position for liquid contact
G0 Z1.0 F5000.0
G0 X159.0 Y93.0 F5000.0
G0 Z1.0 F3000.0
DISPENSE MM=0.015 SPEED=30.0 RELATIVE=1
WAIT S=0.001
G0 Z0.01 F3000.0 ;position for liquid contact
G0 Z1.0 F5000.0
G0 Z40.0 F5000.0
G0 X221.0 Y66.0 F5000.0
G0 Z-6.0  F3000.0
ASPIRATE MM=26.0 SPEED=1.0; Filling the syringe
WAIT S=10.0
DISPENSE MM=10.0 SPEED=15.0 RELATIVE=1; Prevent backlash the syringe
WAIT S=2.0
G0 Z40.0 F5000.0

; Washing sequence
G0 Z40.0 F5000
G0 X221.0 Y116.0 F5000
G0 Z-5.0 F500
G0 X222.0 F2000.0
G0 X221.0 F2000.0
G0 X222.0 F2000.0
G0 X221.0 F2000.0
G0 X222.0 F2000.0
G0 X221.0 F2000.0
G0 X222.0 F2000.0
G0 X221.0 F2000.0
G0 X222.0 F2000.0
G0 X221.0 F2000.0
G0 X222.0 F2000.0
G0 X221.0 F2000.0
G0 X222.0 F2000.0
G0 X221.0 F2000.0
G0 X222.0 F2000.0
G0 X221.0 F2000.0
G0 X222.0 F2000.0
G0 X221.0 F2000.0
G0 X222.0 F2000.0
G0 X221.0 F2000.0
G0 X222.0 F2000.0
G0 X221.0 F2000.0
G0 X222.0 F2000.0
G0 X221.0 F2000.0
G0 X222.0 F2000.0
G0 X221.0 F2000.0
G0 X222.0 F2000.0
G0 X221.0 F2000.0
G0 X222.0 F2000.0
G0 X221.0 F2000.0
G0 X222.0 F2000.0
G0 X221.0 F2000.0
G0 X222.0 F2000.0
G0 X221.0 F2000.0
G0 X222.0 F2000.0
G0 X221.0 F2000.0
G0 X222.0 F2000.0
G0 X221.0 F2000.0
G0 X222.0 F2000.0
G0 X221.0 F2000.0
G0 X222.0 F2000.0
G0 X221.0 F2000.0
G0 X222.0 F2000.0
G0 X221.0 F2000.0
G0 X222.0 F2000.0
G0 X221.0 F2000.0
G0 X222.0 F2000.0
G0 X221.0 F2000.0
G0 X222.0 F2000.0
G0 X221.0 F2000.0
G0 X222.0 F2000.0
G0 X221.0 F2000.0
G0 X222.0 F2000.0
G0 X221.0 F2000.0
G0 X222.0 F2000.0
G0 X221.0 F2000.0
G0 X222.0 F2000.0
G0 X221.0 F2000.0
G0 X222.0 F2000.0
G0 X221.0 F2000.0
G0 X222.0 F2000.0
G0 X221.0 F2000.0
G0 X222.0 F2000.0
G0 X221.0 F2000.0
G0 X222.0 F2000.0
G0 X221.0 F2000.0
G0 X222.0 F2000.0
G0 X221.0 F2000.0
G0 X222.0 F2000.0
G0 X221.0 F2000.0
G0 X222.0 F2000.0
G0 X221.0 F2000.0
G0 X222.0 F2000.0
G0 X221.0 F2000.0
G0 X222.0 F2000.0
G0 X221.0 F2000.0
G0 X222.0 F2000.0
G0 X221.0 F2000.0
G0 X222.0 F2000.0
G0 X221.0 F2000.0
G0 X222.0 F2000.0
G0 X221.0 F2000.0
G0 X222.0 F2000.0
G0 X221.0 F2000.0
G0 X222.0 F2000.0
G0 X221.0 F2000.0
G0 X222.0 F2000.0
G0 X221.0 F2000.0
G0 X222.0 F2000.0
G0 X221.0 F2000.0
G0 X222.0 F2000.0
G0 X221.0 F2000.0
G0 X222.0 F2000.0
G0 X221.0 F2000.0
G0 X222.0 F2000.0
G0 X221.0 F2000.0
G0 X222.0 F2000.0
G0 X221.0 F2000.0
G0 X222.0 F2000.0
G0 X221.0 F2000.0
G0 Z40.0 F5000


; Create cleaning sequence
G0 X109.0 Y52.0 F5000
WAIT S=0.2
DISPENSE MM=0.125 SPEED=500 RELATIVE=1
G0 Z0.01 F500 ;position for liquid contact
G0 Z1.0 F5000
G0 X112.0 Y52.0 F5000
DISPENSE MM=0.125 SPEED=500 RELATIVE=1
G0 Z0.01 F500 ;position for liquid contact
G0 Z1.0 F5000
G0 X115.0 Y52.0 F5000
DISPENSE MM=0.125 SPEED=500 RELATIVE=1
G0 Z0.01 F500 ;position for liquid contact
G0 Z1.0 F5000
G0 X118.0 Y52.0 F5000
DISPENSE MM=0.125 SPEED=500 RELATIVE=1
G0 Z0.01 F500 ;position for liquid contact
G0 Z1.0 F5000
G0 X121.0 Y52.0 F5000
DISPENSE MM=0.125 SPEED=500 RELATIVE=1
G0 Z0.01 F500 ;position for liquid contact
G0 Z1.0 F5000
G0 X124.0 Y52.0 F5000
DISPENSE MM=0.125 SPEED=500 RELATIVE=1
G0 Z0.01 F500 ;position for liquid contact
G0 Z1.0 F5000
G0 X127.0 Y52.0 F5000
DISPENSE MM=0.125 SPEED=500 RELATIVE=1
G0 Z0.01 F500 ;position for liquid contact
G0 Z1.0 F5000
G0 X130.0 Y52.0 F5000
DISPENSE MM=0.125 SPEED=500 RELATIVE=1
G0 Z0.01 F500 ;position for liquid contact
G0 Z1.0 F5000
G0 X133.0 Y52.0 F5000
DISPENSE MM=0.125 SPEED=500 RELATIVE=1
G0 Z0.01 F500 ;position for liquid contact
G0 Z1.0 F5000
G0 X136.0 Y52.0 F5000
DISPENSE MM=0.125 SPEED=500 RELATIVE=1
G0 Z0.01 F500 ;position for liquid contact
G0 Z1.0 F5000
G0 X109.0 Y54.0 F5000
WAIT S=0.2
DISPENSE MM=0.125 SPEED=500 RELATIVE=1
G0 Z0.01 F500 ;position for liquid contact
G0 Z1.0 F5000
G0 X112.0 Y54.0 F5000
DISPENSE MM=0.125 SPEED=500 RELATIVE=1
G0 Z0.01 F500 ;position for liquid contact
G0 Z1.0 F5000
G0 X115.0 Y54.0 F5000
DISPENSE MM=0.125 SPEED=500 RELATIVE=1
G0 Z0.01 F500 ;position for liquid contact
G0 Z1.0 F5000
G0 X118.0 Y54.0 F5000
DISPENSE MM=0.125 SPEED=500 RELATIVE=1
G0 Z0.01 F500 ;position for liquid contact
G0 Z1.0 F5000
G0 X121.0 Y54.0 F5000
DISPENSE MM=0.125 SPEED=500 RELATIVE=1
G0 Z0.01 F500 ;position for liquid contact
G0 Z1.0 F5000
G0 X124.0 Y54.0 F5000
DISPENSE MM=0.125 SPEED=500 RELATIVE=1
G0 Z0.01 F500 ;position for liquid contact
G0 Z1.0 F5000
G0 X127.0 Y54.0 F5000
DISPENSE MM=0.125 SPEED=500 RELATIVE=1
G0 Z0.01 F500 ;position for liquid contact
G0 Z1.0 F5000
G0 X130.0 Y54.0 F5000
DISPENSE MM=0.125 SPEED=500 RELATIVE=1
G0 Z0.01 F500 ;position for liquid contact
G0 Z1.0 F5000
G0 X133.0 Y54.0 F5000
DISPENSE MM=0.125 SPEED=500 RELATIVE=1
G0 Z0.01 F500 ;position for liquid contact
G0 Z1.0 F5000
G0 X136.0 Y54.0 F5000
DISPENSE MM=0.125 SPEED=500 RELATIVE=1
G0 Z0.01 F500 ;position for liquid contact
G0 Z1.0 F5000
G0 Z40.0 F5000
G0 X161.0 Y93.0 F5000.0
G0 Z1.0 F3000.0
DISPENSE MM=0.015 SPEED=30.0 RELATIVE=1
WAIT S=0.001
G0 Z0.01 F3000.0 ;position for liquid contact
G0 Z1.0 F5000.0
G0 X163.0 Y93.0 F5000.0
G0 Z1.0 F3000.0
DISPENSE MM=0.015 SPEED=30.0 RELATIVE=1
WAIT S=0.001
G0 Z0.01 F3000.0 ;position for liquid contact
G0 Z1.0 F5000.0
G0 X165.0 Y93.0 F5000.0
G0 Z1.0 F3000.0
DISPENSE MM=0.015 SPEED=30.0 RELATIVE=1
WAIT S=0.001
G0 Z0.01 F3000.0 ;position for liquid contact
G0 Z1.0 F5000.0
G0 X167.0 Y93.0 F5000.0
G0 Z1.0 F3000.0
DISPENSE MM=0.015 SPEED=30.0 RELATIVE=1
WAIT S=0.001
G0 Z0.01 F3000.0 ;position for liquid contact
G0 Z1.0 F5000.0
G0 X109.0 Y95.0 F5000.0
G0 Z1.0 F3000.0
WAIT S=0.2
DISPENSE MM=0.015 SPEED=30.0 RELATIVE=1
WAIT S=0.001
G0 Z0.01 F3000.0 ;position for liquid contact
G0 Z1.0 F5000.0
G0 X111.0 Y95.0 F5000.0
G0 Z1.0 F3000.0
DISPENSE MM=0.015 SPEED=30.0 RELATIVE=1
WAIT S=0.001
G0 Z0.01 F3000.0 ;position for liquid contact
G0 Z1.0 F5000.0
G0 X113.0 Y95.0 F5000.0
G0 Z1.0 F3000.0
DISPENSE MM=0.015 SPEED=30.0 RELATIVE=1
WAIT S=0.001
G0 Z0.01 F3000.0 ;position for liquid contact
G0 Z1.0 F5000.0
G0 X115.0 Y95.0 F5000.0
G0 Z1.0 F3000.0
DISPENSE MM=0.015 SPEED=30.0 RELATIVE=1
WAIT S=0.001
G0 Z0.01 F3000.0 ;position for liquid contact
G0 Z1.0 F5000.0
G0 X117.0 Y95.0 F5000.0
G0 Z1.0 F3000.0
DISPENSE MM=0.015 SPEED=30.0 RELATIVE=1
WAIT S=0.001
G0 Z0.01 F3000.0 ;position for liquid contact
G0 Z1.0 F5000.0
G0 X119.0 Y95.0 F5000.0
G0 Z1.0 F3000.0
DISPENSE MM=0.015 SPEED=30.0 RELATIVE=1
WAIT S=0.001
G0 Z0.01 F3000.0 ;position for liquid contact
G0 Z1.0 F5000.0
G0 X121.0 Y95.0 F5000.0
G0 Z1.0 F3000.0
DISPENSE MM=0.015 SPEED=30.0 RELATIVE=1
WAIT S=0.001
G0 Z0.01 F3000.0 ;position for liquid contact
G0 Z1.0 F5000.0
G0 X123.0 Y95.0 F5000.0
G0 Z1.0 F3000.0
DISPENSE MM=0.015 SPEED=30.0 RELATIVE=1
WAIT S=0.001
G0 Z0.01 F3000.0 ;position for liquid contact
G0 Z1.0 F5000.0
G0 X125.0 Y95.0 F5000.0
G0 Z1.0 F3000.0
DISPENSE MM=0.015 SPEED=30.0 RELATIVE=1
WAIT S=0.001
G0 Z0.01 F3000.0 ;position for liquid contact
G0 Z1.0 F5000.0
G0 X127.0 Y95.0 F5000.0
G0 Z1.0 F3000.0
DISPENSE MM=0.015 SPEED=30.0 RELATIVE=1
WAIT S=0.001
G0 Z0.01 F3000.0 ;position for liquid contact
G0 Z1.0 F5000.0
G0 X129.0 Y95.0 F5000.0
G0 Z1.0 F3000.0
DISPENSE MM=0.015 SPEED=30.0 RELATIVE=1
WAIT S=0.001
G0 Z0.01 F3000.0 ;position for liquid contact
G0 Z1.0 F5000.0
G0 X131.0 Y95.0 F5000.0
G0 Z1.0 F3000.0
DISPENSE MM=0.015 SPEED=30.0 RELATIVE=1
WAIT S=0.001
G0 Z0.01 F3000.0 ;position for liquid contact
G0 Z1.0 F5000.0
G0 X133.0 Y95.0 F5000.0
G0 Z1.0 F3000.0
DISPENSE MM=0.015 SPEED=30.0 RELATIVE=1
WAIT S=0.001
G0 Z0.01 F3000.0 ;position for liquid contact
G0 Z1.0 F5000.0
G0 X135.0 Y95.0 F5000.0
G0 Z1.0 F3000.0
DISPENSE MM=0.015 SPEED=30.0 RELATIVE=1
WAIT S=0.001
G0 Z0.01 F3000.0 ;position for liquid contact
G0 Z1.0 F5000.0
G0 X137.0 Y95.0 F5000.0
G0 Z1.0 F3000.0
DISPENSE MM=0.015 SPEED=30.0 RELATIVE=1
WAIT S=0.001
G0 Z0.01 F3000.0 ;position for liquid contact
G0 Z1.0 F5000.0
G0 X139.0 Y95.0 F5000.0
G0 Z1.0 F3000.0
DISPENSE MM=0.015 SPEED=30.0 RELATIVE=1
WAIT S=0.001
G0 Z0.01 F3000.0 ;position for liquid contact
G0 Z1.0 F5000.0
G0 X141.0 Y95.0 F5000.0
G0 Z1.0 F3000.0
DISPENSE MM=0.015 SPEED=30.0 RELATIVE=1
WAIT S=0.001
G0 Z0.01 F3000.0 ;position for liquid contact
G0 Z1.0 F5000.0
G0 X143.0 Y95.0 F5000.0
G0 Z1.0 F3000.0
DISPENSE MM=0.015 SPEED=30.0 RELATIVE=1
WAIT S=0.001
G0 Z0.01 F3000.0 ;position for liquid contact
G0 Z1.0 F5000.0
G0 X145.0 Y95.0 F5000.0
G0 Z1.0 F3000.0
DISPENSE MM=0.015 SPEED=30.0 RELATIVE=1
WAIT S=0.001
G0 Z0.01 F3000.0 ;position for liquid contact
G0 Z1.0 F5000.0
G0 X147.0 Y95.0 F5000.0
G0 Z1.0 F3000.0
DISPENSE MM=0.015 SPEED=30.0 RELATIVE=1
WAIT S=0.001
G0 Z0.01 F3000.0 ;position for liquid contact
G0 Z1.0 F5000.0
G0 X149.0 Y95.0 F5000.0
G0 Z1.0 F3000.0
DISPENSE MM=0.015 SPEED=30.0 RELATIVE=1
WAIT S=0.001
G0 Z0.01 F3000.0 ;position for liquid contact
G0 Z1.0 F5000.0
G0 X151.0 Y95.0 F5000.0
G0 Z1.0 F3000.0
DISPENSE MM=0.015 SPEED=30.0 RELATIVE=1
WAIT S=0.001
G0 Z0.01 F3000.0 ;position for liquid contact
G0 Z1.0 F5000.0
G0 X153.0 Y95.0 F5000.0
G0 Z1.0 F3000.0
DISPENSE MM=0.015 SPEED=30.0 RELATIVE=1
WAIT S=0.001
G0 Z0.01 F3000.0 ;position for liquid contact
G0 Z1.0 F5000.0
G0 X155.0 Y95.0 F5000.0
G0 Z1.0 F3000.0
DISPENSE MM=0.015 SPEED=30.0 RELATIVE=1
WAIT S=0.001
G0 Z0.01 F3000.0 ;position for liquid contact
G0 Z1.0 F5000.0
G0 X157.0 Y95.0 F5000.0
G0 Z1.0 F3000.0
DISPENSE MM=0.015 SPEED=30.0 RELATIVE=1
WAIT S=0.001
G0 Z0.01 F3000.0 ;position for liquid contact
G0 Z1.0 F5000.0
G0 X159.0 Y95.0 F5000.0
G0 Z1.0 F3000.0
DISPENSE MM=0.015 SPEED=30.0 RELATIVE=1
WAIT S=0.001
G0 Z0.01 F3000.0 ;position for liquid contact
G0 Z1.0 F5000.0
G0 X161.0 Y95.0 F5000.0
G0 Z1.0 F3000.0
DISPENSE MM=0.015 SPEED=30.0 RELATIVE=1
WAIT S=0.001
G0 Z0.01 F3000.0 ;position for liquid contact
G0 Z1.0 F5000.0
G0 X163.0 Y95.0 F5000.0
G0 Z1.0 F3000.0
DISPENSE MM=0.015 SPEED=30.0 RELATIVE=1
WAIT S=0.001
G0 Z0.01 F3000.0 ;position for liquid contact
G0 Z1.0 F5000.0
G0 X165.0 Y95.0 F5000.0
G0 Z1.0 F3000.0
DISPENSE MM=0.015 SPEED=30.0 RELATIVE=1
WAIT S=0.001
G0 Z0.01 F3000.0 ;position for liquid contact
G0 Z1.0 F5000.0
G0 X167.0 Y95.0 F5000.0
G0 Z1.0 F3000.0
DISPENSE MM=0.015 SPEED=30.0 RELATIVE=1
WAIT S=0.001
G0 Z0.01 F3000.0 ;position for liquid contact
G0 Z1.0 F5000.0
G0 X109.0 Y97.0 F5000.0
G0 Z1.0 F3000.0
WAIT S=0.2
DISPENSE MM=0.015 SPEED=30.0 RELATIVE=1
WAIT S=0.001
G0 Z0.01 F3000.0 ;position for liquid contact
G0 Z1.0 F5000.0
G0 X111.0 Y97.0 F5000.0
G0 Z1.0 F3000.0
DISPENSE MM=0.015 SPEED=30.0 RELATIVE=1
WAIT S=0.001
G0 Z0.01 F3000.0 ;position for liquid contact
G0 Z1.0 F5000.0
G0 X113.0 Y97.0 F5000.0
G0 Z1.0 F3000.0
DISPENSE MM=0.015 SPEED=30.0 RELATIVE=1
WAIT S=0.001
G0 Z0.01 F3000.0 ;position for liquid contact
G0 Z1.0 F5000.0
G0 X115.0 Y97.0 F5000.0
G0 Z1.0 F3000.0
DISPENSE MM=0.015 SPEED=30.0 RELATIVE=1
WAIT S=0.001
G0 Z0.01 F3000.0 ;position for liquid contact
G0 Z1.0 F5000.0
G0 X117.0 Y97.0 F5000.0
G0 Z1.0 F3000.0
DISPENSE MM=0.015 SPEED=30.0 RELATIVE=1
WAIT S=0.001
G0 Z0.01 F3000.0 ;position for liquid contact
G0 Z1.0 F5000.0
G0 X119.0 Y97.0 F5000.0
G0 Z1.0 F3000.0
DISPENSE MM=0.015 SPEED=30.0 RELATIVE=1
WAIT S=0.001
G0 Z0.01 F3000.0 ;position for liquid contact
G0 Z1.0 F5000.0
G0 X121.0 Y97.0 F5000.0
G0 Z1.0 F3000.0
DISPENSE MM=0.015 SPEED=30.0 RELATIVE=1
WAIT S=0.001
G0 Z0.01 F3000.0 ;position for liquid contact
G0 Z1.0 F5000.0
G0 X123.0 Y97.0 F5000.0
G0 Z1.0 F3000.0
DISPENSE MM=0.015 SPEED=30.0 RELATIVE=1
WAIT S=0.001
G0 Z0.01 F3000.0 ;position for liquid contact
G0 Z1.0 F5000.0
G0 X125.0 Y97.0 F5000.0
G0 Z1.0 F3000.0
DISPENSE MM=0.015 SPEED=30.0 RELATIVE=1
WAIT S=0.001
G0 Z0.01 F3000.0 ;position for liquid contact
G0 Z1.0 F5000.0
G0 X127.0 Y97.0 F5000.0
G0 Z1.0 F3000.0
DISPENSE MM=0.015 SPEED=30.0 RELATIVE=1
WAIT S=0.001
G0 Z0.01 F3000.0 ;position for liquid contact
G0 Z1.0 F5000.0
G0 X129.0 Y97.0 F5000.0
G0 Z1.0 F3000.0
DISPENSE MM=0.015 SPEED=30.0 RELATIVE=1
WAIT S=0.001
G0 Z0.01 F3000.0 ;position for liquid contact
G0 Z1.0 F5000.0
G0 X131.0 Y97.0 F5000.0
G0 Z1.0 F3000.0
DISPENSE MM=0.015 SPEED=30.0 RELATIVE=1
WAIT S=0.001
G0 Z0.01 F3000.0 ;position for liquid contact
G0 Z1.0 F5000.0
G0 X133.0 Y97.0 F5000.0
G0 Z1.0 F3000.0
DISPENSE MM=0.015 SPEED=30.0 RELATIVE=1
WAIT S=0.001
G0 Z0.01 F3000.0 ;position for liquid contact
G0 Z1.0 F5000.0
G0 X135.0 Y97.0 F5000.0
G0 Z1.0 F3000.0
DISPENSE MM=0.015 SPEED=30.0 RELATIVE=1
WAIT S=0.001
G0 Z0.01 F3000.0 ;position for liquid contact
G0 Z1.0 F5000.0
G0 X137.0 Y97.0 F5000.0
G0 Z1.0 F3000.0
DISPENSE MM=0.015 SPEED=30.0 RELATIVE=1
WAIT S=0.001
G0 Z0.01 F3000.0 ;position for liquid contact
G0 Z1.0 F5000.0
G0 X139.0 Y97.0 F5000.0
G0 Z1.0 F3000.0
DISPENSE MM=0.015 SPEED=30.0 RELATIVE=1
WAIT S=0.001
G0 Z0.01 F3000.0 ;position for liquid contact
G0 Z1.0 F5000.0
G0 X141.0 Y97.0 F5000.0
G0 Z1.0 F3000.0
DISPENSE MM=0.015 SPEED=30.0 RELATIVE=1
WAIT S=0.001
G0 Z0.01 F3000.0 ;position for liquid contact
G0 Z1.0 F5000.0
G0 X143.0 Y97.0 F5000.0
G0 Z1.0 F3000.0
DISPENSE MM=0.015 SPEED=30.0 RELATIVE=1
WAIT S=0.001
G0 Z0.01 F3000.0 ;position for liquid contact
G0 Z1.0 F5000.0
G0 X145.0 Y97.0 F5000.0
G0 Z1.0 F3000.0
DISPENSE MM=0.015 SPEED=30.0 RELATIVE=1
WAIT S=0.001
G0 Z0.01 F3000.0 ;position for liquid contact
G0 Z1.0 F5000.0
G0 X147.0 Y97.0 F5000.0
G0 Z1.0 F3000.0
DISPENSE MM=0.015 SPEED=30.0 RELATIVE=1
WAIT S=0.001
G0 Z0.01 F3000.0 ;position for liquid contact
G0 Z1.0 F5000.0
G0 X149.0 Y97.0 F5000.0
G0 Z1.0 F3000.0
DISPENSE MM=0.015 SPEED=30.0 RELATIVE=1
WAIT S=0.001
G0 Z0.01 F3000.0 ;position for liquid contact
G0 Z1.0 F5000.0
G0 X151.0 Y97.0 F5000.0
G0 Z1.0 F3000.0
DISPENSE MM=0.015 SPEED=30.0 RELATIVE=1
WAIT S=0.001
G0 Z0.01 F3000.0 ;position for liquid contact
G0 Z1.0 F5000.0
G0 X153.0 Y97.0 F5000.0
G0 Z1.0 F3000.0
DISPENSE MM=0.015 SPEED=30.0 RELATIVE=1
WAIT S=0.001
G0 Z0.01 F3000.0 ;position for liquid contact
G0 Z1.0 F5000.0
G0 X155.0 Y97.0 F5000.0
G0 Z1.0 F3000.0
DISPENSE MM=0.015 SPEED=30.0 RELATIVE=1
WAIT S=0.001
G0 Z0.01 F3000.0 ;position for liquid contact
G0 Z1.0 F5000.0
G0 X157.0 Y97.0 F5000.0
G0 Z1.0 F3000.0
DISPENSE MM=0.015 SPEED=30.0 RELATIVE=1
WAIT S=0.001
G0 Z0.01 F3000.0 ;position for liquid contact
G0 Z1.0 F5000.0
G0 X159.0 Y97.0 F5000.0
G0 Z1.0 F3000.0
DISPENSE MM=0.015 SPEED=30.0 RELATIVE=1
WAIT S=0.001
G0 Z0.01 F3000.0 ;position for liquid contact
G0 Z1.0 F5000.0
G0 X161.0 Y97.0 F5000.0
G0 Z1.0 F3000.0
DISPENSE MM=0.015 SPEED=30.0 RELATIVE=1
WAIT S=0.001
G0 Z0.01 F3000.0 ;position for liquid contact
G0 Z1.0 F5000.0
G0 X163.0 Y97.0 F5000.0
G0 Z1.0 F3000.0
DISPENSE MM=0.015 SPEED=30.0 RELATIVE=1
WAIT S=0.001
G0 Z0.01 F3000.0 ;position for liquid contact
G0 Z1.0 F5000.0
G0 X165.0 Y97.0 F5000.0
G0 Z1.0 F3000.0
DISPENSE MM=0.015 SPEED=30.0 RELATIVE=1
WAIT S=0.001
G0 Z0.01 F3000.0 ;position for liquid contact
G0 Z1.0 F5000.0
G0 X167.0 Y97.0 F5000.0
G0 Z1.0 F3000.0
DISPENSE MM=0.015 SPEED=30.0 RELATIVE=1
WAIT S=0.001
G0 Z0.01 F3000.0 ;position for liquid contact
G0 Z1.0 F5000.0
G0 X109.0 Y99.0 F5000.0
G0 Z1.0 F3000.0
WAIT S=0.2
DISPENSE MM=0.015 SPEED=30.0 RELATIVE=1
WAIT S=0.001
G0 Z0.01 F3000.0 ;position for liquid contact
G0 Z1.0 F5000.0
G0 X111.0 Y99.0 F5000.0
G0 Z1.0 F3000.0
DISPENSE MM=0.015 SPEED=30.0 RELATIVE=1
WAIT S=0.001
G0 Z0.01 F3000.0 ;position for liquid contact
G0 Z1.0 F5000.0
G0 X113.0 Y99.0 F5000.0
G0 Z1.0 F3000.0
DISPENSE MM=0.015 SPEED=30.0 RELATIVE=1
WAIT S=0.001
G0 Z0.01 F3000.0 ;position for liquid contact
G0 Z1.0 F5000.0
G0 X115.0 Y99.0 F5000.0
G0 Z1.0 F3000.0
DISPENSE MM=0.015 SPEED=30.0 RELATIVE=1
WAIT S=0.001
G0 Z0.01 F3000.0 ;position for liquid contact
G0 Z1.0 F5000.0
G0 X117.0 Y99.0 F5000.0
G0 Z1.0 F3000.0
DISPENSE MM=0.015 SPEED=30.0 RELATIVE=1
WAIT S=0.001
G0 Z0.01 F3000.0 ;position for liquid contact
G0 Z1.0 F5000.0
G0 X119.0 Y99.0 F5000.0
G0 Z1.0 F3000.0
DISPENSE MM=0.015 SPEED=30.0 RELATIVE=1
WAIT S=0.001
G0 Z0.01 F3000.0 ;position for liquid contact
G0 Z1.0 F5000.0
G0 X121.0 Y99.0 F5000.0
G0 Z1.0 F3000.0
DISPENSE MM=0.015 SPEED=30.0 RELATIVE=1
WAIT S=0.001
G0 Z0.01 F3000.0 ;position for liquid contact
G0 Z1.0 F5000.0
G0 X123.0 Y99.0 F5000.0
G0 Z1.0 F3000.0
DISPENSE MM=0.015 SPEED=30.0 RELATIVE=1
WAIT S=0.001
G0 Z0.01 F3000.0 ;position for liquid contact
G0 Z1.0 F5000.0
G0 X125.0 Y99.0 F5000.0
G0 Z1.0 F3000.0
DISPENSE MM=0.015 SPEED=30.0 RELATIVE=1
WAIT S=0.001
G0 Z0.01 F3000.0 ;position for liquid contact
G0 Z1.0 F5000.0
G0 X127.0 Y99.0 F5000.0
G0 Z1.0 F3000.0
DISPENSE MM=0.015 SPEED=30.0 RELATIVE=1
WAIT S=0.001
G0 Z0.01 F3000.0 ;position for liquid contact
G0 Z1.0 F5000.0
G0 X129.0 Y99.0 F5000.0
G0 Z1.0 F3000.0
DISPENSE MM=0.015 SPEED=30.0 RELATIVE=1
WAIT S=0.001
G0 Z0.01 F3000.0 ;position for liquid contact
G0 Z1.0 F5000.0
G0 X131.0 Y99.0 F5000.0
G0 Z1.0 F3000.0
DISPENSE MM=0.015 SPEED=30.0 RELATIVE=1
WAIT S=0.001
G0 Z0.01 F3000.0 ;position for liquid contact
G0 Z1.0 F5000.0
G0 X133.0 Y99.0 F5000.0
G0 Z1.0 F3000.0
DISPENSE MM=0.015 SPEED=30.0 RELATIVE=1
WAIT S=0.001
G0 Z0.01 F3000.0 ;position for liquid contact
G0 Z1.0 F5000.0
G0 X135.0 Y99.0 F5000.0
G0 Z1.0 F3000.0
DISPENSE MM=0.015 SPEED=30.0 RELATIVE=1
WAIT S=0.001
G0 Z0.01 F3000.0 ;position for liquid contact
G0 Z1.0 F5000.0
G0 X137.0 Y99.0 F5000.0
G0 Z1.0 F3000.0
DISPENSE MM=0.015 SPEED=30.0 RELATIVE=1
WAIT S=0.001
G0 Z0.01 F3000.0 ;position for liquid contact
G0 Z1.0 F5000.0
G0 X139.0 Y99.0 F5000.0
G0 Z1.0 F3000.0
DISPENSE MM=0.015 SPEED=30.0 RELATIVE=1
WAIT S=0.001
G0 Z0.01 F3000.0 ;position for liquid contact
G0 Z1.0 F5000.0
G0 X141.0 Y99.0 F5000.0
G0 Z1.0 F3000.0
DISPENSE MM=0.015 SPEED=30.0 RELATIVE=1
WAIT S=0.001
G0 Z0.01 F3000.0 ;position for liquid contact
G0 Z1.0 F5000.0
G0 X143.0 Y99.0 F5000.0
G0 Z1.0 F3000.0
DISPENSE MM=0.015 SPEED=30.0 RELATIVE=1
WAIT S=0.001
G0 Z0.01 F3000.0 ;position for liquid contact
G0 Z1.0 F5000.0
G0 X145.0 Y99.0 F5000.0
G0 Z1.0 F3000.0
DISPENSE MM=0.015 SPEED=30.0 RELATIVE=1
WAIT S=0.001
G0 Z0.01 F3000.0 ;position for liquid contact
G0 Z1.0 F5000.0
G0 X147.0 Y99.0 F5000.0
G0 Z1.0 F3000.0
DISPENSE MM=0.015 SPEED=30.0 RELATIVE=1
WAIT S=0.001
G0 Z0.01 F3000.0 ;position for liquid contact
G0 Z1.0 F5000.0
G0 X149.0 Y99.0 F5000.0
G0 Z1.0 F3000.0
DISPENSE MM=0.015 SPEED=30.0 RELATIVE=1
WAIT S=0.001
G0 Z0.01 F3000.0 ;position for liquid contact
G0 Z1.0 F5000.0
G0 X151.0 Y99.0 F5000.0
G0 Z1.0 F3000.0
DISPENSE MM=0.015 SPEED=30.0 RELATIVE=1
WAIT S=0.001
G0 Z0.01 F3000.0 ;position for liquid contact
G0 Z1.0 F5000.0
G0 X153.0 Y99.0 F5000.0
G0 Z1.0 F3000.0
DISPENSE MM=0.015 SPEED=30.0 RELATIVE=1
WAIT S=0.001
G0 Z0.01 F3000.0 ;position for liquid contact
G0 Z1.0 F5000.0
G0 X155.0 Y99.0 F5000.0
G0 Z1.0 F3000.0
DISPENSE MM=0.015 SPEED=30.0 RELATIVE=1
WAIT S=0.001
G0 Z0.01 F3000.0 ;position for liquid contact
G0 Z1.0 F5000.0
G0 X157.0 Y99.0 F5000.0
G0 Z1.0 F3000.0
DISPENSE MM=0.015 SPEED=30.0 RELATIVE=1
WAIT S=0.001
G0 Z0.01 F3000.0 ;position for liquid contact
G0 Z1.0 F5000.0
G0 X159.0 Y99.0 F5000.0
G0 Z1.0 F3000.0
DISPENSE MM=0.015 SPEED=30.0 RELATIVE=1
WAIT S=0.001
G0 Z0.01 F3000.0 ;position for liquid contact
G0 Z1.0 F5000.0
G0 X161.0 Y99.0 F5000.0
G0 Z1.0 F3000.0
DISPENSE MM=0.015 SPEED=30.0 RELATIVE=1
WAIT S=0.001
G0 Z0.01 F3000.0 ;position for liquid contact
G0 Z1.0 F5000.0
G0 X163.0 Y99.0 F5000.0
G0 Z1.0 F3000.0
DISPENSE MM=0.015 SPEED=30.0 RELATIVE=1
WAIT S=0.001
G0 Z0.01 F3000.0 ;position for liquid contact
G0 Z1.0 F5000.0
G0 X165.0 Y99.0 F5000.0
G0 Z1.0 F3000.0
DISPENSE MM=0.015 SPEED=30.0 RELATIVE=1
WAIT S=0.001
G0 Z0.01 F3000.0 ;position for liquid contact
G0 Z1.0 F5000.0
G0 X167.0 Y99.0 F5000.0
G0 Z1.0 F3000.0
DISPENSE MM=0.015 SPEED=30.0 RELATIVE=1
WAIT S=0.001
G0 Z0.01 F3000.0 ;position for liquid contact
G0 Z1.0 F5000.0
G0 X109.0 Y101.0 F5000.0
G0 Z1.0 F3000.0
WAIT S=0.2
DISPENSE MM=0.015 SPEED=30.0 RELATIVE=1
WAIT S=0.001
G0 Z0.01 F3000.0 ;position for liquid contact
G0 Z1.0 F5000.0
G0 X111.0 Y101.0 F5000.0
G0 Z1.0 F3000.0
DISPENSE MM=0.015 SPEED=30.0 RELATIVE=1
WAIT S=0.001
G0 Z0.01 F3000.0 ;position for liquid contact
G0 Z1.0 F5000.0
G0 X113.0 Y101.0 F5000.0
G0 Z1.0 F3000.0
DISPENSE MM=0.015 SPEED=30.0 RELATIVE=1
WAIT S=0.001
G0 Z0.01 F3000.0 ;position for liquid contact
G0 Z1.0 F5000.0
G0 X115.0 Y101.0 F5000.0
G0 Z1.0 F3000.0
DISPENSE MM=0.015 SPEED=30.0 RELATIVE=1
WAIT S=0.001
G0 Z0.01 F3000.0 ;position for liquid contact
G0 Z1.0 F5000.0
G0 X117.0 Y101.0 F5000.0
G0 Z1.0 F3000.0
DISPENSE MM=0.015 SPEED=30.0 RELATIVE=1
WAIT S=0.001
G0 Z0.01 F3000.0 ;position for liquid contact
G0 Z1.0 F5000.0
G0 X119.0 Y101.0 F5000.0
G0 Z1.0 F3000.0
DISPENSE MM=0.015 SPEED=30.0 RELATIVE=1
WAIT S=0.001
G0 Z0.01 F3000.0 ;position for liquid contact
G0 Z1.0 F5000.0
G0 X121.0 Y101.0 F5000.0
G0 Z1.0 F3000.0
DISPENSE MM=0.015 SPEED=30.0 RELATIVE=1
WAIT S=0.001
G0 Z0.01 F3000.0 ;position for liquid contact
G0 Z1.0 F5000.0
G0 X123.0 Y101.0 F5000.0
G0 Z1.0 F3000.0
DISPENSE MM=0.015 SPEED=30.0 RELATIVE=1
WAIT S=0.001
G0 Z0.01 F3000.0 ;position for liquid contact
G0 Z1.0 F5000.0
G0 X125.0 Y101.0 F5000.0
G0 Z1.0 F3000.0
DISPENSE MM=0.015 SPEED=30.0 RELATIVE=1
WAIT S=0.001
G0 Z0.01 F3000.0 ;position for liquid contact
G0 Z1.0 F5000.0
G0 X127.0 Y101.0 F5000.0
G0 Z1.0 F3000.0
DISPENSE MM=0.015 SPEED=30.0 RELATIVE=1
WAIT S=0.001
G0 Z0.01 F3000.0 ;position for liquid contact
G0 Z1.0 F5000.0
G0 X129.0 Y101.0 F5000.0
G0 Z1.0 F3000.0
DISPENSE MM=0.015 SPEED=30.0 RELATIVE=1
WAIT S=0.001
G0 Z0.01 F3000.0 ;position for liquid contact
G0 Z1.0 F5000.0
G0 X131.0 Y101.0 F5000.0
G0 Z1.0 F3000.0
DISPENSE MM=0.015 SPEED=30.0 RELATIVE=1
WAIT S=0.001
G0 Z0.01 F3000.0 ;position for liquid contact
G0 Z1.0 F5000.0
G0 X133.0 Y101.0 F5000.0
G0 Z1.0 F3000.0
DISPENSE MM=0.015 SPEED=30.0 RELATIVE=1
WAIT S=0.001
G0 Z0.01 F3000.0 ;position for liquid contact
G0 Z1.0 F5000.0
G0 X135.0 Y101.0 F5000.0
G0 Z1.0 F3000.0
DISPENSE MM=0.015 SPEED=30.0 RELATIVE=1
WAIT S=0.001
G0 Z0.01 F3000.0 ;position for liquid contact
G0 Z1.0 F5000.0
G0 X137.0 Y101.0 F5000.0
G0 Z1.0 F3000.0
DISPENSE MM=0.015 SPEED=30.0 RELATIVE=1
WAIT S=0.001
G0 Z0.01 F3000.0 ;position for liquid contact
G0 Z1.0 F5000.0
G0 X139.0 Y101.0 F5000.0
G0 Z1.0 F3000.0
DISPENSE MM=0.015 SPEED=30.0 RELATIVE=1
WAIT S=0.001
G0 Z0.01 F3000.0 ;position for liquid contact
G0 Z1.0 F5000.0
G0 X141.0 Y101.0 F5000.0
G0 Z1.0 F3000.0
DISPENSE MM=0.015 SPEED=30.0 RELATIVE=1
WAIT S=0.001
G0 Z0.01 F3000.0 ;position for liquid contact
G0 Z1.0 F5000.0
G0 X143.0 Y101.0 F5000.0
G0 Z1.0 F3000.0
DISPENSE MM=0.015 SPEED=30.0 RELATIVE=1
WAIT S=0.001
G0 Z0.01 F3000.0 ;position for liquid contact
G0 Z1.0 F5000.0
G0 X145.0 Y101.0 F5000.0
G0 Z1.0 F3000.0
DISPENSE MM=0.015 SPEED=30.0 RELATIVE=1
WAIT S=0.001
G0 Z0.01 F3000.0 ;position for liquid contact
G0 Z1.0 F5000.0
G0 X147.0 Y101.0 F5000.0
G0 Z1.0 F3000.0
DISPENSE MM=0.015 SPEED=30.0 RELATIVE=1
WAIT S=0.001
G0 Z0.01 F3000.0 ;position for liquid contact
G0 Z1.0 F5000.0
G0 X149.0 Y101.0 F5000.0
G0 Z1.0 F3000.0
DISPENSE MM=0.015 SPEED=30.0 RELATIVE=1
WAIT S=0.001
G0 Z0.01 F3000.0 ;position for liquid contact
G0 Z1.0 F5000.0
G0 X151.0 Y101.0 F5000.0
G0 Z1.0 F3000.0
DISPENSE MM=0.015 SPEED=30.0 RELATIVE=1
WAIT S=0.001
G0 Z0.01 F3000.0 ;position for liquid contact
G0 Z1.0 F5000.0
G0 X153.0 Y101.0 F5000.0
G0 Z1.0 F3000.0
DISPENSE MM=0.015 SPEED=30.0 RELATIVE=1
WAIT S=0.001
G0 Z0.01 F3000.0 ;position for liquid contact
G0 Z1.0 F5000.0
G0 X155.0 Y101.0 F5000.0
G0 Z1.0 F3000.0
DISPENSE MM=0.015 SPEED=30.0 RELATIVE=1
WAIT S=0.001
G0 Z0.01 F3000.0 ;position for liquid contact
G0 Z1.0 F5000.0
G0 X157.0 Y101.0 F5000.0
G0 Z1.0 F3000.0
DISPENSE MM=0.015 SPEED=30.0 RELATIVE=1
WAIT S=0.001
G0 Z0.01 F3000.0 ;position for liquid contact
G0 Z1.0 F5000.0
G0 X159.0 Y101.0 F5000.0
G0 Z1.0 F3000.0
DISPENSE MM=0.015 SPEED=30.0 RELATIVE=1
WAIT S=0.001
G0 Z0.01 F3000.0 ;position for liquid contact
G0 Z1.0 F5000.0
G0 X161.0 Y101.0 F5000.0
G0 Z1.0 F3000.0
DISPENSE MM=0.015 SPEED=30.0 RELATIVE=1
WAIT S=0.001
G0 Z0.01 F3000.0 ;position for liquid contact
G0 Z1.0 F5000.0
G0 X163.0 Y101.0 F5000.0
G0 Z1.0 F3000.0
DISPENSE MM=0.015 SPEED=30.0 RELATIVE=1
WAIT S=0.001
G0 Z0.01 F3000.0 ;position for liquid contact
G0 Z1.0 F5000.0
G0 X165.0 Y101.0 F5000.0
G0 Z1.0 F3000.0
DISPENSE MM=0.015 SPEED=30.0 RELATIVE=1
WAIT S=0.001
G0 Z0.01 F3000.0 ;position for liquid contact
G0 Z1.0 F5000.0
G0 X167.0 Y101.0 F5000.0
G0 Z1.0 F3000.0
DISPENSE MM=0.015 SPEED=30.0 RELATIVE=1
WAIT S=0.001
G0 Z0.01 F3000.0 ;position for liquid contact
G0 Z1.0 F5000.0
G0 X109.0 Y103.0 F5000.0
G0 Z1.0 F3000.0
WAIT S=0.2
DISPENSE MM=0.015 SPEED=30.0 RELATIVE=1
WAIT S=0.001
G0 Z0.01 F3000.0 ;position for liquid contact
G0 Z1.0 F5000.0
G0 X111.0 Y103.0 F5000.0
G0 Z1.0 F3000.0
DISPENSE MM=0.015 SPEED=30.0 RELATIVE=1
WAIT S=0.001
G0 Z0.01 F3000.0 ;position for liquid contact
G0 Z1.0 F5000.0
G0 X113.0 Y103.0 F5000.0
G0 Z1.0 F3000.0
DISPENSE MM=0.015 SPEED=30.0 RELATIVE=1
WAIT S=0.001
G0 Z0.01 F3000.0 ;position for liquid contact
G0 Z1.0 F5000.0
G0 X115.0 Y103.0 F5000.0
G0 Z1.0 F3000.0
DISPENSE MM=0.015 SPEED=30.0 RELATIVE=1
WAIT S=0.001
G0 Z0.01 F3000.0 ;position for liquid contact
G0 Z1.0 F5000.0
G0 X117.0 Y103.0 F5000.0
G0 Z1.0 F3000.0
DISPENSE MM=0.015 SPEED=30.0 RELATIVE=1
WAIT S=0.001
G0 Z0.01 F3000.0 ;position for liquid contact
G0 Z1.0 F5000.0
G0 X119.0 Y103.0 F5000.0
G0 Z1.0 F3000.0
DISPENSE MM=0.015 SPEED=30.0 RELATIVE=1
WAIT S=0.001
G0 Z0.01 F3000.0 ;position for liquid contact
G0 Z1.0 F5000.0
G0 X121.0 Y103.0 F5000.0
G0 Z1.0 F3000.0
DISPENSE MM=0.015 SPEED=30.0 RELATIVE=1
WAIT S=0.001
G0 Z0.01 F3000.0 ;position for liquid contact
G0 Z1.0 F5000.0
G0 X123.0 Y103.0 F5000.0
G0 Z1.0 F3000.0
DISPENSE MM=0.015 SPEED=30.0 RELATIVE=1
WAIT S=0.001
G0 Z0.01 F3000.0 ;position for liquid contact
G0 Z1.0 F5000.0
G0 X125.0 Y103.0 F5000.0
G0 Z1.0 F3000.0
DISPENSE MM=0.015 SPEED=30.0 RELATIVE=1
WAIT S=0.001
G0 Z0.01 F3000.0 ;position for liquid contact
G0 Z1.0 F5000.0
G0 X127.0 Y103.0 F5000.0
G0 Z1.0 F3000.0
DISPENSE MM=0.015 SPEED=30.0 RELATIVE=1
WAIT S=0.001
G0 Z0.01 F3000.0 ;position for liquid contact
G0 Z1.0 F5000.0
G0 X129.0 Y103.0 F5000.0
G0 Z1.0 F3000.0
DISPENSE MM=0.015 SPEED=30.0 RELATIVE=1
WAIT S=0.001
G0 Z0.01 F3000.0 ;position for liquid contact
G0 Z1.0 F5000.0
G0 X131.0 Y103.0 F5000.0
G0 Z1.0 F3000.0
DISPENSE MM=0.015 SPEED=30.0 RELATIVE=1
WAIT S=0.001
G0 Z0.01 F3000.0 ;position for liquid contact
G0 Z1.0 F5000.0
G0 X133.0 Y103.0 F5000.0
G0 Z1.0 F3000.0
DISPENSE MM=0.015 SPEED=30.0 RELATIVE=1
WAIT S=0.001
G0 Z0.01 F3000.0 ;position for liquid contact
G0 Z1.0 F5000.0
G0 X135.0 Y103.0 F5000.0
G0 Z1.0 F3000.0
DISPENSE MM=0.015 SPEED=30.0 RELATIVE=1
WAIT S=0.001
G0 Z0.01 F3000.0 ;position for liquid contact
G0 Z1.0 F5000.0
G0 X137.0 Y103.0 F5000.0
G0 Z1.0 F3000.0
DISPENSE MM=0.015 SPEED=30.0 RELATIVE=1
WAIT S=0.001
G0 Z0.01 F3000.0 ;position for liquid contact
G0 Z1.0 F5000.0
G0 X139.0 Y103.0 F5000.0
G0 Z1.0 F3000.0
DISPENSE MM=0.015 SPEED=30.0 RELATIVE=1
WAIT S=0.001
G0 Z0.01 F3000.0 ;position for liquid contact
G0 Z1.0 F5000.0
G0 X141.0 Y103.0 F5000.0
G0 Z1.0 F3000.0
DISPENSE MM=0.015 SPEED=30.0 RELATIVE=1
WAIT S=0.001
G0 Z0.01 F3000.0 ;position for liquid contact
G0 Z1.0 F5000.0
G0 X143.0 Y103.0 F5000.0
G0 Z1.0 F3000.0
DISPENSE MM=0.015 SPEED=30.0 RELATIVE=1
WAIT S=0.001
G0 Z0.01 F3000.0 ;position for liquid contact
G0 Z1.0 F5000.0
G0 X145.0 Y103.0 F5000.0
G0 Z1.0 F3000.0
DISPENSE MM=0.015 SPEED=30.0 RELATIVE=1
WAIT S=0.001
G0 Z0.01 F3000.0 ;position for liquid contact
G0 Z1.0 F5000.0
G0 X147.0 Y103.0 F5000.0
G0 Z1.0 F3000.0
DISPENSE MM=0.015 SPEED=30.0 RELATIVE=1
WAIT S=0.001
G0 Z0.01 F3000.0 ;position for liquid contact
G0 Z1.0 F5000.0
G0 X149.0 Y103.0 F5000.0
G0 Z1.0 F3000.0
DISPENSE MM=0.015 SPEED=30.0 RELATIVE=1
WAIT S=0.001
G0 Z0.01 F3000.0 ;position for liquid contact
G0 Z1.0 F5000.0
G0 X151.0 Y103.0 F5000.0
G0 Z1.0 F3000.0
DISPENSE MM=0.015 SPEED=30.0 RELATIVE=1
WAIT S=0.001
G0 Z0.01 F3000.0 ;position for liquid contact
G0 Z1.0 F5000.0
G0 X153.0 Y103.0 F5000.0
G0 Z1.0 F3000.0
DISPENSE MM=0.015 SPEED=30.0 RELATIVE=1
WAIT S=0.001
G0 Z0.01 F3000.0 ;position for liquid contact
G0 Z1.0 F5000.0
G0 X155.0 Y103.0 F5000.0
G0 Z1.0 F3000.0
DISPENSE MM=0.015 SPEED=30.0 RELATIVE=1
WAIT S=0.001
G0 Z0.01 F3000.0 ;position for liquid contact
G0 Z1.0 F5000.0
G0 X157.0 Y103.0 F5000.0
G0 Z1.0 F3000.0
DISPENSE MM=0.015 SPEED=30.0 RELATIVE=1
WAIT S=0.001
G0 Z0.01 F3000.0 ;position for liquid contact
G0 Z1.0 F5000.0
G0 X159.0 Y103.0 F5000.0
G0 Z1.0 F3000.0
DISPENSE MM=0.015 SPEED=30.0 RELATIVE=1
WAIT S=0.001
G0 Z0.01 F3000.0 ;position for liquid contact
G0 Z1.0 F5000.0
G0 X161.0 Y103.0 F5000.0
G0 Z1.0 F3000.0
DISPENSE MM=0.015 SPEED=30.0 RELATIVE=1
WAIT S=0.001
G0 Z0.01 F3000.0 ;position for liquid contact
G0 Z1.0 F5000.0
G0 X163.0 Y103.0 F5000.0
G0 Z1.0 F3000.0
DISPENSE MM=0.015 SPEED=30.0 RELATIVE=1
WAIT S=0.001
G0 Z0.01 F3000.0 ;position for liquid contact
G0 Z1.0 F5000.0
G0 X165.0 Y103.0 F5000.0
G0 Z1.0 F3000.0
DISPENSE MM=0.015 SPEED=30.0 RELATIVE=1
WAIT S=0.001
G0 Z0.01 F3000.0 ;position for liquid contact
G0 Z1.0 F5000.0
G0 X167.0 Y103.0 F5000.0
G0 Z1.0 F3000.0
DISPENSE MM=0.015 SPEED=30.0 RELATIVE=1
WAIT S=0.001
G0 Z0.01 F3000.0 ;position for liquid contact
G0 Z1.0 F5000.0
G0 X109.0 Y105.0 F5000.0
G0 Z1.0 F3000.0
WAIT S=0.2
DISPENSE MM=0.015 SPEED=30.0 RELATIVE=1
WAIT S=0.001
G0 Z0.01 F3000.0 ;position for liquid contact
G0 Z1.0 F5000.0
G0 X111.0 Y105.0 F5000.0
G0 Z1.0 F3000.0
DISPENSE MM=0.015 SPEED=30.0 RELATIVE=1
WAIT S=0.001
G0 Z0.01 F3000.0 ;position for liquid contact
G0 Z1.0 F5000.0
G0 X113.0 Y105.0 F5000.0
G0 Z1.0 F3000.0
DISPENSE MM=0.015 SPEED=30.0 RELATIVE=1
WAIT S=0.001
G0 Z0.01 F3000.0 ;position for liquid contact
G0 Z1.0 F5000.0
G0 X115.0 Y105.0 F5000.0
G0 Z1.0 F3000.0
DISPENSE MM=0.015 SPEED=30.0 RELATIVE=1
WAIT S=0.001
G0 Z0.01 F3000.0 ;position for liquid contact
G0 Z1.0 F5000.0
G0 X117.0 Y105.0 F5000.0
G0 Z1.0 F3000.0
DISPENSE MM=0.015 SPEED=30.0 RELATIVE=1
WAIT S=0.001
G0 Z0.01 F3000.0 ;position for liquid contact
G0 Z1.0 F5000.0
G0 X119.0 Y105.0 F5000.0
G0 Z1.0 F3000.0
DISPENSE MM=0.015 SPEED=30.0 RELATIVE=1
WAIT S=0.001
G0 Z0.01 F3000.0 ;position for liquid contact
G0 Z1.0 F5000.0
G0 X121.0 Y105.0 F5000.0
G0 Z1.0 F3000.0
DISPENSE MM=0.015 SPEED=30.0 RELATIVE=1
WAIT S=0.001
G0 Z0.01 F3000.0 ;position for liquid contact
G0 Z1.0 F5000.0
G0 X123.0 Y105.0 F5000.0
G0 Z1.0 F3000.0
DISPENSE MM=0.015 SPEED=30.0 RELATIVE=1
WAIT S=0.001
G0 Z0.01 F3000.0 ;position for liquid contact
G0 Z1.0 F5000.0
G0 X125.0 Y105.0 F5000.0
G0 Z1.0 F3000.0
DISPENSE MM=0.015 SPEED=30.0 RELATIVE=1
WAIT S=0.001
G0 Z0.01 F3000.0 ;position for liquid contact
G0 Z1.0 F5000.0
G0 X127.0 Y105.0 F5000.0
G0 Z1.0 F3000.0
DISPENSE MM=0.015 SPEED=30.0 RELATIVE=1
WAIT S=0.001
G0 Z0.01 F3000.0 ;position for liquid contact
G0 Z1.0 F5000.0
G0 X129.0 Y105.0 F5000.0
G0 Z1.0 F3000.0
DISPENSE MM=0.015 SPEED=30.0 RELATIVE=1
WAIT S=0.001
G0 Z0.01 F3000.0 ;position for liquid contact
G0 Z1.0 F5000.0
G0 X131.0 Y105.0 F5000.0
G0 Z1.0 F3000.0
DISPENSE MM=0.015 SPEED=30.0 RELATIVE=1
WAIT S=0.001
G0 Z0.01 F3000.0 ;position for liquid contact
G0 Z1.0 F5000.0
G0 X133.0 Y105.0 F5000.0
G0 Z1.0 F3000.0
DISPENSE MM=0.015 SPEED=30.0 RELATIVE=1
WAIT S=0.001
G0 Z0.01 F3000.0 ;position for liquid contact
G0 Z1.0 F5000.0
G0 X135.0 Y105.0 F5000.0
G0 Z1.0 F3000.0
DISPENSE MM=0.015 SPEED=30.0 RELATIVE=1
WAIT S=0.001
G0 Z0.01 F3000.0 ;position for liquid contact
G0 Z1.0 F5000.0
G0 X137.0 Y105.0 F5000.0
G0 Z1.0 F3000.0
DISPENSE MM=0.015 SPEED=30.0 RELATIVE=1
WAIT S=0.001
G0 Z0.01 F3000.0 ;position for liquid contact
G0 Z1.0 F5000.0
G0 X139.0 Y105.0 F5000.0
G0 Z1.0 F3000.0
DISPENSE MM=0.015 SPEED=30.0 RELATIVE=1
WAIT S=0.001
G0 Z0.01 F3000.0 ;position for liquid contact
G0 Z1.0 F5000.0
G0 X141.0 Y105.0 F5000.0
G0 Z1.0 F3000.0
DISPENSE MM=0.015 SPEED=30.0 RELATIVE=1
WAIT S=0.001
G0 Z0.01 F3000.0 ;position for liquid contact
G0 Z1.0 F5000.0
G0 X143.0 Y105.0 F5000.0
G0 Z1.0 F3000.0
DISPENSE MM=0.015 SPEED=30.0 RELATIVE=1
WAIT S=0.001
G0 Z0.01 F3000.0 ;position for liquid contact
G0 Z1.0 F5000.0
G0 X145.0 Y105.0 F5000.0
G0 Z1.0 F3000.0
DISPENSE MM=0.015 SPEED=30.0 RELATIVE=1
WAIT S=0.001
G0 Z0.01 F3000.0 ;position for liquid contact
G0 Z1.0 F5000.0
G0 X147.0 Y105.0 F5000.0
G0 Z1.0 F3000.0
DISPENSE MM=0.015 SPEED=30.0 RELATIVE=1
WAIT S=0.001
G0 Z0.01 F3000.0 ;position for liquid contact
G0 Z1.0 F5000.0
G0 X149.0 Y105.0 F5000.0
G0 Z1.0 F3000.0
DISPENSE MM=0.015 SPEED=30.0 RELATIVE=1
WAIT S=0.001
G0 Z0.01 F3000.0 ;position for liquid contact
G0 Z1.0 F5000.0
G0 X151.0 Y105.0 F5000.0
G0 Z1.0 F3000.0
DISPENSE MM=0.015 SPEED=30.0 RELATIVE=1
WAIT S=0.001
G0 Z0.01 F3000.0 ;position for liquid contact
G0 Z1.0 F5000.0
G0 X153.0 Y105.0 F5000.0
G0 Z1.0 F3000.0
DISPENSE MM=0.015 SPEED=30.0 RELATIVE=1
WAIT S=0.001
G0 Z0.01 F3000.0 ;position for liquid contact
G0 Z1.0 F5000.0
G0 X155.0 Y105.0 F5000.0
G0 Z1.0 F3000.0
DISPENSE MM=0.015 SPEED=30.0 RELATIVE=1
WAIT S=0.001
G0 Z0.01 F3000.0 ;position for liquid contact
G0 Z1.0 F5000.0
G0 X157.0 Y105.0 F5000.0
G0 Z1.0 F3000.0
DISPENSE MM=0.015 SPEED=30.0 RELATIVE=1
WAIT S=0.001
G0 Z0.01 F3000.0 ;position for liquid contact
G0 Z1.0 F5000.0
G0 X159.0 Y105.0 F5000.0
G0 Z1.0 F3000.0
DISPENSE MM=0.015 SPEED=30.0 RELATIVE=1
WAIT S=0.001
G0 Z0.01 F3000.0 ;position for liquid contact
G0 Z1.0 F5000.0
G0 X161.0 Y105.0 F5000.0
G0 Z1.0 F3000.0
DISPENSE MM=0.015 SPEED=30.0 RELATIVE=1
WAIT S=0.001
G0 Z0.01 F3000.0 ;position for liquid contact
G0 Z1.0 F5000.0
G0 X163.0 Y105.0 F5000.0
G0 Z1.0 F3000.0
DISPENSE MM=0.015 SPEED=30.0 RELATIVE=1
WAIT S=0.001
G0 Z0.01 F3000.0 ;position for liquid contact
G0 Z1.0 F5000.0
G0 X165.0 Y105.0 F5000.0
G0 Z1.0 F3000.0
DISPENSE MM=0.015 SPEED=30.0 RELATIVE=1
WAIT S=0.001
G0 Z0.01 F3000.0 ;position for liquid contact
G0 Z1.0 F5000.0
G0 X167.0 Y105.0 F5000.0
G0 Z1.0 F3000.0
DISPENSE MM=0.015 SPEED=30.0 RELATIVE=1
WAIT S=0.001
G0 Z0.01 F3000.0 ;position for liquid contact
G0 Z1.0 F5000.0
G0 X109.0 Y107.0 F5000.0
G0 Z1.0 F3000.0
WAIT S=0.2
DISPENSE MM=0.015 SPEED=30.0 RELATIVE=1
WAIT S=0.001
G0 Z0.01 F3000.0 ;position for liquid contact
G0 Z1.0 F5000.0
G0 X111.0 Y107.0 F5000.0
G0 Z1.0 F3000.0
DISPENSE MM=0.015 SPEED=30.0 RELATIVE=1
WAIT S=0.001
G0 Z0.01 F3000.0 ;position for liquid contact
G0 Z1.0 F5000.0
G0 X113.0 Y107.0 F5000.0
G0 Z1.0 F3000.0
DISPENSE MM=0.015 SPEED=30.0 RELATIVE=1
WAIT S=0.001
G0 Z0.01 F3000.0 ;position for liquid contact
G0 Z1.0 F5000.0
G0 X115.0 Y107.0 F5000.0
G0 Z1.0 F3000.0
DISPENSE MM=0.015 SPEED=30.0 RELATIVE=1
WAIT S=0.001
G0 Z0.01 F3000.0 ;position for liquid contact
G0 Z1.0 F5000.0
G0 X117.0 Y107.0 F5000.0
G0 Z1.0 F3000.0
DISPENSE MM=0.015 SPEED=30.0 RELATIVE=1
WAIT S=0.001
G0 Z0.01 F3000.0 ;position for liquid contact
G0 Z1.0 F5000.0
G0 X119.0 Y107.0 F5000.0
G0 Z1.0 F3000.0
DISPENSE MM=0.015 SPEED=30.0 RELATIVE=1
WAIT S=0.001
G0 Z0.01 F3000.0 ;position for liquid contact
G0 Z1.0 F5000.0
G0 X121.0 Y107.0 F5000.0
G0 Z1.0 F3000.0
DISPENSE MM=0.015 SPEED=30.0 RELATIVE=1
WAIT S=0.001
G0 Z0.01 F3000.0 ;position for liquid contact
G0 Z1.0 F5000.0
G0 X123.0 Y107.0 F5000.0
G0 Z1.0 F3000.0
DISPENSE MM=0.015 SPEED=30.0 RELATIVE=1
WAIT S=0.001
G0 Z0.01 F3000.0 ;position for liquid contact
G0 Z1.0 F5000.0
G0 X125.0 Y107.0 F5000.0
G0 Z1.0 F3000.0
DISPENSE MM=0.015 SPEED=30.0 RELATIVE=1
WAIT S=0.001
G0 Z0.01 F3000.0 ;position for liquid contact
G0 Z1.0 F5000.0
G0 X127.0 Y107.0 F5000.0
G0 Z1.0 F3000.0
DISPENSE MM=0.015 SPEED=30.0 RELATIVE=1
WAIT S=0.001
G0 Z0.01 F3000.0 ;position for liquid contact
G0 Z1.0 F5000.0
G0 X129.0 Y107.0 F5000.0
G0 Z1.0 F3000.0
DISPENSE MM=0.015 SPEED=30.0 RELATIVE=1
WAIT S=0.001
G0 Z0.01 F3000.0 ;position for liquid contact
G0 Z1.0 F5000.0
G0 X131.0 Y107.0 F5000.0
G0 Z1.0 F3000.0
DISPENSE MM=0.015 SPEED=30.0 RELATIVE=1
WAIT S=0.001
G0 Z0.01 F3000.0 ;position for liquid contact
G0 Z1.0 F5000.0
G0 X133.0 Y107.0 F5000.0
G0 Z1.0 F3000.0
DISPENSE MM=0.015 SPEED=30.0 RELATIVE=1
WAIT S=0.001
G0 Z0.01 F3000.0 ;position for liquid contact
G0 Z1.0 F5000.0
G0 X135.0 Y107.0 F5000.0
G0 Z1.0 F3000.0
DISPENSE MM=0.015 SPEED=30.0 RELATIVE=1
WAIT S=0.001
G0 Z0.01 F3000.0 ;position for liquid contact
G0 Z1.0 F5000.0
G0 X137.0 Y107.0 F5000.0
G0 Z1.0 F3000.0
DISPENSE MM=0.015 SPEED=30.0 RELATIVE=1
WAIT S=0.001
G0 Z0.01 F3000.0 ;position for liquid contact
G0 Z1.0 F5000.0
G0 X139.0 Y107.0 F5000.0
G0 Z1.0 F3000.0
DISPENSE MM=0.015 SPEED=30.0 RELATIVE=1
WAIT S=0.001
G0 Z0.01 F3000.0 ;position for liquid contact
G0 Z1.0 F5000.0

; Washing sequence
G0 Z40.0 F5000
G0 X221.0 Y116.0 F5000
G0 Z-5.0 F500
G0 X222.0 F2000.0
G0 X221.0 F2000.0
G0 X222.0 F2000.0
G0 X221.0 F2000.0
G0 X222.0 F2000.0
G0 X221.0 F2000.0
G0 X222.0 F2000.0
G0 X221.0 F2000.0
G0 X222.0 F2000.0
G0 X221.0 F2000.0
G0 X222.0 F2000.0
G0 X221.0 F2000.0
G0 X222.0 F2000.0
G0 X221.0 F2000.0
G0 X222.0 F2000.0
G0 X221.0 F2000.0
G0 X222.0 F2000.0
G0 X221.0 F2000.0
G0 X222.0 F2000.0
G0 X221.0 F2000.0
G0 X222.0 F2000.0
G0 X221.0 F2000.0
G0 X222.0 F2000.0
G0 X221.0 F2000.0
G0 X222.0 F2000.0
G0 X221.0 F2000.0
G0 X222.0 F2000.0
G0 X221.0 F2000.0
G0 X222.0 F2000.0
G0 X221.0 F2000.0
G0 X222.0 F2000.0
G0 X221.0 F2000.0
G0 X222.0 F2000.0
G0 X221.0 F2000.0
G0 X222.0 F2000.0
G0 X221.0 F2000.0
G0 X222.0 F2000.0
G0 X221.0 F2000.0
G0 X222.0 F2000.0
G0 X221.0 F2000.0
G0 X222.0 F2000.0
G0 X221.0 F2000.0
G0 X222.0 F2000.0
G0 X221.0 F2000.0
G0 X222.0 F2000.0
G0 X221.0 F2000.0
G0 X222.0 F2000.0
G0 X221.0 F2000.0
G0 X222.0 F2000.0
G0 X221.0 F2000.0
G0 X222.0 F2000.0
G0 X221.0 F2000.0
G0 X222.0 F2000.0
G0 X221.0 F2000.0
G0 X222.0 F2000.0
G0 X221.0 F2000.0
G0 X222.0 F2000.0
G0 X221.0 F2000.0
G0 X222.0 F2000.0
G0 X221.0 F2000.0
G0 X222.0 F2000.0
G0 X221.0 F2000.0
G0 X222.0 F2000.0
G0 X221.0 F2000.0
G0 X222.0 F2000.0
G0 X221.0 F2000.0
G0 X222.0 F2000.0
G0 X221.0 F2000.0
G0 X222.0 F2000.0
G0 X221.0 F2000.0
G0 X222.0 F2000.0
G0 X221.0 F2000.0
G0 X222.0 F2000.0
G0 X221.0 F2000.0
G0 X222.0 F2000.0
G0 X221.0 F2000.0
G0 X222.0 F2000.0
G0 X221.0 F2000.0
G0 X222.0 F2000.0
G0 X221.0 F2000.0
G0 X222.0 F2000.0
G0 X221.0 F2000.0
G0 X222.0 F2000.0
G0 X221.0 F2000.0
G0 X222.0 F2000.0
G0 X221.0 F2000.0
G0 X222.0 F2000.0
G0 X221.0 F2000.0
G0 X222.0 F2000.0
G0 X221.0 F2000.0
G0 X222.0 F2000.0
G0 X221.0 F2000.0
G0 X222.0 F2000.0
G0 X221.0 F2000.0
G0 X222.0 F2000.0
G0 X221.0 F2000.0
G0 X222.0 F2000.0
G0 X221.0 F2000.0
G0 X222.0 F2000.0
G0 X221.0 F2000.0
G0 Z40.0 F5000


; Create cleaning sequence
G0 X109.0 Y52.0 F5000
WAIT S=0.2
DISPENSE MM=0.125 SPEED=500 RELATIVE=1
G0 Z0.01 F500 ;position for liquid contact
G0 Z1.0 F5000
G0 X112.0 Y52.0 F5000
DISPENSE MM=0.125 SPEED=500 RELATIVE=1
G0 Z0.01 F500 ;position for liquid contact
G0 Z1.0 F5000
G0 X115.0 Y52.0 F5000
DISPENSE MM=0.125 SPEED=500 RELATIVE=1
G0 Z0.01 F500 ;position for liquid contact
G0 Z1.0 F5000
G0 X118.0 Y52.0 F5000
DISPENSE MM=0.125 SPEED=500 RELATIVE=1
G0 Z0.01 F500 ;position for liquid contact
G0 Z1.0 F5000
G0 X121.0 Y52.0 F5000
DISPENSE MM=0.125 SPEED=500 RELATIVE=1
G0 Z0.01 F500 ;position for liquid contact
G0 Z1.0 F5000
G0 X124.0 Y52.0 F5000
DISPENSE MM=0.125 SPEED=500 RELATIVE=1
G0 Z0.01 F500 ;position for liquid contact
G0 Z1.0 F5000
G0 X127.0 Y52.0 F5000
DISPENSE MM=0.125 SPEED=500 RELATIVE=1
G0 Z0.01 F500 ;position for liquid contact
G0 Z1.0 F5000
G0 X130.0 Y52.0 F5000
DISPENSE MM=0.125 SPEED=500 RELATIVE=1
G0 Z0.01 F500 ;position for liquid contact
G0 Z1.0 F5000
G0 X133.0 Y52.0 F5000
DISPENSE MM=0.125 SPEED=500 RELATIVE=1
G0 Z0.01 F500 ;position for liquid contact
G0 Z1.0 F5000
G0 X136.0 Y52.0 F5000
DISPENSE MM=0.125 SPEED=500 RELATIVE=1
G0 Z0.01 F500 ;position for liquid contact
G0 Z1.0 F5000
G0 X109.0 Y54.0 F5000
WAIT S=0.2
DISPENSE MM=0.125 SPEED=500 RELATIVE=1
G0 Z0.01 F500 ;position for liquid contact
G0 Z1.0 F5000
G0 X112.0 Y54.0 F5000
DISPENSE MM=0.125 SPEED=500 RELATIVE=1
G0 Z0.01 F500 ;position for liquid contact
G0 Z1.0 F5000
G0 X115.0 Y54.0 F5000
DISPENSE MM=0.125 SPEED=500 RELATIVE=1
G0 Z0.01 F500 ;position for liquid contact
G0 Z1.0 F5000
G0 X118.0 Y54.0 F5000
DISPENSE MM=0.125 SPEED=500 RELATIVE=1
G0 Z0.01 F500 ;position for liquid contact
G0 Z1.0 F5000
G0 X121.0 Y54.0 F5000
DISPENSE MM=0.125 SPEED=500 RELATIVE=1
G0 Z0.01 F500 ;position for liquid contact
G0 Z1.0 F5000
G0 X124.0 Y54.0 F5000
DISPENSE MM=0.125 SPEED=500 RELATIVE=1
G0 Z0.01 F500 ;position for liquid contact
G0 Z1.0 F5000
G0 X127.0 Y54.0 F5000
DISPENSE MM=0.125 SPEED=500 RELATIVE=1
G0 Z0.01 F500 ;position for liquid contact
G0 Z1.0 F5000
G0 X130.0 Y54.0 F5000
DISPENSE MM=0.125 SPEED=500 RELATIVE=1
G0 Z0.01 F500 ;position for liquid contact
G0 Z1.0 F5000
G0 X133.0 Y54.0 F5000
DISPENSE MM=0.125 SPEED=500 RELATIVE=1
G0 Z0.01 F500 ;position for liquid contact
G0 Z1.0 F5000
G0 X136.0 Y54.0 F5000
DISPENSE MM=0.125 SPEED=500 RELATIVE=1
G0 Z0.01 F500 ;position for liquid contact
G0 Z1.0 F5000
G0 Z40.0 F5000
G0 X141.0 Y107.0 F5000.0
G0 Z1.0 F3000.0
DISPENSE MM=0.015 SPEED=30.0 RELATIVE=1
WAIT S=0.001
G0 Z0.01 F3000.0 ;position for liquid contact
G0 Z1.0 F5000.0
G0 X143.0 Y107.0 F5000.0
G0 Z1.0 F3000.0
DISPENSE MM=0.015 SPEED=30.0 RELATIVE=1
WAIT S=0.001
G0 Z0.01 F3000.0 ;position for liquid contact
G0 Z1.0 F5000.0
G0 X145.0 Y107.0 F5000.0
G0 Z1.0 F3000.0
DISPENSE MM=0.015 SPEED=30.0 RELATIVE=1
WAIT S=0.001
G0 Z0.01 F3000.0 ;position for liquid contact
G0 Z1.0 F5000.0
G0 X147.0 Y107.0 F5000.0
G0 Z1.0 F3000.0
DISPENSE MM=0.015 SPEED=30.0 RELATIVE=1
WAIT S=0.001
G0 Z0.01 F3000.0 ;position for liquid contact
G0 Z1.0 F5000.0
G0 X149.0 Y107.0 F5000.0
G0 Z1.0 F3000.0
DISPENSE MM=0.015 SPEED=30.0 RELATIVE=1
WAIT S=0.001
G0 Z0.01 F3000.0 ;position for liquid contact
G0 Z1.0 F5000.0
G0 X151.0 Y107.0 F5000.0
G0 Z1.0 F3000.0
DISPENSE MM=0.015 SPEED=30.0 RELATIVE=1
WAIT S=0.001
G0 Z0.01 F3000.0 ;position for liquid contact
G0 Z1.0 F5000.0
G0 X153.0 Y107.0 F5000.0
G0 Z1.0 F3000.0
DISPENSE MM=0.015 SPEED=30.0 RELATIVE=1
WAIT S=0.001
G0 Z0.01 F3000.0 ;position for liquid contact
G0 Z1.0 F5000.0
G0 X155.0 Y107.0 F5000.0
G0 Z1.0 F3000.0
DISPENSE MM=0.015 SPEED=30.0 RELATIVE=1
WAIT S=0.001
G0 Z0.01 F3000.0 ;position for liquid contact
G0 Z1.0 F5000.0
G0 X157.0 Y107.0 F5000.0
G0 Z1.0 F3000.0
DISPENSE MM=0.015 SPEED=30.0 RELATIVE=1
WAIT S=0.001
G0 Z0.01 F3000.0 ;position for liquid contact
G0 Z1.0 F5000.0
G0 X159.0 Y107.0 F5000.0
G0 Z1.0 F3000.0
DISPENSE MM=0.015 SPEED=30.0 RELATIVE=1
WAIT S=0.001
G0 Z0.01 F3000.0 ;position for liquid contact
G0 Z1.0 F5000.0
G0 X161.0 Y107.0 F5000.0
G0 Z1.0 F3000.0
DISPENSE MM=0.015 SPEED=30.0 RELATIVE=1
WAIT S=0.001
G0 Z0.01 F3000.0 ;position for liquid contact
G0 Z1.0 F5000.0
G0 X163.0 Y107.0 F5000.0
G0 Z1.0 F3000.0
DISPENSE MM=0.015 SPEED=30.0 RELATIVE=1
WAIT S=0.001
G0 Z0.01 F3000.0 ;position for liquid contact
G0 Z1.0 F5000.0
G0 X165.0 Y107.0 F5000.0
G0 Z1.0 F3000.0
DISPENSE MM=0.015 SPEED=30.0 RELATIVE=1
WAIT S=0.001
G0 Z0.01 F3000.0 ;position for liquid contact
G0 Z1.0 F5000.0
G0 X167.0 Y107.0 F5000.0
G0 Z1.0 F3000.0
DISPENSE MM=0.015 SPEED=30.0 RELATIVE=1
WAIT S=0.001
G0 Z0.01 F3000.0 ;position for liquid contact
G0 Z1.0 F5000.0
G0 X109.0 Y109.0 F5000.0
G0 Z1.0 F3000.0
WAIT S=0.2
DISPENSE MM=0.015 SPEED=30.0 RELATIVE=1
WAIT S=0.001
G0 Z0.01 F3000.0 ;position for liquid contact
G0 Z1.0 F5000.0
G0 X111.0 Y109.0 F5000.0
G0 Z1.0 F3000.0
DISPENSE MM=0.015 SPEED=30.0 RELATIVE=1
WAIT S=0.001
G0 Z0.01 F3000.0 ;position for liquid contact
G0 Z1.0 F5000.0
G0 X113.0 Y109.0 F5000.0
G0 Z1.0 F3000.0
DISPENSE MM=0.015 SPEED=30.0 RELATIVE=1
WAIT S=0.001
G0 Z0.01 F3000.0 ;position for liquid contact
G0 Z1.0 F5000.0
G0 X115.0 Y109.0 F5000.0
G0 Z1.0 F3000.0
DISPENSE MM=0.015 SPEED=30.0 RELATIVE=1
WAIT S=0.001
G0 Z0.01 F3000.0 ;position for liquid contact
G0 Z1.0 F5000.0
G0 X117.0 Y109.0 F5000.0
G0 Z1.0 F3000.0
DISPENSE MM=0.015 SPEED=30.0 RELATIVE=1
WAIT S=0.001
G0 Z0.01 F3000.0 ;position for liquid contact
G0 Z1.0 F5000.0
G0 X119.0 Y109.0 F5000.0
G0 Z1.0 F3000.0
DISPENSE MM=0.015 SPEED=30.0 RELATIVE=1
WAIT S=0.001
G0 Z0.01 F3000.0 ;position for liquid contact
G0 Z1.0 F5000.0
G0 X121.0 Y109.0 F5000.0
G0 Z1.0 F3000.0
DISPENSE MM=0.015 SPEED=30.0 RELATIVE=1
WAIT S=0.001
G0 Z0.01 F3000.0 ;position for liquid contact
G0 Z1.0 F5000.0
G0 X123.0 Y109.0 F5000.0
G0 Z1.0 F3000.0
DISPENSE MM=0.015 SPEED=30.0 RELATIVE=1
WAIT S=0.001
G0 Z0.01 F3000.0 ;position for liquid contact
G0 Z1.0 F5000.0
G0 X125.0 Y109.0 F5000.0
G0 Z1.0 F3000.0
DISPENSE MM=0.015 SPEED=30.0 RELATIVE=1
WAIT S=0.001
G0 Z0.01 F3000.0 ;position for liquid contact
G0 Z1.0 F5000.0
G0 X127.0 Y109.0 F5000.0
G0 Z1.0 F3000.0
DISPENSE MM=0.015 SPEED=30.0 RELATIVE=1
WAIT S=0.001
G0 Z0.01 F3000.0 ;position for liquid contact
G0 Z1.0 F5000.0
G0 X129.0 Y109.0 F5000.0
G0 Z1.0 F3000.0
DISPENSE MM=0.015 SPEED=30.0 RELATIVE=1
WAIT S=0.001
G0 Z0.01 F3000.0 ;position for liquid contact
G0 Z1.0 F5000.0
G0 X131.0 Y109.0 F5000.0
G0 Z1.0 F3000.0
DISPENSE MM=0.015 SPEED=30.0 RELATIVE=1
WAIT S=0.001
G0 Z0.01 F3000.0 ;position for liquid contact
G0 Z1.0 F5000.0
G0 X133.0 Y109.0 F5000.0
G0 Z1.0 F3000.0
DISPENSE MM=0.015 SPEED=30.0 RELATIVE=1
WAIT S=0.001
G0 Z0.01 F3000.0 ;position for liquid contact
G0 Z1.0 F5000.0
G0 X135.0 Y109.0 F5000.0
G0 Z1.0 F3000.0
DISPENSE MM=0.015 SPEED=30.0 RELATIVE=1
WAIT S=0.001
G0 Z0.01 F3000.0 ;position for liquid contact
G0 Z1.0 F5000.0
G0 X137.0 Y109.0 F5000.0
G0 Z1.0 F3000.0
DISPENSE MM=0.015 SPEED=30.0 RELATIVE=1
WAIT S=0.001
G0 Z0.01 F3000.0 ;position for liquid contact
G0 Z1.0 F5000.0
G0 X139.0 Y109.0 F5000.0
G0 Z1.0 F3000.0
DISPENSE MM=0.015 SPEED=30.0 RELATIVE=1
WAIT S=0.001
G0 Z0.01 F3000.0 ;position for liquid contact
G0 Z1.0 F5000.0
G0 X141.0 Y109.0 F5000.0
G0 Z1.0 F3000.0
DISPENSE MM=0.015 SPEED=30.0 RELATIVE=1
WAIT S=0.001
G0 Z0.01 F3000.0 ;position for liquid contact
G0 Z1.0 F5000.0
G0 X143.0 Y109.0 F5000.0
G0 Z1.0 F3000.0
DISPENSE MM=0.015 SPEED=30.0 RELATIVE=1
WAIT S=0.001
G0 Z0.01 F3000.0 ;position for liquid contact
G0 Z1.0 F5000.0
G0 X145.0 Y109.0 F5000.0
G0 Z1.0 F3000.0
DISPENSE MM=0.015 SPEED=30.0 RELATIVE=1
WAIT S=0.001
G0 Z0.01 F3000.0 ;position for liquid contact
G0 Z1.0 F5000.0
G0 X147.0 Y109.0 F5000.0
G0 Z1.0 F3000.0
DISPENSE MM=0.015 SPEED=30.0 RELATIVE=1
WAIT S=0.001
G0 Z0.01 F3000.0 ;position for liquid contact
G0 Z1.0 F5000.0
G0 X149.0 Y109.0 F5000.0
G0 Z1.0 F3000.0
DISPENSE MM=0.015 SPEED=30.0 RELATIVE=1
WAIT S=0.001
G0 Z0.01 F3000.0 ;position for liquid contact
G0 Z1.0 F5000.0
G0 X151.0 Y109.0 F5000.0
G0 Z1.0 F3000.0
DISPENSE MM=0.015 SPEED=30.0 RELATIVE=1
WAIT S=0.001
G0 Z0.01 F3000.0 ;position for liquid contact
G0 Z1.0 F5000.0
G0 X153.0 Y109.0 F5000.0
G0 Z1.0 F3000.0
DISPENSE MM=0.015 SPEED=30.0 RELATIVE=1
WAIT S=0.001
G0 Z0.01 F3000.0 ;position for liquid contact
G0 Z1.0 F5000.0
G0 X155.0 Y109.0 F5000.0
G0 Z1.0 F3000.0
DISPENSE MM=0.015 SPEED=30.0 RELATIVE=1
WAIT S=0.001
G0 Z0.01 F3000.0 ;position for liquid contact
G0 Z1.0 F5000.0
G0 X157.0 Y109.0 F5000.0
G0 Z1.0 F3000.0
DISPENSE MM=0.015 SPEED=30.0 RELATIVE=1
WAIT S=0.001
G0 Z0.01 F3000.0 ;position for liquid contact
G0 Z1.0 F5000.0
G0 X159.0 Y109.0 F5000.0
G0 Z1.0 F3000.0
DISPENSE MM=0.015 SPEED=30.0 RELATIVE=1
WAIT S=0.001
G0 Z0.01 F3000.0 ;position for liquid contact
G0 Z1.0 F5000.0
G0 X161.0 Y109.0 F5000.0
G0 Z1.0 F3000.0
DISPENSE MM=0.015 SPEED=30.0 RELATIVE=1
WAIT S=0.001
G0 Z0.01 F3000.0 ;position for liquid contact
G0 Z1.0 F5000.0
G0 X163.0 Y109.0 F5000.0
G0 Z1.0 F3000.0
DISPENSE MM=0.015 SPEED=30.0 RELATIVE=1
WAIT S=0.001
G0 Z0.01 F3000.0 ;position for liquid contact
G0 Z1.0 F5000.0
G0 X165.0 Y109.0 F5000.0
G0 Z1.0 F3000.0
DISPENSE MM=0.015 SPEED=30.0 RELATIVE=1
WAIT S=0.001
G0 Z0.01 F3000.0 ;position for liquid contact
G0 Z1.0 F5000.0
G0 X167.0 Y109.0 F5000.0
G0 Z1.0 F3000.0
DISPENSE MM=0.015 SPEED=30.0 RELATIVE=1
WAIT S=0.001
G0 Z0.01 F3000.0 ;position for liquid contact
G0 Z1.0 F5000.0
G0 X109.0 Y111.0 F5000.0
G0 Z1.0 F3000.0
WAIT S=0.2
DISPENSE MM=0.015 SPEED=30.0 RELATIVE=1
WAIT S=0.001
G0 Z0.01 F3000.0 ;position for liquid contact
G0 Z1.0 F5000.0
G0 X111.0 Y111.0 F5000.0
G0 Z1.0 F3000.0
DISPENSE MM=0.015 SPEED=30.0 RELATIVE=1
WAIT S=0.001
G0 Z0.01 F3000.0 ;position for liquid contact
G0 Z1.0 F5000.0
G0 X113.0 Y111.0 F5000.0
G0 Z1.0 F3000.0
DISPENSE MM=0.015 SPEED=30.0 RELATIVE=1
WAIT S=0.001
G0 Z0.01 F3000.0 ;position for liquid contact
G0 Z1.0 F5000.0
G0 X115.0 Y111.0 F5000.0
G0 Z1.0 F3000.0
DISPENSE MM=0.015 SPEED=30.0 RELATIVE=1
WAIT S=0.001
G0 Z0.01 F3000.0 ;position for liquid contact
G0 Z1.0 F5000.0
G0 X117.0 Y111.0 F5000.0
G0 Z1.0 F3000.0
DISPENSE MM=0.015 SPEED=30.0 RELATIVE=1
WAIT S=0.001
G0 Z0.01 F3000.0 ;position for liquid contact
G0 Z1.0 F5000.0
G0 X119.0 Y111.0 F5000.0
G0 Z1.0 F3000.0
DISPENSE MM=0.015 SPEED=30.0 RELATIVE=1
WAIT S=0.001
G0 Z0.01 F3000.0 ;position for liquid contact
G0 Z1.0 F5000.0
G0 X121.0 Y111.0 F5000.0
G0 Z1.0 F3000.0
DISPENSE MM=0.015 SPEED=30.0 RELATIVE=1
WAIT S=0.001
G0 Z0.01 F3000.0 ;position for liquid contact
G0 Z1.0 F5000.0
G0 X123.0 Y111.0 F5000.0
G0 Z1.0 F3000.0
DISPENSE MM=0.015 SPEED=30.0 RELATIVE=1
WAIT S=0.001
G0 Z0.01 F3000.0 ;position for liquid contact
G0 Z1.0 F5000.0
G0 X125.0 Y111.0 F5000.0
G0 Z1.0 F3000.0
DISPENSE MM=0.015 SPEED=30.0 RELATIVE=1
WAIT S=0.001
G0 Z0.01 F3000.0 ;position for liquid contact
G0 Z1.0 F5000.0
G0 X127.0 Y111.0 F5000.0
G0 Z1.0 F3000.0
DISPENSE MM=0.015 SPEED=30.0 RELATIVE=1
WAIT S=0.001
G0 Z0.01 F3000.0 ;position for liquid contact
G0 Z1.0 F5000.0
G0 X129.0 Y111.0 F5000.0
G0 Z1.0 F3000.0
DISPENSE MM=0.015 SPEED=30.0 RELATIVE=1
WAIT S=0.001
G0 Z0.01 F3000.0 ;position for liquid contact
G0 Z1.0 F5000.0
G0 X131.0 Y111.0 F5000.0
G0 Z1.0 F3000.0
DISPENSE MM=0.015 SPEED=30.0 RELATIVE=1
WAIT S=0.001
G0 Z0.01 F3000.0 ;position for liquid contact
G0 Z1.0 F5000.0
G0 X133.0 Y111.0 F5000.0
G0 Z1.0 F3000.0
DISPENSE MM=0.015 SPEED=30.0 RELATIVE=1
WAIT S=0.001
G0 Z0.01 F3000.0 ;position for liquid contact
G0 Z1.0 F5000.0
G0 X135.0 Y111.0 F5000.0
G0 Z1.0 F3000.0
DISPENSE MM=0.015 SPEED=30.0 RELATIVE=1
WAIT S=0.001
G0 Z0.01 F3000.0 ;position for liquid contact
G0 Z1.0 F5000.0
G0 X137.0 Y111.0 F5000.0
G0 Z1.0 F3000.0
DISPENSE MM=0.015 SPEED=30.0 RELATIVE=1
WAIT S=0.001
G0 Z0.01 F3000.0 ;position for liquid contact
G0 Z1.0 F5000.0
G0 X139.0 Y111.0 F5000.0
G0 Z1.0 F3000.0
DISPENSE MM=0.015 SPEED=30.0 RELATIVE=1
WAIT S=0.001
G0 Z0.01 F3000.0 ;position for liquid contact
G0 Z1.0 F5000.0
G0 X141.0 Y111.0 F5000.0
G0 Z1.0 F3000.0
DISPENSE MM=0.015 SPEED=30.0 RELATIVE=1
WAIT S=0.001
G0 Z0.01 F3000.0 ;position for liquid contact
G0 Z1.0 F5000.0
G0 X143.0 Y111.0 F5000.0
G0 Z1.0 F3000.0
DISPENSE MM=0.015 SPEED=30.0 RELATIVE=1
WAIT S=0.001
G0 Z0.01 F3000.0 ;position for liquid contact
G0 Z1.0 F5000.0
G0 X145.0 Y111.0 F5000.0
G0 Z1.0 F3000.0
DISPENSE MM=0.015 SPEED=30.0 RELATIVE=1
WAIT S=0.001
G0 Z0.01 F3000.0 ;position for liquid contact
G0 Z1.0 F5000.0
G0 X147.0 Y111.0 F5000.0
G0 Z1.0 F3000.0
DISPENSE MM=0.015 SPEED=30.0 RELATIVE=1
WAIT S=0.001
G0 Z0.01 F3000.0 ;position for liquid contact
G0 Z1.0 F5000.0
G0 X149.0 Y111.0 F5000.0
G0 Z1.0 F3000.0
DISPENSE MM=0.015 SPEED=30.0 RELATIVE=1
WAIT S=0.001
G0 Z0.01 F3000.0 ;position for liquid contact
G0 Z1.0 F5000.0
G0 X151.0 Y111.0 F5000.0
G0 Z1.0 F3000.0
DISPENSE MM=0.015 SPEED=30.0 RELATIVE=1
WAIT S=0.001
G0 Z0.01 F3000.0 ;position for liquid contact
G0 Z1.0 F5000.0
G0 X153.0 Y111.0 F5000.0
G0 Z1.0 F3000.0
DISPENSE MM=0.015 SPEED=30.0 RELATIVE=1
WAIT S=0.001
G0 Z0.01 F3000.0 ;position for liquid contact
G0 Z1.0 F5000.0
G0 X155.0 Y111.0 F5000.0
G0 Z1.0 F3000.0
DISPENSE MM=0.015 SPEED=30.0 RELATIVE=1
WAIT S=0.001
G0 Z0.01 F3000.0 ;position for liquid contact
G0 Z1.0 F5000.0
G0 X157.0 Y111.0 F5000.0
G0 Z1.0 F3000.0
DISPENSE MM=0.015 SPEED=30.0 RELATIVE=1
WAIT S=0.001
G0 Z0.01 F3000.0 ;position for liquid contact
G0 Z1.0 F5000.0
G0 X159.0 Y111.0 F5000.0
G0 Z1.0 F3000.0
DISPENSE MM=0.015 SPEED=30.0 RELATIVE=1
WAIT S=0.001
G0 Z0.01 F3000.0 ;position for liquid contact
G0 Z1.0 F5000.0
G0 X161.0 Y111.0 F5000.0
G0 Z1.0 F3000.0
DISPENSE MM=0.015 SPEED=30.0 RELATIVE=1
WAIT S=0.001
G0 Z0.01 F3000.0 ;position for liquid contact
G0 Z1.0 F5000.0
G0 X163.0 Y111.0 F5000.0
G0 Z1.0 F3000.0
DISPENSE MM=0.015 SPEED=30.0 RELATIVE=1
WAIT S=0.001
G0 Z0.01 F3000.0 ;position for liquid contact
G0 Z1.0 F5000.0
G0 X165.0 Y111.0 F5000.0
G0 Z1.0 F3000.0
DISPENSE MM=0.015 SPEED=30.0 RELATIVE=1
WAIT S=0.001
G0 Z0.01 F3000.0 ;position for liquid contact
G0 Z1.0 F5000.0
G0 X167.0 Y111.0 F5000.0
G0 Z1.0 F3000.0
DISPENSE MM=0.015 SPEED=30.0 RELATIVE=1
WAIT S=0.001
G0 Z0.01 F3000.0 ;position for liquid contact
G0 Z1.0 F5000.0
G0 X109.0 Y113.0 F5000.0
G0 Z1.0 F3000.0
WAIT S=0.2
DISPENSE MM=0.015 SPEED=30.0 RELATIVE=1
WAIT S=0.001
G0 Z0.01 F3000.0 ;position for liquid contact
G0 Z1.0 F5000.0
G0 X111.0 Y113.0 F5000.0
G0 Z1.0 F3000.0
DISPENSE MM=0.015 SPEED=30.0 RELATIVE=1
WAIT S=0.001
G0 Z0.01 F3000.0 ;position for liquid contact
G0 Z1.0 F5000.0
G0 X113.0 Y113.0 F5000.0
G0 Z1.0 F3000.0
DISPENSE MM=0.015 SPEED=30.0 RELATIVE=1
WAIT S=0.001
G0 Z0.01 F3000.0 ;position for liquid contact
G0 Z1.0 F5000.0
G0 X115.0 Y113.0 F5000.0
G0 Z1.0 F3000.0
DISPENSE MM=0.015 SPEED=30.0 RELATIVE=1
WAIT S=0.001
G0 Z0.01 F3000.0 ;position for liquid contact
G0 Z1.0 F5000.0
G0 X117.0 Y113.0 F5000.0
G0 Z1.0 F3000.0
DISPENSE MM=0.015 SPEED=30.0 RELATIVE=1
WAIT S=0.001
G0 Z0.01 F3000.0 ;position for liquid contact
G0 Z1.0 F5000.0
G0 X119.0 Y113.0 F5000.0
G0 Z1.0 F3000.0
DISPENSE MM=0.015 SPEED=30.0 RELATIVE=1
WAIT S=0.001
G0 Z0.01 F3000.0 ;position for liquid contact
G0 Z1.0 F5000.0
G0 X121.0 Y113.0 F5000.0
G0 Z1.0 F3000.0
DISPENSE MM=0.015 SPEED=30.0 RELATIVE=1
WAIT S=0.001
G0 Z0.01 F3000.0 ;position for liquid contact
G0 Z1.0 F5000.0
G0 X123.0 Y113.0 F5000.0
G0 Z1.0 F3000.0
DISPENSE MM=0.015 SPEED=30.0 RELATIVE=1
WAIT S=0.001
G0 Z0.01 F3000.0 ;position for liquid contact
G0 Z1.0 F5000.0
G0 X125.0 Y113.0 F5000.0
G0 Z1.0 F3000.0
DISPENSE MM=0.015 SPEED=30.0 RELATIVE=1
WAIT S=0.001
G0 Z0.01 F3000.0 ;position for liquid contact
G0 Z1.0 F5000.0
G0 X127.0 Y113.0 F5000.0
G0 Z1.0 F3000.0
DISPENSE MM=0.015 SPEED=30.0 RELATIVE=1
WAIT S=0.001
G0 Z0.01 F3000.0 ;position for liquid contact
G0 Z1.0 F5000.0
G0 X129.0 Y113.0 F5000.0
G0 Z1.0 F3000.0
DISPENSE MM=0.015 SPEED=30.0 RELATIVE=1
WAIT S=0.001
G0 Z0.01 F3000.0 ;position for liquid contact
G0 Z1.0 F5000.0
G0 X131.0 Y113.0 F5000.0
G0 Z1.0 F3000.0
DISPENSE MM=0.015 SPEED=30.0 RELATIVE=1
WAIT S=0.001
G0 Z0.01 F3000.0 ;position for liquid contact
G0 Z1.0 F5000.0
G0 X133.0 Y113.0 F5000.0
G0 Z1.0 F3000.0
DISPENSE MM=0.015 SPEED=30.0 RELATIVE=1
WAIT S=0.001
G0 Z0.01 F3000.0 ;position for liquid contact
G0 Z1.0 F5000.0
G0 X135.0 Y113.0 F5000.0
G0 Z1.0 F3000.0
DISPENSE MM=0.015 SPEED=30.0 RELATIVE=1
WAIT S=0.001
G0 Z0.01 F3000.0 ;position for liquid contact
G0 Z1.0 F5000.0
G0 X137.0 Y113.0 F5000.0
G0 Z1.0 F3000.0
DISPENSE MM=0.015 SPEED=30.0 RELATIVE=1
WAIT S=0.001
G0 Z0.01 F3000.0 ;position for liquid contact
G0 Z1.0 F5000.0
G0 X139.0 Y113.0 F5000.0
G0 Z1.0 F3000.0
DISPENSE MM=0.015 SPEED=30.0 RELATIVE=1
WAIT S=0.001
G0 Z0.01 F3000.0 ;position for liquid contact
G0 Z1.0 F5000.0
G0 X141.0 Y113.0 F5000.0
G0 Z1.0 F3000.0
DISPENSE MM=0.015 SPEED=30.0 RELATIVE=1
WAIT S=0.001
G0 Z0.01 F3000.0 ;position for liquid contact
G0 Z1.0 F5000.0
G0 X143.0 Y113.0 F5000.0
G0 Z1.0 F3000.0
DISPENSE MM=0.015 SPEED=30.0 RELATIVE=1
WAIT S=0.001
G0 Z0.01 F3000.0 ;position for liquid contact
G0 Z1.0 F5000.0
G0 X145.0 Y113.0 F5000.0
G0 Z1.0 F3000.0
DISPENSE MM=0.015 SPEED=30.0 RELATIVE=1
WAIT S=0.001
G0 Z0.01 F3000.0 ;position for liquid contact
G0 Z1.0 F5000.0
G0 X147.0 Y113.0 F5000.0
G0 Z1.0 F3000.0
DISPENSE MM=0.015 SPEED=30.0 RELATIVE=1
WAIT S=0.001
G0 Z0.01 F3000.0 ;position for liquid contact
G0 Z1.0 F5000.0
G0 X149.0 Y113.0 F5000.0
G0 Z1.0 F3000.0
DISPENSE MM=0.015 SPEED=30.0 RELATIVE=1
WAIT S=0.001
G0 Z0.01 F3000.0 ;position for liquid contact
G0 Z1.0 F5000.0
G0 X151.0 Y113.0 F5000.0
G0 Z1.0 F3000.0
DISPENSE MM=0.015 SPEED=30.0 RELATIVE=1
WAIT S=0.001
G0 Z0.01 F3000.0 ;position for liquid contact
G0 Z1.0 F5000.0
G0 X153.0 Y113.0 F5000.0
G0 Z1.0 F3000.0
DISPENSE MM=0.015 SPEED=30.0 RELATIVE=1
WAIT S=0.001
G0 Z0.01 F3000.0 ;position for liquid contact
G0 Z1.0 F5000.0
G0 X155.0 Y113.0 F5000.0
G0 Z1.0 F3000.0
DISPENSE MM=0.015 SPEED=30.0 RELATIVE=1
WAIT S=0.001
G0 Z0.01 F3000.0 ;position for liquid contact
G0 Z1.0 F5000.0
G0 X157.0 Y113.0 F5000.0
G0 Z1.0 F3000.0
DISPENSE MM=0.015 SPEED=30.0 RELATIVE=1
WAIT S=0.001
G0 Z0.01 F3000.0 ;position for liquid contact
G0 Z1.0 F5000.0
G0 X159.0 Y113.0 F5000.0
G0 Z1.0 F3000.0
DISPENSE MM=0.015 SPEED=30.0 RELATIVE=1
WAIT S=0.001
G0 Z0.01 F3000.0 ;position for liquid contact
G0 Z1.0 F5000.0
G0 X161.0 Y113.0 F5000.0
G0 Z1.0 F3000.0
DISPENSE MM=0.015 SPEED=30.0 RELATIVE=1
WAIT S=0.001
G0 Z0.01 F3000.0 ;position for liquid contact
G0 Z1.0 F5000.0
G0 X163.0 Y113.0 F5000.0
G0 Z1.0 F3000.0
DISPENSE MM=0.015 SPEED=30.0 RELATIVE=1
WAIT S=0.001
G0 Z0.01 F3000.0 ;position for liquid contact
G0 Z1.0 F5000.0
G0 X165.0 Y113.0 F5000.0
G0 Z1.0 F3000.0
DISPENSE MM=0.015 SPEED=30.0 RELATIVE=1
WAIT S=0.001
G0 Z0.01 F3000.0 ;position for liquid contact
G0 Z1.0 F5000.0
G0 X167.0 Y113.0 F5000.0
G0 Z1.0 F3000.0
DISPENSE MM=0.015 SPEED=30.0 RELATIVE=1
WAIT S=0.001
G0 Z0.01 F3000.0 ;position for liquid contact
G0 Z1.0 F5000.0
G0 X109.0 Y115.0 F5000.0
G0 Z1.0 F3000.0
WAIT S=0.2
DISPENSE MM=0.015 SPEED=30.0 RELATIVE=1
WAIT S=0.001
G0 Z0.01 F3000.0 ;position for liquid contact
G0 Z1.0 F5000.0
G0 X111.0 Y115.0 F5000.0
G0 Z1.0 F3000.0
DISPENSE MM=0.015 SPEED=30.0 RELATIVE=1
WAIT S=0.001
G0 Z0.01 F3000.0 ;position for liquid contact
G0 Z1.0 F5000.0
G0 X113.0 Y115.0 F5000.0
G0 Z1.0 F3000.0
DISPENSE MM=0.015 SPEED=30.0 RELATIVE=1
WAIT S=0.001
G0 Z0.01 F3000.0 ;position for liquid contact
G0 Z1.0 F5000.0
G0 X115.0 Y115.0 F5000.0
G0 Z1.0 F3000.0
DISPENSE MM=0.015 SPEED=30.0 RELATIVE=1
WAIT S=0.001
G0 Z0.01 F3000.0 ;position for liquid contact
G0 Z1.0 F5000.0
G0 X117.0 Y115.0 F5000.0
G0 Z1.0 F3000.0
DISPENSE MM=0.015 SPEED=30.0 RELATIVE=1
WAIT S=0.001
G0 Z0.01 F3000.0 ;position for liquid contact
G0 Z1.0 F5000.0
G0 X119.0 Y115.0 F5000.0
G0 Z1.0 F3000.0
DISPENSE MM=0.015 SPEED=30.0 RELATIVE=1
WAIT S=0.001
G0 Z0.01 F3000.0 ;position for liquid contact
G0 Z1.0 F5000.0
G0 X121.0 Y115.0 F5000.0
G0 Z1.0 F3000.0
DISPENSE MM=0.015 SPEED=30.0 RELATIVE=1
WAIT S=0.001
G0 Z0.01 F3000.0 ;position for liquid contact
G0 Z1.0 F5000.0
G0 X123.0 Y115.0 F5000.0
G0 Z1.0 F3000.0
DISPENSE MM=0.015 SPEED=30.0 RELATIVE=1
WAIT S=0.001
G0 Z0.01 F3000.0 ;position for liquid contact
G0 Z1.0 F5000.0
G0 X125.0 Y115.0 F5000.0
G0 Z1.0 F3000.0
DISPENSE MM=0.015 SPEED=30.0 RELATIVE=1
WAIT S=0.001
G0 Z0.01 F3000.0 ;position for liquid contact
G0 Z1.0 F5000.0
G0 X127.0 Y115.0 F5000.0
G0 Z1.0 F3000.0
DISPENSE MM=0.015 SPEED=30.0 RELATIVE=1
WAIT S=0.001
G0 Z0.01 F3000.0 ;position for liquid contact
G0 Z1.0 F5000.0
G0 X129.0 Y115.0 F5000.0
G0 Z1.0 F3000.0
DISPENSE MM=0.015 SPEED=30.0 RELATIVE=1
WAIT S=0.001
G0 Z0.01 F3000.0 ;position for liquid contact
G0 Z1.0 F5000.0
G0 X131.0 Y115.0 F5000.0
G0 Z1.0 F3000.0
DISPENSE MM=0.015 SPEED=30.0 RELATIVE=1
WAIT S=0.001
G0 Z0.01 F3000.0 ;position for liquid contact
G0 Z1.0 F5000.0
G0 X133.0 Y115.0 F5000.0
G0 Z1.0 F3000.0
DISPENSE MM=0.015 SPEED=30.0 RELATIVE=1
WAIT S=0.001
G0 Z0.01 F3000.0 ;position for liquid contact
G0 Z1.0 F5000.0
G0 X135.0 Y115.0 F5000.0
G0 Z1.0 F3000.0
DISPENSE MM=0.015 SPEED=30.0 RELATIVE=1
WAIT S=0.001
G0 Z0.01 F3000.0 ;position for liquid contact
G0 Z1.0 F5000.0
G0 X137.0 Y115.0 F5000.0
G0 Z1.0 F3000.0
DISPENSE MM=0.015 SPEED=30.0 RELATIVE=1
WAIT S=0.001
G0 Z0.01 F3000.0 ;position for liquid contact
G0 Z1.0 F5000.0
G0 X139.0 Y115.0 F5000.0
G0 Z1.0 F3000.0
DISPENSE MM=0.015 SPEED=30.0 RELATIVE=1
WAIT S=0.001
G0 Z0.01 F3000.0 ;position for liquid contact
G0 Z1.0 F5000.0
G0 X141.0 Y115.0 F5000.0
G0 Z1.0 F3000.0
DISPENSE MM=0.015 SPEED=30.0 RELATIVE=1
WAIT S=0.001
G0 Z0.01 F3000.0 ;position for liquid contact
G0 Z1.0 F5000.0
G0 X143.0 Y115.0 F5000.0
G0 Z1.0 F3000.0
DISPENSE MM=0.015 SPEED=30.0 RELATIVE=1
WAIT S=0.001
G0 Z0.01 F3000.0 ;position for liquid contact
G0 Z1.0 F5000.0
G0 X145.0 Y115.0 F5000.0
G0 Z1.0 F3000.0
DISPENSE MM=0.015 SPEED=30.0 RELATIVE=1
WAIT S=0.001
G0 Z0.01 F3000.0 ;position for liquid contact
G0 Z1.0 F5000.0
G0 X147.0 Y115.0 F5000.0
G0 Z1.0 F3000.0
DISPENSE MM=0.015 SPEED=30.0 RELATIVE=1
WAIT S=0.001
G0 Z0.01 F3000.0 ;position for liquid contact
G0 Z1.0 F5000.0
G0 X149.0 Y115.0 F5000.0
G0 Z1.0 F3000.0
DISPENSE MM=0.015 SPEED=30.0 RELATIVE=1
WAIT S=0.001
G0 Z0.01 F3000.0 ;position for liquid contact
G0 Z1.0 F5000.0
G0 X151.0 Y115.0 F5000.0
G0 Z1.0 F3000.0
DISPENSE MM=0.015 SPEED=30.0 RELATIVE=1
WAIT S=0.001
G0 Z0.01 F3000.0 ;position for liquid contact
G0 Z1.0 F5000.0
G0 X153.0 Y115.0 F5000.0
G0 Z1.0 F3000.0
DISPENSE MM=0.015 SPEED=30.0 RELATIVE=1
WAIT S=0.001
G0 Z0.01 F3000.0 ;position for liquid contact
G0 Z1.0 F5000.0
G0 X155.0 Y115.0 F5000.0
G0 Z1.0 F3000.0
DISPENSE MM=0.015 SPEED=30.0 RELATIVE=1
WAIT S=0.001
G0 Z0.01 F3000.0 ;position for liquid contact
G0 Z1.0 F5000.0
G0 X157.0 Y115.0 F5000.0
G0 Z1.0 F3000.0
DISPENSE MM=0.015 SPEED=30.0 RELATIVE=1
WAIT S=0.001
G0 Z0.01 F3000.0 ;position for liquid contact
G0 Z1.0 F5000.0
G0 X159.0 Y115.0 F5000.0
G0 Z1.0 F3000.0
DISPENSE MM=0.015 SPEED=30.0 RELATIVE=1
WAIT S=0.001
G0 Z0.01 F3000.0 ;position for liquid contact
G0 Z1.0 F5000.0
G0 X161.0 Y115.0 F5000.0
G0 Z1.0 F3000.0
DISPENSE MM=0.015 SPEED=30.0 RELATIVE=1
WAIT S=0.001
G0 Z0.01 F3000.0 ;position for liquid contact
G0 Z1.0 F5000.0
G0 X163.0 Y115.0 F5000.0
G0 Z1.0 F3000.0
DISPENSE MM=0.015 SPEED=30.0 RELATIVE=1
WAIT S=0.001
G0 Z0.01 F3000.0 ;position for liquid contact
G0 Z1.0 F5000.0
G0 X165.0 Y115.0 F5000.0
G0 Z1.0 F3000.0
DISPENSE MM=0.015 SPEED=30.0 RELATIVE=1
WAIT S=0.001
G0 Z0.01 F3000.0 ;position for liquid contact
G0 Z1.0 F5000.0
G0 X167.0 Y115.0 F5000.0
G0 Z1.0 F3000.0
DISPENSE MM=0.015 SPEED=30.0 RELATIVE=1
WAIT S=0.001
G0 Z0.01 F3000.0 ;position for liquid contact
G0 Z1.0 F5000.0

; Washing sequence
G0 Z40.0 F5000
G0 X221.0 Y116.0 F5000
G0 Z-5.0 F500
G0 X222.0 F2000.0
G0 X221.0 F2000.0
G0 X222.0 F2000.0
G0 X221.0 F2000.0
G0 X222.0 F2000.0
G0 X221.0 F2000.0
G0 X222.0 F2000.0
G0 X221.0 F2000.0
G0 X222.0 F2000.0
G0 X221.0 F2000.0
G0 X222.0 F2000.0
G0 X221.0 F2000.0
G0 X222.0 F2000.0
G0 X221.0 F2000.0
G0 X222.0 F2000.0
G0 X221.0 F2000.0
G0 X222.0 F2000.0
G0 X221.0 F2000.0
G0 X222.0 F2000.0
G0 X221.0 F2000.0
G0 X222.0 F2000.0
G0 X221.0 F2000.0
G0 X222.0 F2000.0
G0 X221.0 F2000.0
G0 X222.0 F2000.0
G0 X221.0 F2000.0
G0 X222.0 F2000.0
G0 X221.0 F2000.0
G0 X222.0 F2000.0
G0 X221.0 F2000.0
G0 X222.0 F2000.0
G0 X221.0 F2000.0
G0 X222.0 F2000.0
G0 X221.0 F2000.0
G0 X222.0 F2000.0
G0 X221.0 F2000.0
G0 X222.0 F2000.0
G0 X221.0 F2000.0
G0 X222.0 F2000.0
G0 X221.0 F2000.0
G0 X222.0 F2000.0
G0 X221.0 F2000.0
G0 X222.0 F2000.0
G0 X221.0 F2000.0
G0 X222.0 F2000.0
G0 X221.0 F2000.0
G0 X222.0 F2000.0
G0 X221.0 F2000.0
G0 X222.0 F2000.0
G0 X221.0 F2000.0
G0 X222.0 F2000.0
G0 X221.0 F2000.0
G0 X222.0 F2000.0
G0 X221.0 F2000.0
G0 X222.0 F2000.0
G0 X221.0 F2000.0
G0 X222.0 F2000.0
G0 X221.0 F2000.0
G0 X222.0 F2000.0
G0 X221.0 F2000.0
G0 X222.0 F2000.0
G0 X221.0 F2000.0
G0 X222.0 F2000.0
G0 X221.0 F2000.0
G0 X222.0 F2000.0
G0 X221.0 F2000.0
G0 X222.0 F2000.0
G0 X221.0 F2000.0
G0 X222.0 F2000.0
G0 X221.0 F2000.0
G0 X222.0 F2000.0
G0 X221.0 F2000.0
G0 X222.0 F2000.0
G0 X221.0 F2000.0
G0 X222.0 F2000.0
G0 X221.0 F2000.0
G0 X222.0 F2000.0
G0 X221.0 F2000.0
G0 X222.0 F2000.0
G0 X221.0 F2000.0
G0 X222.0 F2000.0
G0 X221.0 F2000.0
G0 X222.0 F2000.0
G0 X221.0 F2000.0
G0 X222.0 F2000.0
G0 X221.0 F2000.0
G0 X222.0 F2000.0
G0 X221.0 F2000.0
G0 X222.0 F2000.0
G0 X221.0 F2000.0
G0 X222.0 F2000.0
G0 X221.0 F2000.0
G0 X222.0 F2000.0
G0 X221.0 F2000.0
G0 X222.0 F2000.0
G0 X221.0 F2000.0
G0 X222.0 F2000.0
G0 X221.0 F2000.0
G0 X222.0 F2000.0
G0 X221.0 F2000.0
G0 Z40.0 F5000

G0 Z40.0 F5000.0 ; dispensing leftovers
G0 X221.0 Y116.0 F5000.0
G0 Z-5.0 F3000.0
DISPENSE MM=0.0 SPEED=30.0
WAIT S=1.0
ASPIRATE MM=50.0 SPEED=30.0 ; rinse aspiration
WAIT S=0.5
DISPENSE MM=0.0 SPEED=30.0 ; rinse dispense
ASPIRATE MM=50.0 SPEED=30.0 ; rinse aspiration
WAIT S=0.5
DISPENSE MM=0.0 SPEED=30.0 ; rinse dispense
ASPIRATE MM=50.0 SPEED=30.0 ; rinse aspiration
WAIT S=0.5
DISPENSE MM=0.0 SPEED=30.0 ; rinse dispense
ASPIRATE MM=50.0 SPEED=30.0 ; rinse aspiration
WAIT S=0.5
DISPENSE MM=0.0 SPEED=30.0 ; rinse dispense
ASPIRATE MM=50.0 SPEED=30.0 ; rinse aspiration
WAIT S=0.5
DISPENSE MM=0.0 SPEED=30.0 ; rinse dispense
WAIT S=2.0

G0 Z40.0 F5000.0 ; dispensing leftovers
ASPIRATE MM=50.0 SPEED=30.0 ; rinse aspiration
WAIT S=0.5
DISPENSE MM=0.0 SPEED=30.0 ; rinse dispense
ASPIRATE MM=50.0 SPEED=30.0 ; rinse aspiration
WAIT S=0.5
DISPENSE MM=0.0 SPEED=30.0 ; rinse dispense
ASPIRATE MM=50.0 SPEED=30.0 ; rinse aspiration
WAIT S=0.5
DISPENSE MM=0.0 SPEED=30.0 ; rinse dispense
ASPIRATE MM=50.0 SPEED=30.0 ; rinse aspiration
WAIT S=0.5
DISPENSE MM=0.0 SPEED=30.0 ; rinse dispense
ASPIRATE MM=50.0 SPEED=30.0 ; rinse aspiration
WAIT S=0.5
DISPENSE MM=0.0 SPEED=30.0 ; rinse dispense
WAIT S=2.0
G0 Z40.0 F5000.0
G90 ;absolute positioning
G0 Y170.0 F2000.0;present print
