
G90 ;use absolute coordinates
G21 ;unit mm

;Homing sequence
M117 Gantry Align
G28 Z0 ;Home Z
G28 Y0 ;Home Y
G0 Z35 F5000.0;Move to X Homing position
G28 X0 ;Home X
G0 X75.0 Y70.0 F5000.0 ; Go with Head to probe position
SET_TMC_FIELD STEPPER=stepper_z FIELD=SGT VALUE=0
G0 Z110.0 F300.0 ; Ram into top
G0 Z105.0 F300.0 ; Back down
SET_TMC_FIELD STEPPER=stepper_z FIELD=SGT VALUE=4
G28 Z0; Home Z again
G28 Z0; Home Z again
M117 Aligned
MESH X_MIN=30.000 X_MAX=190.000 Y_MIN=29.500 Y_MAX=184.500 POINTS=5 ;Home Z with mesh bed leveling inside acceptance square
G0 X75.0 Y70.0 F5000.0; Go with probe above vacuum chuck
HOME_SYRINGE
DISPENSE MM=0
G1 Z0.0 F300.0 
M117 ;Calibrate Needle to touch substrate
PAUSE
G0 Z40.0 F5000.0
G0 Z40.0 F5000.0
G0 X218.0 Y65.0 F5000.0
G0 Z-17.0  F3000.0
ASPIRATE MM=16.945 SPEED=1.0; Filling the syringe
WAIT S=10.0
DISPENSE MM=10.0 SPEED=15.0 RELATIVE=1; Prevent backlash the syringe
WAIT S=2.0
G0 Z40.0 F5000.0

; Washing sequence
G0 Z40.0 F5000
G0 X218.0 Y16.0 F5000
G0 Z-5.0 F500
G0 X219.0 F2000.0
G0 X218.0 F2000.0
G0 X219.0 F2000.0
G0 X218.0 F2000.0
G0 X219.0 F2000.0
G0 X218.0 F2000.0
G0 X219.0 F2000.0
G0 X218.0 F2000.0
G0 X219.0 F2000.0
G0 X218.0 F2000.0
G0 X219.0 F2000.0
G0 X218.0 F2000.0
G0 X219.0 F2000.0
G0 X218.0 F2000.0
G0 X219.0 F2000.0
G0 X218.0 F2000.0
G0 X219.0 F2000.0
G0 X218.0 F2000.0
G0 X219.0 F2000.0
G0 X218.0 F2000.0
G0 X219.0 F2000.0
G0 X218.0 F2000.0
G0 X219.0 F2000.0
G0 X218.0 F2000.0
G0 X219.0 F2000.0
G0 X218.0 F2000.0
G0 X219.0 F2000.0
G0 X218.0 F2000.0
G0 X219.0 F2000.0
G0 X218.0 F2000.0
G0 X219.0 F2000.0
G0 X218.0 F2000.0
G0 X219.0 F2000.0
G0 X218.0 F2000.0
G0 X219.0 F2000.0
G0 X218.0 F2000.0
G0 X219.0 F2000.0
G0 X218.0 F2000.0
G0 X219.0 F2000.0
G0 X218.0 F2000.0
G0 X219.0 F2000.0
G0 X218.0 F2000.0
G0 X219.0 F2000.0
G0 X218.0 F2000.0
G0 X219.0 F2000.0
G0 X218.0 F2000.0
G0 X219.0 F2000.0
G0 X218.0 F2000.0
G0 X219.0 F2000.0
G0 X218.0 F2000.0
G0 X219.0 F2000.0
G0 X218.0 F2000.0
G0 X219.0 F2000.0
G0 X218.0 F2000.0
G0 X219.0 F2000.0
G0 X218.0 F2000.0
G0 X219.0 F2000.0
G0 X218.0 F2000.0
G0 X219.0 F2000.0
G0 X218.0 F2000.0
G0 X219.0 F2000.0
G0 X218.0 F2000.0
G0 X219.0 F2000.0
G0 X218.0 F2000.0
G0 X219.0 F2000.0
G0 X218.0 F2000.0
G0 X219.0 F2000.0
G0 X218.0 F2000.0
G0 X219.0 F2000.0
G0 X218.0 F2000.0
G0 X219.0 F2000.0
G0 X218.0 F2000.0
G0 X219.0 F2000.0
G0 X218.0 F2000.0
G0 X219.0 F2000.0
G0 X218.0 F2000.0
G0 X219.0 F2000.0
G0 X218.0 F2000.0
G0 X219.0 F2000.0
G0 X218.0 F2000.0
G0 X219.0 F2000.0
G0 X218.0 F2000.0
G0 X219.0 F2000.0
G0 X218.0 F2000.0
G0 X219.0 F2000.0
G0 X218.0 F2000.0
G0 X219.0 F2000.0
G0 X218.0 F2000.0
G0 X219.0 F2000.0
G0 X218.0 F2000.0
G0 X219.0 F2000.0
G0 X218.0 F2000.0
G0 X219.0 F2000.0
G0 X218.0 F2000.0
G0 X219.0 F2000.0
G0 X218.0 F2000.0
G0 X219.0 F2000.0
G0 X218.0 F2000.0
G0 X219.0 F2000.0
G0 X218.0 F2000.0
G0 Z40.0 F5000


; Create cleaning sequence
G0 X42.0 Y59.0 F5000
WAIT S=0.2
DISPENSE MM=0.045 SPEED=500 RELATIVE=1
WAIT S=0.5
G0 Z0.01 F500 ;position for liquid contact
G0 Z1.0 F5000
G0 X45.0 Y59.0 F5000
DISPENSE MM=0.045 SPEED=500 RELATIVE=1
WAIT S=0.5
G0 Z0.01 F500 ;position for liquid contact
G0 Z1.0 F5000
G0 X48.0 Y59.0 F5000
DISPENSE MM=0.045 SPEED=500 RELATIVE=1
WAIT S=0.5
G0 Z0.01 F500 ;position for liquid contact
G0 Z1.0 F5000
G0 X51.0 Y59.0 F5000
DISPENSE MM=0.045 SPEED=500 RELATIVE=1
WAIT S=0.5
G0 Z0.01 F500 ;position for liquid contact
G0 Z1.0 F5000
G0 X54.0 Y59.0 F5000
DISPENSE MM=0.045 SPEED=500 RELATIVE=1
WAIT S=0.5
G0 Z0.01 F500 ;position for liquid contact
G0 Z1.0 F5000
G0 X57.0 Y59.0 F5000
DISPENSE MM=0.045 SPEED=500 RELATIVE=1
WAIT S=0.5
G0 Z0.01 F500 ;position for liquid contact
G0 Z1.0 F5000
G0 X60.0 Y59.0 F5000
DISPENSE MM=0.045 SPEED=500 RELATIVE=1
WAIT S=0.5
G0 Z0.01 F500 ;position for liquid contact
G0 Z1.0 F5000
G0 X63.0 Y59.0 F5000
DISPENSE MM=0.045 SPEED=500 RELATIVE=1
WAIT S=0.5
G0 Z0.01 F500 ;position for liquid contact
G0 Z1.0 F5000
G0 X66.0 Y59.0 F5000
DISPENSE MM=0.045 SPEED=500 RELATIVE=1
WAIT S=0.5
G0 Z0.01 F500 ;position for liquid contact
G0 Z1.0 F5000
G0 X69.0 Y59.0 F5000
DISPENSE MM=0.045 SPEED=500 RELATIVE=1
WAIT S=0.5
G0 Z0.01 F500 ;position for liquid contact
G0 Z1.0 F5000
G0 X42.0 Y61.0 F5000
WAIT S=0.2
DISPENSE MM=0.045 SPEED=500 RELATIVE=1
WAIT S=0.5
G0 Z0.01 F500 ;position for liquid contact
G0 Z1.0 F5000
G0 X45.0 Y61.0 F5000
DISPENSE MM=0.045 SPEED=500 RELATIVE=1
WAIT S=0.5
G0 Z0.01 F500 ;position for liquid contact
G0 Z1.0 F5000
G0 X48.0 Y61.0 F5000
DISPENSE MM=0.045 SPEED=500 RELATIVE=1
WAIT S=0.5
G0 Z0.01 F500 ;position for liquid contact
G0 Z1.0 F5000
G0 X51.0 Y61.0 F5000
DISPENSE MM=0.045 SPEED=500 RELATIVE=1
WAIT S=0.5
G0 Z0.01 F500 ;position for liquid contact
G0 Z1.0 F5000
G0 X54.0 Y61.0 F5000
DISPENSE MM=0.045 SPEED=500 RELATIVE=1
WAIT S=0.5
G0 Z0.01 F500 ;position for liquid contact
G0 Z1.0 F5000
G0 X57.0 Y61.0 F5000
DISPENSE MM=0.045 SPEED=500 RELATIVE=1
WAIT S=0.5
G0 Z0.01 F500 ;position for liquid contact
G0 Z1.0 F5000
G0 X60.0 Y61.0 F5000
DISPENSE MM=0.045 SPEED=500 RELATIVE=1
WAIT S=0.5
G0 Z0.01 F500 ;position for liquid contact
G0 Z1.0 F5000
G0 X63.0 Y61.0 F5000
DISPENSE MM=0.045 SPEED=500 RELATIVE=1
WAIT S=0.5
G0 Z0.01 F500 ;position for liquid contact
G0 Z1.0 F5000
G0 X66.0 Y61.0 F5000
DISPENSE MM=0.045 SPEED=500 RELATIVE=1
WAIT S=0.5
G0 Z0.01 F500 ;position for liquid contact
G0 Z1.0 F5000
G0 X69.0 Y61.0 F5000
DISPENSE MM=0.045 SPEED=500 RELATIVE=1
WAIT S=0.5
G0 Z0.01 F500 ;position for liquid contact
G0 Z1.0 F5000



G0 X82.0 Y79.0 F5000.0
G0 Z1.0 F3000.0
WAIT S=0.2
DISPENSE MM=0.015 SPEED=30.0 RELATIVE=1
WAIT S=0.001
G0 Z0.01 F3000.0 ;position for liquid contact
G0 Z1.0 F5000.0
G0 X83.5 Y79.0 F5000.0
G0 Z1.0 F3000.0
DISPENSE MM=0.015 SPEED=30.0 RELATIVE=1
WAIT S=0.001
G0 Z0.01 F3000.0 ;position for liquid contact
G0 Z1.0 F5000.0
G0 X85.0 Y79.0 F5000.0
G0 Z1.0 F3000.0
DISPENSE MM=0.015 SPEED=30.0 RELATIVE=1
WAIT S=0.001
G0 Z0.01 F3000.0 ;position for liquid contact
G0 Z1.0 F5000.0
G0 X86.5 Y79.0 F5000.0
G0 Z1.0 F3000.0
DISPENSE MM=0.015 SPEED=30.0 RELATIVE=1
WAIT S=0.001
G0 Z0.01 F3000.0 ;position for liquid contact
G0 Z1.0 F5000.0
G0 X88.0 Y79.0 F5000.0
G0 Z1.0 F3000.0
DISPENSE MM=0.015 SPEED=30.0 RELATIVE=1
WAIT S=0.001
G0 Z0.01 F3000.0 ;position for liquid contact
G0 Z1.0 F5000.0
G0 X89.5 Y79.0 F5000.0
G0 Z1.0 F3000.0
DISPENSE MM=0.015 SPEED=30.0 RELATIVE=1
WAIT S=0.001
G0 Z0.01 F3000.0 ;position for liquid contact
G0 Z1.0 F5000.0
G0 X91.0 Y79.0 F5000.0
G0 Z1.0 F3000.0
DISPENSE MM=0.015 SPEED=30.0 RELATIVE=1
WAIT S=0.001
G0 Z0.01 F3000.0 ;position for liquid contact
G0 Z1.0 F5000.0
G0 X92.5 Y79.0 F5000.0
G0 Z1.0 F3000.0
DISPENSE MM=0.015 SPEED=30.0 RELATIVE=1
WAIT S=0.001
G0 Z0.01 F3000.0 ;position for liquid contact
G0 Z1.0 F5000.0
G0 X94.0 Y79.0 F5000.0
G0 Z1.0 F3000.0
DISPENSE MM=0.015 SPEED=30.0 RELATIVE=1
WAIT S=0.001
G0 Z0.01 F3000.0 ;position for liquid contact
G0 Z1.0 F5000.0
G0 X95.5 Y79.0 F5000.0
G0 Z1.0 F3000.0
DISPENSE MM=0.015 SPEED=30.0 RELATIVE=1
WAIT S=0.001
G0 Z0.01 F3000.0 ;position for liquid contact
G0 Z1.0 F5000.0
G0 X97.0 Y79.0 F5000.0
G0 Z1.0 F3000.0
DISPENSE MM=0.015 SPEED=30.0 RELATIVE=1
WAIT S=0.001
G0 Z0.01 F3000.0 ;position for liquid contact
G0 Z1.0 F5000.0
G0 X98.5 Y79.0 F5000.0
G0 Z1.0 F3000.0
DISPENSE MM=0.015 SPEED=30.0 RELATIVE=1
WAIT S=0.001
G0 Z0.01 F3000.0 ;position for liquid contact
G0 Z1.0 F5000.0
G0 X100.0 Y79.0 F5000.0
G0 Z1.0 F3000.0
DISPENSE MM=0.015 SPEED=30.0 RELATIVE=1
WAIT S=0.001
G0 Z0.01 F3000.0 ;position for liquid contact
G0 Z1.0 F5000.0
G0 X101.5 Y79.0 F5000.0
G0 Z1.0 F3000.0
DISPENSE MM=0.015 SPEED=30.0 RELATIVE=1
WAIT S=0.001
G0 Z0.01 F3000.0 ;position for liquid contact
G0 Z1.0 F5000.0
G0 X103.0 Y79.0 F5000.0
G0 Z1.0 F3000.0
DISPENSE MM=0.015 SPEED=30.0 RELATIVE=1
WAIT S=0.001
G0 Z0.01 F3000.0 ;position for liquid contact
G0 Z1.0 F5000.0
G0 X104.5 Y79.0 F5000.0
G0 Z1.0 F3000.0
DISPENSE MM=0.015 SPEED=30.0 RELATIVE=1
WAIT S=0.001
G0 Z0.01 F3000.0 ;position for liquid contact
G0 Z1.0 F5000.0
G0 X106.0 Y79.0 F5000.0
G0 Z1.0 F3000.0
DISPENSE MM=0.015 SPEED=30.0 RELATIVE=1
WAIT S=0.001
G0 Z0.01 F3000.0 ;position for liquid contact
G0 Z1.0 F5000.0
G0 X107.5 Y79.0 F5000.0
G0 Z1.0 F3000.0
DISPENSE MM=0.015 SPEED=30.0 RELATIVE=1
WAIT S=0.001
G0 Z0.01 F3000.0 ;position for liquid contact
G0 Z1.0 F5000.0
G0 X109.0 Y79.0 F5000.0
G0 Z1.0 F3000.0
DISPENSE MM=0.015 SPEED=30.0 RELATIVE=1
WAIT S=0.001
G0 Z0.01 F3000.0 ;position for liquid contact
G0 Z1.0 F5000.0
G0 X110.5 Y79.0 F5000.0
G0 Z1.0 F3000.0
DISPENSE MM=0.015 SPEED=30.0 RELATIVE=1
WAIT S=0.001
G0 Z0.01 F3000.0 ;position for liquid contact
G0 Z1.0 F5000.0
G0 X82.0 Y80.5 F5000.0
G0 Z1.0 F3000.0
WAIT S=0.2
DISPENSE MM=0.015 SPEED=30.0 RELATIVE=1
WAIT S=0.001
G0 Z0.01 F3000.0 ;position for liquid contact
G0 Z1.0 F5000.0
G0 X83.5 Y80.5 F5000.0
G0 Z1.0 F3000.0
DISPENSE MM=0.015 SPEED=30.0 RELATIVE=1
WAIT S=0.001
G0 Z0.01 F3000.0 ;position for liquid contact
G0 Z1.0 F5000.0
G0 X85.0 Y80.5 F5000.0
G0 Z1.0 F3000.0
DISPENSE MM=0.015 SPEED=30.0 RELATIVE=1
WAIT S=0.001
G0 Z0.01 F3000.0 ;position for liquid contact
G0 Z1.0 F5000.0
G0 X86.5 Y80.5 F5000.0
G0 Z1.0 F3000.0
DISPENSE MM=0.015 SPEED=30.0 RELATIVE=1
WAIT S=0.001
G0 Z0.01 F3000.0 ;position for liquid contact
G0 Z1.0 F5000.0
G0 X88.0 Y80.5 F5000.0
G0 Z1.0 F3000.0
DISPENSE MM=0.015 SPEED=30.0 RELATIVE=1
WAIT S=0.001
G0 Z0.01 F3000.0 ;position for liquid contact
G0 Z1.0 F5000.0
G0 X89.5 Y80.5 F5000.0
G0 Z1.0 F3000.0
DISPENSE MM=0.015 SPEED=30.0 RELATIVE=1
WAIT S=0.001
G0 Z0.01 F3000.0 ;position for liquid contact
G0 Z1.0 F5000.0
G0 X91.0 Y80.5 F5000.0
G0 Z1.0 F3000.0
DISPENSE MM=0.015 SPEED=30.0 RELATIVE=1
WAIT S=0.001
G0 Z0.01 F3000.0 ;position for liquid contact
G0 Z1.0 F5000.0
G0 X92.5 Y80.5 F5000.0
G0 Z1.0 F3000.0
DISPENSE MM=0.015 SPEED=30.0 RELATIVE=1
WAIT S=0.001
G0 Z0.01 F3000.0 ;position for liquid contact
G0 Z1.0 F5000.0
G0 X94.0 Y80.5 F5000.0
G0 Z1.0 F3000.0
DISPENSE MM=0.015 SPEED=30.0 RELATIVE=1
WAIT S=0.001
G0 Z0.01 F3000.0 ;position for liquid contact
G0 Z1.0 F5000.0
G0 X95.5 Y80.5 F5000.0
G0 Z1.0 F3000.0
DISPENSE MM=0.015 SPEED=30.0 RELATIVE=1
WAIT S=0.001
G0 Z0.01 F3000.0 ;position for liquid contact
G0 Z1.0 F5000.0
G0 X97.0 Y80.5 F5000.0
G0 Z1.0 F3000.0
DISPENSE MM=0.015 SPEED=30.0 RELATIVE=1
WAIT S=0.001
G0 Z0.01 F3000.0 ;position for liquid contact
G0 Z1.0 F5000.0
G0 X98.5 Y80.5 F5000.0
G0 Z1.0 F3000.0
DISPENSE MM=0.015 SPEED=30.0 RELATIVE=1
WAIT S=0.001
G0 Z0.01 F3000.0 ;position for liquid contact
G0 Z1.0 F5000.0
G0 X100.0 Y80.5 F5000.0
G0 Z1.0 F3000.0
DISPENSE MM=0.015 SPEED=30.0 RELATIVE=1
WAIT S=0.001
G0 Z0.01 F3000.0 ;position for liquid contact
G0 Z1.0 F5000.0
G0 X101.5 Y80.5 F5000.0
G0 Z1.0 F3000.0
DISPENSE MM=0.015 SPEED=30.0 RELATIVE=1
WAIT S=0.001
G0 Z0.01 F3000.0 ;position for liquid contact
G0 Z1.0 F5000.0
G0 X103.0 Y80.5 F5000.0
G0 Z1.0 F3000.0
DISPENSE MM=0.015 SPEED=30.0 RELATIVE=1
WAIT S=0.001
G0 Z0.01 F3000.0 ;position for liquid contact
G0 Z1.0 F5000.0
G0 X104.5 Y80.5 F5000.0
G0 Z1.0 F3000.0
DISPENSE MM=0.015 SPEED=30.0 RELATIVE=1
WAIT S=0.001
G0 Z0.01 F3000.0 ;position for liquid contact
G0 Z1.0 F5000.0
G0 X106.0 Y80.5 F5000.0
G0 Z1.0 F3000.0
DISPENSE MM=0.015 SPEED=30.0 RELATIVE=1
WAIT S=0.001
G0 Z0.01 F3000.0 ;position for liquid contact
G0 Z1.0 F5000.0
G0 X107.5 Y80.5 F5000.0
G0 Z1.0 F3000.0
DISPENSE MM=0.015 SPEED=30.0 RELATIVE=1
WAIT S=0.001
G0 Z0.01 F3000.0 ;position for liquid contact
G0 Z1.0 F5000.0
G0 X109.0 Y80.5 F5000.0
G0 Z1.0 F3000.0
DISPENSE MM=0.015 SPEED=30.0 RELATIVE=1
WAIT S=0.001
G0 Z0.01 F3000.0 ;position for liquid contact
G0 Z1.0 F5000.0
G0 X110.5 Y80.5 F5000.0
G0 Z1.0 F3000.0
DISPENSE MM=0.015 SPEED=30.0 RELATIVE=1
WAIT S=0.001
G0 Z0.01 F3000.0 ;position for liquid contact
G0 Z1.0 F5000.0
G0 X82.0 Y82.0 F5000.0
G0 Z1.0 F3000.0
WAIT S=0.2
DISPENSE MM=0.015 SPEED=30.0 RELATIVE=1
WAIT S=0.001
G0 Z0.01 F3000.0 ;position for liquid contact
G0 Z1.0 F5000.0
G0 X83.5 Y82.0 F5000.0
G0 Z1.0 F3000.0
DISPENSE MM=0.015 SPEED=30.0 RELATIVE=1
WAIT S=0.001
G0 Z0.01 F3000.0 ;position for liquid contact
G0 Z1.0 F5000.0
G0 X85.0 Y82.0 F5000.0
G0 Z1.0 F3000.0
DISPENSE MM=0.015 SPEED=30.0 RELATIVE=1
WAIT S=0.001
G0 Z0.01 F3000.0 ;position for liquid contact
G0 Z1.0 F5000.0
G0 X86.5 Y82.0 F5000.0
G0 Z1.0 F3000.0
DISPENSE MM=0.015 SPEED=30.0 RELATIVE=1
WAIT S=0.001
G0 Z0.01 F3000.0 ;position for liquid contact
G0 Z1.0 F5000.0
G0 X88.0 Y82.0 F5000.0
G0 Z1.0 F3000.0
DISPENSE MM=0.015 SPEED=30.0 RELATIVE=1
WAIT S=0.001
G0 Z0.01 F3000.0 ;position for liquid contact
G0 Z1.0 F5000.0
G0 X89.5 Y82.0 F5000.0
G0 Z1.0 F3000.0
DISPENSE MM=0.015 SPEED=30.0 RELATIVE=1
WAIT S=0.001
G0 Z0.01 F3000.0 ;position for liquid contact
G0 Z1.0 F5000.0
G0 X91.0 Y82.0 F5000.0
G0 Z1.0 F3000.0
DISPENSE MM=0.015 SPEED=30.0 RELATIVE=1
WAIT S=0.001
G0 Z0.01 F3000.0 ;position for liquid contact
G0 Z1.0 F5000.0
G0 X92.5 Y82.0 F5000.0
G0 Z1.0 F3000.0
DISPENSE MM=0.015 SPEED=30.0 RELATIVE=1
WAIT S=0.001
G0 Z0.01 F3000.0 ;position for liquid contact
G0 Z1.0 F5000.0
G0 X94.0 Y82.0 F5000.0
G0 Z1.0 F3000.0
DISPENSE MM=0.015 SPEED=30.0 RELATIVE=1
WAIT S=0.001
G0 Z0.01 F3000.0 ;position for liquid contact
G0 Z1.0 F5000.0
G0 X95.5 Y82.0 F5000.0
G0 Z1.0 F3000.0
DISPENSE MM=0.015 SPEED=30.0 RELATIVE=1
WAIT S=0.001
G0 Z0.01 F3000.0 ;position for liquid contact
G0 Z1.0 F5000.0
G0 X97.0 Y82.0 F5000.0
G0 Z1.0 F3000.0
DISPENSE MM=0.015 SPEED=30.0 RELATIVE=1
WAIT S=0.001
G0 Z0.01 F3000.0 ;position for liquid contact
G0 Z1.0 F5000.0
G0 X98.5 Y82.0 F5000.0
G0 Z1.0 F3000.0
DISPENSE MM=0.015 SPEED=30.0 RELATIVE=1
WAIT S=0.001
G0 Z0.01 F3000.0 ;position for liquid contact
G0 Z1.0 F5000.0
G0 X100.0 Y82.0 F5000.0
G0 Z1.0 F3000.0
DISPENSE MM=0.015 SPEED=30.0 RELATIVE=1
WAIT S=0.001
G0 Z0.01 F3000.0 ;position for liquid contact
G0 Z1.0 F5000.0
G0 X101.5 Y82.0 F5000.0
G0 Z1.0 F3000.0
DISPENSE MM=0.015 SPEED=30.0 RELATIVE=1
WAIT S=0.001
G0 Z0.01 F3000.0 ;position for liquid contact
G0 Z1.0 F5000.0
G0 X103.0 Y82.0 F5000.0
G0 Z1.0 F3000.0
DISPENSE MM=0.015 SPEED=30.0 RELATIVE=1
WAIT S=0.001
G0 Z0.01 F3000.0 ;position for liquid contact
G0 Z1.0 F5000.0
G0 X104.5 Y82.0 F5000.0
G0 Z1.0 F3000.0
DISPENSE MM=0.015 SPEED=30.0 RELATIVE=1
WAIT S=0.001
G0 Z0.01 F3000.0 ;position for liquid contact
G0 Z1.0 F5000.0
G0 X106.0 Y82.0 F5000.0
G0 Z1.0 F3000.0
DISPENSE MM=0.015 SPEED=30.0 RELATIVE=1
WAIT S=0.001
G0 Z0.01 F3000.0 ;position for liquid contact
G0 Z1.0 F5000.0
G0 X107.5 Y82.0 F5000.0
G0 Z1.0 F3000.0
DISPENSE MM=0.015 SPEED=30.0 RELATIVE=1
WAIT S=0.001
G0 Z0.01 F3000.0 ;position for liquid contact
G0 Z1.0 F5000.0
G0 X109.0 Y82.0 F5000.0
G0 Z1.0 F3000.0
DISPENSE MM=0.015 SPEED=30.0 RELATIVE=1
WAIT S=0.001
G0 Z0.01 F3000.0 ;position for liquid contact
G0 Z1.0 F5000.0
G0 X110.5 Y82.0 F5000.0
G0 Z1.0 F3000.0
DISPENSE MM=0.015 SPEED=30.0 RELATIVE=1
WAIT S=0.001
G0 Z0.01 F3000.0 ;position for liquid contact
G0 Z1.0 F5000.0
G0 X82.0 Y83.5 F5000.0
G0 Z1.0 F3000.0
WAIT S=0.2
DISPENSE MM=0.015 SPEED=30.0 RELATIVE=1
WAIT S=0.001
G0 Z0.01 F3000.0 ;position for liquid contact
G0 Z1.0 F5000.0
G0 X83.5 Y83.5 F5000.0
G0 Z1.0 F3000.0
DISPENSE MM=0.015 SPEED=30.0 RELATIVE=1
WAIT S=0.001
G0 Z0.01 F3000.0 ;position for liquid contact
G0 Z1.0 F5000.0
G0 X85.0 Y83.5 F5000.0
G0 Z1.0 F3000.0
DISPENSE MM=0.015 SPEED=30.0 RELATIVE=1
WAIT S=0.001
G0 Z0.01 F3000.0 ;position for liquid contact
G0 Z1.0 F5000.0
G0 X86.5 Y83.5 F5000.0
G0 Z1.0 F3000.0
DISPENSE MM=0.015 SPEED=30.0 RELATIVE=1
WAIT S=0.001
G0 Z0.01 F3000.0 ;position for liquid contact
G0 Z1.0 F5000.0
G0 X88.0 Y83.5 F5000.0
G0 Z1.0 F3000.0
DISPENSE MM=0.015 SPEED=30.0 RELATIVE=1
WAIT S=0.001
G0 Z0.01 F3000.0 ;position for liquid contact
G0 Z1.0 F5000.0
G0 X89.5 Y83.5 F5000.0
G0 Z1.0 F3000.0
DISPENSE MM=0.015 SPEED=30.0 RELATIVE=1
WAIT S=0.001
G0 Z0.01 F3000.0 ;position for liquid contact
G0 Z1.0 F5000.0
G0 X91.0 Y83.5 F5000.0
G0 Z1.0 F3000.0
DISPENSE MM=0.015 SPEED=30.0 RELATIVE=1
WAIT S=0.001
G0 Z0.01 F3000.0 ;position for liquid contact
G0 Z1.0 F5000.0
G0 X92.5 Y83.5 F5000.0
G0 Z1.0 F3000.0
DISPENSE MM=0.015 SPEED=30.0 RELATIVE=1
WAIT S=0.001
G0 Z0.01 F3000.0 ;position for liquid contact
G0 Z1.0 F5000.0
G0 X94.0 Y83.5 F5000.0
G0 Z1.0 F3000.0
DISPENSE MM=0.015 SPEED=30.0 RELATIVE=1
WAIT S=0.001
G0 Z0.01 F3000.0 ;position for liquid contact
G0 Z1.0 F5000.0
G0 X95.5 Y83.5 F5000.0
G0 Z1.0 F3000.0
DISPENSE MM=0.015 SPEED=30.0 RELATIVE=1
WAIT S=0.001
G0 Z0.01 F3000.0 ;position for liquid contact
G0 Z1.0 F5000.0
G0 X97.0 Y83.5 F5000.0
G0 Z1.0 F3000.0
DISPENSE MM=0.015 SPEED=30.0 RELATIVE=1
WAIT S=0.001
G0 Z0.01 F3000.0 ;position for liquid contact
G0 Z1.0 F5000.0
G0 X98.5 Y83.5 F5000.0
G0 Z1.0 F3000.0
DISPENSE MM=0.015 SPEED=30.0 RELATIVE=1
WAIT S=0.001
G0 Z0.01 F3000.0 ;position for liquid contact
G0 Z1.0 F5000.0
G0 X100.0 Y83.5 F5000.0
G0 Z1.0 F3000.0
DISPENSE MM=0.015 SPEED=30.0 RELATIVE=1
WAIT S=0.001
G0 Z0.01 F3000.0 ;position for liquid contact
G0 Z1.0 F5000.0
G0 X101.5 Y83.5 F5000.0
G0 Z1.0 F3000.0
DISPENSE MM=0.015 SPEED=30.0 RELATIVE=1
WAIT S=0.001
G0 Z0.01 F3000.0 ;position for liquid contact
G0 Z1.0 F5000.0
G0 X103.0 Y83.5 F5000.0
G0 Z1.0 F3000.0
DISPENSE MM=0.015 SPEED=30.0 RELATIVE=1
WAIT S=0.001
G0 Z0.01 F3000.0 ;position for liquid contact
G0 Z1.0 F5000.0
G0 X104.5 Y83.5 F5000.0
G0 Z1.0 F3000.0
DISPENSE MM=0.015 SPEED=30.0 RELATIVE=1
WAIT S=0.001
G0 Z0.01 F3000.0 ;position for liquid contact
G0 Z1.0 F5000.0
G0 X106.0 Y83.5 F5000.0
G0 Z1.0 F3000.0
DISPENSE MM=0.015 SPEED=30.0 RELATIVE=1
WAIT S=0.001
G0 Z0.01 F3000.0 ;position for liquid contact
G0 Z1.0 F5000.0
G0 X107.5 Y83.5 F5000.0
G0 Z1.0 F3000.0
DISPENSE MM=0.015 SPEED=30.0 RELATIVE=1
WAIT S=0.001
G0 Z0.01 F3000.0 ;position for liquid contact
G0 Z1.0 F5000.0
G0 X109.0 Y83.5 F5000.0
G0 Z1.0 F3000.0
DISPENSE MM=0.015 SPEED=30.0 RELATIVE=1
WAIT S=0.001
G0 Z0.01 F3000.0 ;position for liquid contact
G0 Z1.0 F5000.0
G0 X110.5 Y83.5 F5000.0
G0 Z1.0 F3000.0
DISPENSE MM=0.015 SPEED=30.0 RELATIVE=1
WAIT S=0.001
G0 Z0.01 F3000.0 ;position for liquid contact
G0 Z1.0 F5000.0
G0 X82.0 Y85.0 F5000.0
G0 Z1.0 F3000.0
WAIT S=0.2
DISPENSE MM=0.015 SPEED=30.0 RELATIVE=1
WAIT S=0.001
G0 Z0.01 F3000.0 ;position for liquid contact
G0 Z1.0 F5000.0
G0 X83.5 Y85.0 F5000.0
G0 Z1.0 F3000.0
DISPENSE MM=0.015 SPEED=30.0 RELATIVE=1
WAIT S=0.001
G0 Z0.01 F3000.0 ;position for liquid contact
G0 Z1.0 F5000.0
G0 X85.0 Y85.0 F5000.0
G0 Z1.0 F3000.0
DISPENSE MM=0.015 SPEED=30.0 RELATIVE=1
WAIT S=0.001
G0 Z0.01 F3000.0 ;position for liquid contact
G0 Z1.0 F5000.0
G0 X86.5 Y85.0 F5000.0
G0 Z1.0 F3000.0
DISPENSE MM=0.015 SPEED=30.0 RELATIVE=1
WAIT S=0.001
G0 Z0.01 F3000.0 ;position for liquid contact
G0 Z1.0 F5000.0
G0 X88.0 Y85.0 F5000.0
G0 Z1.0 F3000.0
DISPENSE MM=0.015 SPEED=30.0 RELATIVE=1
WAIT S=0.001
G0 Z0.01 F3000.0 ;position for liquid contact
G0 Z1.0 F5000.0
G0 X89.5 Y85.0 F5000.0
G0 Z1.0 F3000.0
DISPENSE MM=0.015 SPEED=30.0 RELATIVE=1
WAIT S=0.001
G0 Z0.01 F3000.0 ;position for liquid contact
G0 Z1.0 F5000.0
G0 X91.0 Y85.0 F5000.0
G0 Z1.0 F3000.0
DISPENSE MM=0.015 SPEED=30.0 RELATIVE=1
WAIT S=0.001
G0 Z0.01 F3000.0 ;position for liquid contact
G0 Z1.0 F5000.0
G0 X92.5 Y85.0 F5000.0
G0 Z1.0 F3000.0
DISPENSE MM=0.015 SPEED=30.0 RELATIVE=1
WAIT S=0.001
G0 Z0.01 F3000.0 ;position for liquid contact
G0 Z1.0 F5000.0
G0 X94.0 Y85.0 F5000.0
G0 Z1.0 F3000.0
DISPENSE MM=0.015 SPEED=30.0 RELATIVE=1
WAIT S=0.001
G0 Z0.01 F3000.0 ;position for liquid contact
G0 Z1.0 F5000.0
G0 X95.5 Y85.0 F5000.0
G0 Z1.0 F3000.0
DISPENSE MM=0.015 SPEED=30.0 RELATIVE=1
WAIT S=0.001
G0 Z0.01 F3000.0 ;position for liquid contact
G0 Z1.0 F5000.0
G0 X97.0 Y85.0 F5000.0
G0 Z1.0 F3000.0
DISPENSE MM=0.015 SPEED=30.0 RELATIVE=1
WAIT S=0.001
G0 Z0.01 F3000.0 ;position for liquid contact
G0 Z1.0 F5000.0
G0 X98.5 Y85.0 F5000.0
G0 Z1.0 F3000.0
DISPENSE MM=0.015 SPEED=30.0 RELATIVE=1
WAIT S=0.001
G0 Z0.01 F3000.0 ;position for liquid contact
G0 Z1.0 F5000.0
G0 X100.0 Y85.0 F5000.0
G0 Z1.0 F3000.0
DISPENSE MM=0.015 SPEED=30.0 RELATIVE=1
WAIT S=0.001
G0 Z0.01 F3000.0 ;position for liquid contact
G0 Z1.0 F5000.0
G0 X101.5 Y85.0 F5000.0
G0 Z1.0 F3000.0
DISPENSE MM=0.015 SPEED=30.0 RELATIVE=1
WAIT S=0.001
G0 Z0.01 F3000.0 ;position for liquid contact
G0 Z1.0 F5000.0
G0 X103.0 Y85.0 F5000.0
G0 Z1.0 F3000.0
DISPENSE MM=0.015 SPEED=30.0 RELATIVE=1
WAIT S=0.001
G0 Z0.01 F3000.0 ;position for liquid contact
G0 Z1.0 F5000.0
G0 X104.5 Y85.0 F5000.0
G0 Z1.0 F3000.0
DISPENSE MM=0.015 SPEED=30.0 RELATIVE=1
WAIT S=0.001
G0 Z0.01 F3000.0 ;position for liquid contact
G0 Z1.0 F5000.0
G0 X106.0 Y85.0 F5000.0
G0 Z1.0 F3000.0
DISPENSE MM=0.015 SPEED=30.0 RELATIVE=1
WAIT S=0.001
G0 Z0.01 F3000.0 ;position for liquid contact
G0 Z1.0 F5000.0
G0 X107.5 Y85.0 F5000.0
G0 Z1.0 F3000.0
DISPENSE MM=0.015 SPEED=30.0 RELATIVE=1
WAIT S=0.001
G0 Z0.01 F3000.0 ;position for liquid contact
G0 Z1.0 F5000.0
G0 X109.0 Y85.0 F5000.0
G0 Z1.0 F3000.0
DISPENSE MM=0.015 SPEED=30.0 RELATIVE=1
WAIT S=0.001
G0 Z0.01 F3000.0 ;position for liquid contact
G0 Z1.0 F5000.0
G0 X110.5 Y85.0 F5000.0
G0 Z1.0 F3000.0
DISPENSE MM=0.015 SPEED=30.0 RELATIVE=1
WAIT S=0.001
G0 Z0.01 F3000.0 ;position for liquid contact
G0 Z1.0 F5000.0
G0 X82.0 Y86.5 F5000.0
G0 Z1.0 F3000.0
WAIT S=0.2
DISPENSE MM=0.015 SPEED=30.0 RELATIVE=1
WAIT S=0.001
G0 Z0.01 F3000.0 ;position for liquid contact
G0 Z1.0 F5000.0
G0 X83.5 Y86.5 F5000.0
G0 Z1.0 F3000.0
DISPENSE MM=0.015 SPEED=30.0 RELATIVE=1
WAIT S=0.001
G0 Z0.01 F3000.0 ;position for liquid contact
G0 Z1.0 F5000.0
G0 X85.0 Y86.5 F5000.0
G0 Z1.0 F3000.0
DISPENSE MM=0.015 SPEED=30.0 RELATIVE=1
WAIT S=0.001
G0 Z0.01 F3000.0 ;position for liquid contact
G0 Z1.0 F5000.0
G0 X86.5 Y86.5 F5000.0
G0 Z1.0 F3000.0
DISPENSE MM=0.015 SPEED=30.0 RELATIVE=1
WAIT S=0.001
G0 Z0.01 F3000.0 ;position for liquid contact
G0 Z1.0 F5000.0
G0 X88.0 Y86.5 F5000.0
G0 Z1.0 F3000.0
DISPENSE MM=0.015 SPEED=30.0 RELATIVE=1
WAIT S=0.001
G0 Z0.01 F3000.0 ;position for liquid contact
G0 Z1.0 F5000.0
G0 X89.5 Y86.5 F5000.0
G0 Z1.0 F3000.0
DISPENSE MM=0.015 SPEED=30.0 RELATIVE=1
WAIT S=0.001
G0 Z0.01 F3000.0 ;position for liquid contact
G0 Z1.0 F5000.0
G0 X91.0 Y86.5 F5000.0
G0 Z1.0 F3000.0
DISPENSE MM=0.015 SPEED=30.0 RELATIVE=1
WAIT S=0.001
G0 Z0.01 F3000.0 ;position for liquid contact
G0 Z1.0 F5000.0
G0 X92.5 Y86.5 F5000.0
G0 Z1.0 F3000.0
DISPENSE MM=0.015 SPEED=30.0 RELATIVE=1
WAIT S=0.001
G0 Z0.01 F3000.0 ;position for liquid contact
G0 Z1.0 F5000.0
G0 X94.0 Y86.5 F5000.0
G0 Z1.0 F3000.0
DISPENSE MM=0.015 SPEED=30.0 RELATIVE=1
WAIT S=0.001
G0 Z0.01 F3000.0 ;position for liquid contact
G0 Z1.0 F5000.0
G0 X95.5 Y86.5 F5000.0
G0 Z1.0 F3000.0
DISPENSE MM=0.015 SPEED=30.0 RELATIVE=1
WAIT S=0.001
G0 Z0.01 F3000.0 ;position for liquid contact
G0 Z1.0 F5000.0
G0 X97.0 Y86.5 F5000.0
G0 Z1.0 F3000.0
DISPENSE MM=0.015 SPEED=30.0 RELATIVE=1
WAIT S=0.001
G0 Z0.01 F3000.0 ;position for liquid contact
G0 Z1.0 F5000.0
G0 X98.5 Y86.5 F5000.0
G0 Z1.0 F3000.0
DISPENSE MM=0.015 SPEED=30.0 RELATIVE=1
WAIT S=0.001
G0 Z0.01 F3000.0 ;position for liquid contact
G0 Z1.0 F5000.0
G0 X100.0 Y86.5 F5000.0
G0 Z1.0 F3000.0
DISPENSE MM=0.015 SPEED=30.0 RELATIVE=1
WAIT S=0.001
G0 Z0.01 F3000.0 ;position for liquid contact
G0 Z1.0 F5000.0
G0 X101.5 Y86.5 F5000.0
G0 Z1.0 F3000.0
DISPENSE MM=0.015 SPEED=30.0 RELATIVE=1
WAIT S=0.001
G0 Z0.01 F3000.0 ;position for liquid contact
G0 Z1.0 F5000.0
G0 X103.0 Y86.5 F5000.0
G0 Z1.0 F3000.0
DISPENSE MM=0.015 SPEED=30.0 RELATIVE=1
WAIT S=0.001
G0 Z0.01 F3000.0 ;position for liquid contact
G0 Z1.0 F5000.0
G0 X104.5 Y86.5 F5000.0
G0 Z1.0 F3000.0
DISPENSE MM=0.015 SPEED=30.0 RELATIVE=1
WAIT S=0.001
G0 Z0.01 F3000.0 ;position for liquid contact
G0 Z1.0 F5000.0
G0 X106.0 Y86.5 F5000.0
G0 Z1.0 F3000.0
DISPENSE MM=0.015 SPEED=30.0 RELATIVE=1
WAIT S=0.001
G0 Z0.01 F3000.0 ;position for liquid contact
G0 Z1.0 F5000.0
G0 X107.5 Y86.5 F5000.0
G0 Z1.0 F3000.0
DISPENSE MM=0.015 SPEED=30.0 RELATIVE=1
WAIT S=0.001
G0 Z0.01 F3000.0 ;position for liquid contact
G0 Z1.0 F5000.0
G0 X109.0 Y86.5 F5000.0
G0 Z1.0 F3000.0
DISPENSE MM=0.015 SPEED=30.0 RELATIVE=1
WAIT S=0.001
G0 Z0.01 F3000.0 ;position for liquid contact
G0 Z1.0 F5000.0
G0 X110.5 Y86.5 F5000.0
G0 Z1.0 F3000.0
DISPENSE MM=0.015 SPEED=30.0 RELATIVE=1
WAIT S=0.001
G0 Z0.01 F3000.0 ;position for liquid contact
G0 Z1.0 F5000.0
G0 X82.0 Y88.0 F5000.0
G0 Z1.0 F3000.0
WAIT S=0.2
DISPENSE MM=0.015 SPEED=30.0 RELATIVE=1
WAIT S=0.001
G0 Z0.01 F3000.0 ;position for liquid contact
G0 Z1.0 F5000.0
G0 X83.5 Y88.0 F5000.0
G0 Z1.0 F3000.0
DISPENSE MM=0.015 SPEED=30.0 RELATIVE=1
WAIT S=0.001
G0 Z0.01 F3000.0 ;position for liquid contact
G0 Z1.0 F5000.0
G0 X85.0 Y88.0 F5000.0
G0 Z1.0 F3000.0
DISPENSE MM=0.015 SPEED=30.0 RELATIVE=1
WAIT S=0.001
G0 Z0.01 F3000.0 ;position for liquid contact
G0 Z1.0 F5000.0
G0 X86.5 Y88.0 F5000.0
G0 Z1.0 F3000.0
DISPENSE MM=0.015 SPEED=30.0 RELATIVE=1
WAIT S=0.001
G0 Z0.01 F3000.0 ;position for liquid contact
G0 Z1.0 F5000.0
G0 X88.0 Y88.0 F5000.0
G0 Z1.0 F3000.0
DISPENSE MM=0.015 SPEED=30.0 RELATIVE=1
WAIT S=0.001
G0 Z0.01 F3000.0 ;position for liquid contact
G0 Z1.0 F5000.0
G0 X89.5 Y88.0 F5000.0
G0 Z1.0 F3000.0
DISPENSE MM=0.015 SPEED=30.0 RELATIVE=1
WAIT S=0.001
G0 Z0.01 F3000.0 ;position for liquid contact
G0 Z1.0 F5000.0
G0 X91.0 Y88.0 F5000.0
G0 Z1.0 F3000.0
DISPENSE MM=0.015 SPEED=30.0 RELATIVE=1
WAIT S=0.001
G0 Z0.01 F3000.0 ;position for liquid contact
G0 Z1.0 F5000.0
G0 X92.5 Y88.0 F5000.0
G0 Z1.0 F3000.0
DISPENSE MM=0.015 SPEED=30.0 RELATIVE=1
WAIT S=0.001
G0 Z0.01 F3000.0 ;position for liquid contact
G0 Z1.0 F5000.0
G0 X94.0 Y88.0 F5000.0
G0 Z1.0 F3000.0
DISPENSE MM=0.015 SPEED=30.0 RELATIVE=1
WAIT S=0.001
G0 Z0.01 F3000.0 ;position for liquid contact
G0 Z1.0 F5000.0
G0 X95.5 Y88.0 F5000.0
G0 Z1.0 F3000.0
DISPENSE MM=0.015 SPEED=30.0 RELATIVE=1
WAIT S=0.001
G0 Z0.01 F3000.0 ;position for liquid contact
G0 Z1.0 F5000.0
G0 X97.0 Y88.0 F5000.0
G0 Z1.0 F3000.0
DISPENSE MM=0.015 SPEED=30.0 RELATIVE=1
WAIT S=0.001
G0 Z0.01 F3000.0 ;position for liquid contact
G0 Z1.0 F5000.0
G0 X98.5 Y88.0 F5000.0
G0 Z1.0 F3000.0
DISPENSE MM=0.015 SPEED=30.0 RELATIVE=1
WAIT S=0.001
G0 Z0.01 F3000.0 ;position for liquid contact
G0 Z1.0 F5000.0
G0 X100.0 Y88.0 F5000.0
G0 Z1.0 F3000.0
DISPENSE MM=0.015 SPEED=30.0 RELATIVE=1
WAIT S=0.001
G0 Z0.01 F3000.0 ;position for liquid contact
G0 Z1.0 F5000.0
G0 X101.5 Y88.0 F5000.0
G0 Z1.0 F3000.0
DISPENSE MM=0.015 SPEED=30.0 RELATIVE=1
WAIT S=0.001
G0 Z0.01 F3000.0 ;position for liquid contact
G0 Z1.0 F5000.0
G0 X103.0 Y88.0 F5000.0
G0 Z1.0 F3000.0
DISPENSE MM=0.015 SPEED=30.0 RELATIVE=1
WAIT S=0.001
G0 Z0.01 F3000.0 ;position for liquid contact
G0 Z1.0 F5000.0
G0 X104.5 Y88.0 F5000.0
G0 Z1.0 F3000.0
DISPENSE MM=0.015 SPEED=30.0 RELATIVE=1
WAIT S=0.001
G0 Z0.01 F3000.0 ;position for liquid contact
G0 Z1.0 F5000.0
G0 X106.0 Y88.0 F5000.0
G0 Z1.0 F3000.0
DISPENSE MM=0.015 SPEED=30.0 RELATIVE=1
WAIT S=0.001
G0 Z0.01 F3000.0 ;position for liquid contact
G0 Z1.0 F5000.0
G0 X107.5 Y88.0 F5000.0
G0 Z1.0 F3000.0
DISPENSE MM=0.015 SPEED=30.0 RELATIVE=1
WAIT S=0.001
G0 Z0.01 F3000.0 ;position for liquid contact
G0 Z1.0 F5000.0
G0 X109.0 Y88.0 F5000.0
G0 Z1.0 F3000.0
DISPENSE MM=0.015 SPEED=30.0 RELATIVE=1
WAIT S=0.001
G0 Z0.01 F3000.0 ;position for liquid contact
G0 Z1.0 F5000.0
G0 X110.5 Y88.0 F5000.0
G0 Z1.0 F3000.0
DISPENSE MM=0.015 SPEED=30.0 RELATIVE=1
WAIT S=0.001
G0 Z0.01 F3000.0 ;position for liquid contact
G0 Z1.0 F5000.0
G0 X82.0 Y89.5 F5000.0
G0 Z1.0 F3000.0
WAIT S=0.2
DISPENSE MM=0.015 SPEED=30.0 RELATIVE=1
WAIT S=0.001
G0 Z0.01 F3000.0 ;position for liquid contact
G0 Z1.0 F5000.0
G0 X83.5 Y89.5 F5000.0
G0 Z1.0 F3000.0
DISPENSE MM=0.015 SPEED=30.0 RELATIVE=1
WAIT S=0.001
G0 Z0.01 F3000.0 ;position for liquid contact
G0 Z1.0 F5000.0
G0 X85.0 Y89.5 F5000.0
G0 Z1.0 F3000.0
DISPENSE MM=0.015 SPEED=30.0 RELATIVE=1
WAIT S=0.001
G0 Z0.01 F3000.0 ;position for liquid contact
G0 Z1.0 F5000.0
G0 X86.5 Y89.5 F5000.0
G0 Z1.0 F3000.0
DISPENSE MM=0.015 SPEED=30.0 RELATIVE=1
WAIT S=0.001
G0 Z0.01 F3000.0 ;position for liquid contact
G0 Z1.0 F5000.0
G0 X88.0 Y89.5 F5000.0
G0 Z1.0 F3000.0
DISPENSE MM=0.015 SPEED=30.0 RELATIVE=1
WAIT S=0.001
G0 Z0.01 F3000.0 ;position for liquid contact
G0 Z1.0 F5000.0
G0 X89.5 Y89.5 F5000.0
G0 Z1.0 F3000.0
DISPENSE MM=0.015 SPEED=30.0 RELATIVE=1
WAIT S=0.001
G0 Z0.01 F3000.0 ;position for liquid contact
G0 Z1.0 F5000.0
G0 X91.0 Y89.5 F5000.0
G0 Z1.0 F3000.0
DISPENSE MM=0.015 SPEED=30.0 RELATIVE=1
WAIT S=0.001
G0 Z0.01 F3000.0 ;position for liquid contact
G0 Z1.0 F5000.0
G0 X92.5 Y89.5 F5000.0
G0 Z1.0 F3000.0
DISPENSE MM=0.015 SPEED=30.0 RELATIVE=1
WAIT S=0.001
G0 Z0.01 F3000.0 ;position for liquid contact
G0 Z1.0 F5000.0
G0 X94.0 Y89.5 F5000.0
G0 Z1.0 F3000.0
DISPENSE MM=0.015 SPEED=30.0 RELATIVE=1
WAIT S=0.001
G0 Z0.01 F3000.0 ;position for liquid contact
G0 Z1.0 F5000.0
G0 X95.5 Y89.5 F5000.0
G0 Z1.0 F3000.0
DISPENSE MM=0.015 SPEED=30.0 RELATIVE=1
WAIT S=0.001
G0 Z0.01 F3000.0 ;position for liquid contact
G0 Z1.0 F5000.0
G0 X97.0 Y89.5 F5000.0
G0 Z1.0 F3000.0
DISPENSE MM=0.015 SPEED=30.0 RELATIVE=1
WAIT S=0.001
G0 Z0.01 F3000.0 ;position for liquid contact
G0 Z1.0 F5000.0
G0 X98.5 Y89.5 F5000.0
G0 Z1.0 F3000.0
DISPENSE MM=0.015 SPEED=30.0 RELATIVE=1
WAIT S=0.001
G0 Z0.01 F3000.0 ;position for liquid contact
G0 Z1.0 F5000.0
G0 X100.0 Y89.5 F5000.0
G0 Z1.0 F3000.0
DISPENSE MM=0.015 SPEED=30.0 RELATIVE=1
WAIT S=0.001
G0 Z0.01 F3000.0 ;position for liquid contact
G0 Z1.0 F5000.0
G0 X101.5 Y89.5 F5000.0
G0 Z1.0 F3000.0
DISPENSE MM=0.015 SPEED=30.0 RELATIVE=1
WAIT S=0.001
G0 Z0.01 F3000.0 ;position for liquid contact
G0 Z1.0 F5000.0
G0 X103.0 Y89.5 F5000.0
G0 Z1.0 F3000.0
DISPENSE MM=0.015 SPEED=30.0 RELATIVE=1
WAIT S=0.001
G0 Z0.01 F3000.0 ;position for liquid contact
G0 Z1.0 F5000.0
G0 X104.5 Y89.5 F5000.0
G0 Z1.0 F3000.0
DISPENSE MM=0.015 SPEED=30.0 RELATIVE=1
WAIT S=0.001
G0 Z0.01 F3000.0 ;position for liquid contact
G0 Z1.0 F5000.0
G0 X106.0 Y89.5 F5000.0
G0 Z1.0 F3000.0
DISPENSE MM=0.015 SPEED=30.0 RELATIVE=1
WAIT S=0.001
G0 Z0.01 F3000.0 ;position for liquid contact
G0 Z1.0 F5000.0
G0 X107.5 Y89.5 F5000.0
G0 Z1.0 F3000.0
DISPENSE MM=0.015 SPEED=30.0 RELATIVE=1
WAIT S=0.001
G0 Z0.01 F3000.0 ;position for liquid contact
G0 Z1.0 F5000.0
G0 X109.0 Y89.5 F5000.0
G0 Z1.0 F3000.0
DISPENSE MM=0.015 SPEED=30.0 RELATIVE=1
WAIT S=0.001
G0 Z0.01 F3000.0 ;position for liquid contact
G0 Z1.0 F5000.0
G0 X110.5 Y89.5 F5000.0
G0 Z1.0 F3000.0
DISPENSE MM=0.015 SPEED=30.0 RELATIVE=1
WAIT S=0.001
G0 Z0.01 F3000.0 ;position for liquid contact
G0 Z1.0 F5000.0
G0 X82.0 Y91.0 F5000.0
G0 Z1.0 F3000.0
WAIT S=0.2
DISPENSE MM=0.015 SPEED=30.0 RELATIVE=1
WAIT S=0.001
G0 Z0.01 F3000.0 ;position for liquid contact
G0 Z1.0 F5000.0
G0 X83.5 Y91.0 F5000.0
G0 Z1.0 F3000.0
DISPENSE MM=0.015 SPEED=30.0 RELATIVE=1
WAIT S=0.001
G0 Z0.01 F3000.0 ;position for liquid contact
G0 Z1.0 F5000.0
G0 X85.0 Y91.0 F5000.0
G0 Z1.0 F3000.0
DISPENSE MM=0.015 SPEED=30.0 RELATIVE=1
WAIT S=0.001
G0 Z0.01 F3000.0 ;position for liquid contact
G0 Z1.0 F5000.0
G0 X86.5 Y91.0 F5000.0
G0 Z1.0 F3000.0
DISPENSE MM=0.015 SPEED=30.0 RELATIVE=1
WAIT S=0.001
G0 Z0.01 F3000.0 ;position for liquid contact
G0 Z1.0 F5000.0
G0 X88.0 Y91.0 F5000.0
G0 Z1.0 F3000.0
DISPENSE MM=0.015 SPEED=30.0 RELATIVE=1
WAIT S=0.001
G0 Z0.01 F3000.0 ;position for liquid contact
G0 Z1.0 F5000.0
G0 X89.5 Y91.0 F5000.0
G0 Z1.0 F3000.0
DISPENSE MM=0.015 SPEED=30.0 RELATIVE=1
WAIT S=0.001
G0 Z0.01 F3000.0 ;position for liquid contact
G0 Z1.0 F5000.0
G0 X91.0 Y91.0 F5000.0
G0 Z1.0 F3000.0
DISPENSE MM=0.015 SPEED=30.0 RELATIVE=1
WAIT S=0.001
G0 Z0.01 F3000.0 ;position for liquid contact
G0 Z1.0 F5000.0
G0 X92.5 Y91.0 F5000.0
G0 Z1.0 F3000.0
DISPENSE MM=0.015 SPEED=30.0 RELATIVE=1
WAIT S=0.001
G0 Z0.01 F3000.0 ;position for liquid contact
G0 Z1.0 F5000.0
G0 X94.0 Y91.0 F5000.0
G0 Z1.0 F3000.0
DISPENSE MM=0.015 SPEED=30.0 RELATIVE=1
WAIT S=0.001
G0 Z0.01 F3000.0 ;position for liquid contact
G0 Z1.0 F5000.0
G0 X95.5 Y91.0 F5000.0
G0 Z1.0 F3000.0
DISPENSE MM=0.015 SPEED=30.0 RELATIVE=1
WAIT S=0.001
G0 Z0.01 F3000.0 ;position for liquid contact
G0 Z1.0 F5000.0
G0 X97.0 Y91.0 F5000.0
G0 Z1.0 F3000.0
DISPENSE MM=0.015 SPEED=30.0 RELATIVE=1
WAIT S=0.001
G0 Z0.01 F3000.0 ;position for liquid contact
G0 Z1.0 F5000.0
G0 X98.5 Y91.0 F5000.0
G0 Z1.0 F3000.0
DISPENSE MM=0.015 SPEED=30.0 RELATIVE=1
WAIT S=0.001
G0 Z0.01 F3000.0 ;position for liquid contact
G0 Z1.0 F5000.0
G0 X100.0 Y91.0 F5000.0
G0 Z1.0 F3000.0
DISPENSE MM=0.015 SPEED=30.0 RELATIVE=1
WAIT S=0.001
G0 Z0.01 F3000.0 ;position for liquid contact
G0 Z1.0 F5000.0
G0 X101.5 Y91.0 F5000.0
G0 Z1.0 F3000.0
DISPENSE MM=0.015 SPEED=30.0 RELATIVE=1
WAIT S=0.001
G0 Z0.01 F3000.0 ;position for liquid contact
G0 Z1.0 F5000.0
G0 X103.0 Y91.0 F5000.0
G0 Z1.0 F3000.0
DISPENSE MM=0.015 SPEED=30.0 RELATIVE=1
WAIT S=0.001
G0 Z0.01 F3000.0 ;position for liquid contact
G0 Z1.0 F5000.0
G0 X104.5 Y91.0 F5000.0
G0 Z1.0 F3000.0
DISPENSE MM=0.015 SPEED=30.0 RELATIVE=1
WAIT S=0.001
G0 Z0.01 F3000.0 ;position for liquid contact
G0 Z1.0 F5000.0
G0 X106.0 Y91.0 F5000.0
G0 Z1.0 F3000.0
DISPENSE MM=0.015 SPEED=30.0 RELATIVE=1
WAIT S=0.001
G0 Z0.01 F3000.0 ;position for liquid contact
G0 Z1.0 F5000.0
G0 X107.5 Y91.0 F5000.0
G0 Z1.0 F3000.0
DISPENSE MM=0.015 SPEED=30.0 RELATIVE=1
WAIT S=0.001
G0 Z0.01 F3000.0 ;position for liquid contact
G0 Z1.0 F5000.0
G0 X109.0 Y91.0 F5000.0
G0 Z1.0 F3000.0
DISPENSE MM=0.015 SPEED=30.0 RELATIVE=1
WAIT S=0.001
G0 Z0.01 F3000.0 ;position for liquid contact
G0 Z1.0 F5000.0
G0 X110.5 Y91.0 F5000.0
G0 Z1.0 F3000.0
DISPENSE MM=0.015 SPEED=30.0 RELATIVE=1
WAIT S=0.001
G0 Z0.01 F3000.0 ;position for liquid contact
G0 Z1.0 F5000.0
G0 X82.0 Y92.5 F5000.0
G0 Z1.0 F3000.0
WAIT S=0.2
DISPENSE MM=0.015 SPEED=30.0 RELATIVE=1
WAIT S=0.001
G0 Z0.01 F3000.0 ;position for liquid contact
G0 Z1.0 F5000.0
G0 X83.5 Y92.5 F5000.0
G0 Z1.0 F3000.0
DISPENSE MM=0.015 SPEED=30.0 RELATIVE=1
WAIT S=0.001
G0 Z0.01 F3000.0 ;position for liquid contact
G0 Z1.0 F5000.0
G0 X85.0 Y92.5 F5000.0
G0 Z1.0 F3000.0
DISPENSE MM=0.015 SPEED=30.0 RELATIVE=1
WAIT S=0.001
G0 Z0.01 F3000.0 ;position for liquid contact
G0 Z1.0 F5000.0
G0 X86.5 Y92.5 F5000.0
G0 Z1.0 F3000.0
DISPENSE MM=0.015 SPEED=30.0 RELATIVE=1
WAIT S=0.001
G0 Z0.01 F3000.0 ;position for liquid contact
G0 Z1.0 F5000.0
G0 X88.0 Y92.5 F5000.0
G0 Z1.0 F3000.0
DISPENSE MM=0.015 SPEED=30.0 RELATIVE=1
WAIT S=0.001
G0 Z0.01 F3000.0 ;position for liquid contact
G0 Z1.0 F5000.0
G0 X89.5 Y92.5 F5000.0
G0 Z1.0 F3000.0
DISPENSE MM=0.015 SPEED=30.0 RELATIVE=1
WAIT S=0.001
G0 Z0.01 F3000.0 ;position for liquid contact
G0 Z1.0 F5000.0
G0 X91.0 Y92.5 F5000.0
G0 Z1.0 F3000.0
DISPENSE MM=0.015 SPEED=30.0 RELATIVE=1
WAIT S=0.001
G0 Z0.01 F3000.0 ;position for liquid contact
G0 Z1.0 F5000.0
G0 X92.5 Y92.5 F5000.0
G0 Z1.0 F3000.0
DISPENSE MM=0.015 SPEED=30.0 RELATIVE=1
WAIT S=0.001
G0 Z0.01 F3000.0 ;position for liquid contact
G0 Z1.0 F5000.0
G0 X94.0 Y92.5 F5000.0
G0 Z1.0 F3000.0
DISPENSE MM=0.015 SPEED=30.0 RELATIVE=1
WAIT S=0.001
G0 Z0.01 F3000.0 ;position for liquid contact
G0 Z1.0 F5000.0
G0 X95.5 Y92.5 F5000.0
G0 Z1.0 F3000.0
DISPENSE MM=0.015 SPEED=30.0 RELATIVE=1
WAIT S=0.001
G0 Z0.01 F3000.0 ;position for liquid contact
G0 Z1.0 F5000.0
G0 X97.0 Y92.5 F5000.0
G0 Z1.0 F3000.0
DISPENSE MM=0.015 SPEED=30.0 RELATIVE=1
WAIT S=0.001
G0 Z0.01 F3000.0 ;position for liquid contact
G0 Z1.0 F5000.0
G0 X98.5 Y92.5 F5000.0
G0 Z1.0 F3000.0
DISPENSE MM=0.015 SPEED=30.0 RELATIVE=1
WAIT S=0.001
G0 Z0.01 F3000.0 ;position for liquid contact
G0 Z1.0 F5000.0
G0 X100.0 Y92.5 F5000.0
G0 Z1.0 F3000.0
DISPENSE MM=0.015 SPEED=30.0 RELATIVE=1
WAIT S=0.001
G0 Z0.01 F3000.0 ;position for liquid contact
G0 Z1.0 F5000.0
G0 X101.5 Y92.5 F5000.0
G0 Z1.0 F3000.0
DISPENSE MM=0.015 SPEED=30.0 RELATIVE=1
WAIT S=0.001
G0 Z0.01 F3000.0 ;position for liquid contact
G0 Z1.0 F5000.0
G0 X103.0 Y92.5 F5000.0
G0 Z1.0 F3000.0
DISPENSE MM=0.015 SPEED=30.0 RELATIVE=1
WAIT S=0.001
G0 Z0.01 F3000.0 ;position for liquid contact
G0 Z1.0 F5000.0
G0 X104.5 Y92.5 F5000.0
G0 Z1.0 F3000.0
DISPENSE MM=0.015 SPEED=30.0 RELATIVE=1
WAIT S=0.001
G0 Z0.01 F3000.0 ;position for liquid contact
G0 Z1.0 F5000.0
G0 X106.0 Y92.5 F5000.0
G0 Z1.0 F3000.0
DISPENSE MM=0.015 SPEED=30.0 RELATIVE=1
WAIT S=0.001
G0 Z0.01 F3000.0 ;position for liquid contact
G0 Z1.0 F5000.0
G0 X107.5 Y92.5 F5000.0
G0 Z1.0 F3000.0
DISPENSE MM=0.015 SPEED=30.0 RELATIVE=1
WAIT S=0.001
G0 Z0.01 F3000.0 ;position for liquid contact
G0 Z1.0 F5000.0
G0 X109.0 Y92.5 F5000.0
G0 Z1.0 F3000.0
DISPENSE MM=0.015 SPEED=30.0 RELATIVE=1
WAIT S=0.001
G0 Z0.01 F3000.0 ;position for liquid contact
G0 Z1.0 F5000.0
G0 X110.5 Y92.5 F5000.0
G0 Z1.0 F3000.0
DISPENSE MM=0.015 SPEED=30.0 RELATIVE=1
WAIT S=0.001
G0 Z0.01 F3000.0 ;position for liquid contact
G0 Z1.0 F5000.0
G0 X82.0 Y94.0 F5000.0
G0 Z1.0 F3000.0
WAIT S=0.2
DISPENSE MM=0.015 SPEED=30.0 RELATIVE=1
WAIT S=0.001
G0 Z0.01 F3000.0 ;position for liquid contact
G0 Z1.0 F5000.0
G0 X83.5 Y94.0 F5000.0
G0 Z1.0 F3000.0
DISPENSE MM=0.015 SPEED=30.0 RELATIVE=1
WAIT S=0.001
G0 Z0.01 F3000.0 ;position for liquid contact
G0 Z1.0 F5000.0
G0 X85.0 Y94.0 F5000.0
G0 Z1.0 F3000.0
DISPENSE MM=0.015 SPEED=30.0 RELATIVE=1
WAIT S=0.001
G0 Z0.01 F3000.0 ;position for liquid contact
G0 Z1.0 F5000.0
G0 X86.5 Y94.0 F5000.0
G0 Z1.0 F3000.0
DISPENSE MM=0.015 SPEED=30.0 RELATIVE=1
WAIT S=0.001
G0 Z0.01 F3000.0 ;position for liquid contact
G0 Z1.0 F5000.0
G0 X88.0 Y94.0 F5000.0
G0 Z1.0 F3000.0
DISPENSE MM=0.015 SPEED=30.0 RELATIVE=1
WAIT S=0.001
G0 Z0.01 F3000.0 ;position for liquid contact
G0 Z1.0 F5000.0
G0 X89.5 Y94.0 F5000.0
G0 Z1.0 F3000.0
DISPENSE MM=0.015 SPEED=30.0 RELATIVE=1
WAIT S=0.001
G0 Z0.01 F3000.0 ;position for liquid contact
G0 Z1.0 F5000.0
G0 X91.0 Y94.0 F5000.0
G0 Z1.0 F3000.0
DISPENSE MM=0.015 SPEED=30.0 RELATIVE=1
WAIT S=0.001
G0 Z0.01 F3000.0 ;position for liquid contact
G0 Z1.0 F5000.0
G0 X92.5 Y94.0 F5000.0
G0 Z1.0 F3000.0
DISPENSE MM=0.015 SPEED=30.0 RELATIVE=1
WAIT S=0.001
G0 Z0.01 F3000.0 ;position for liquid contact
G0 Z1.0 F5000.0
G0 X94.0 Y94.0 F5000.0
G0 Z1.0 F3000.0
DISPENSE MM=0.015 SPEED=30.0 RELATIVE=1
WAIT S=0.001
G0 Z0.01 F3000.0 ;position for liquid contact
G0 Z1.0 F5000.0
G0 X95.5 Y94.0 F5000.0
G0 Z1.0 F3000.0
DISPENSE MM=0.015 SPEED=30.0 RELATIVE=1
WAIT S=0.001
G0 Z0.01 F3000.0 ;position for liquid contact
G0 Z1.0 F5000.0
G0 X97.0 Y94.0 F5000.0
G0 Z1.0 F3000.0
DISPENSE MM=0.015 SPEED=30.0 RELATIVE=1
WAIT S=0.001
G0 Z0.01 F3000.0 ;position for liquid contact
G0 Z1.0 F5000.0
G0 X98.5 Y94.0 F5000.0
G0 Z1.0 F3000.0
DISPENSE MM=0.015 SPEED=30.0 RELATIVE=1
WAIT S=0.001
G0 Z0.01 F3000.0 ;position for liquid contact
G0 Z1.0 F5000.0
G0 X100.0 Y94.0 F5000.0
G0 Z1.0 F3000.0
DISPENSE MM=0.015 SPEED=30.0 RELATIVE=1
WAIT S=0.001
G0 Z0.01 F3000.0 ;position for liquid contact
G0 Z1.0 F5000.0
G0 X101.5 Y94.0 F5000.0
G0 Z1.0 F3000.0
DISPENSE MM=0.015 SPEED=30.0 RELATIVE=1
WAIT S=0.001
G0 Z0.01 F3000.0 ;position for liquid contact
G0 Z1.0 F5000.0
G0 X103.0 Y94.0 F5000.0
G0 Z1.0 F3000.0
DISPENSE MM=0.015 SPEED=30.0 RELATIVE=1
WAIT S=0.001
G0 Z0.01 F3000.0 ;position for liquid contact
G0 Z1.0 F5000.0
G0 X104.5 Y94.0 F5000.0
G0 Z1.0 F3000.0
DISPENSE MM=0.015 SPEED=30.0 RELATIVE=1
WAIT S=0.001
G0 Z0.01 F3000.0 ;position for liquid contact
G0 Z1.0 F5000.0
G0 X106.0 Y94.0 F5000.0
G0 Z1.0 F3000.0
DISPENSE MM=0.015 SPEED=30.0 RELATIVE=1
WAIT S=0.001
G0 Z0.01 F3000.0 ;position for liquid contact
G0 Z1.0 F5000.0
G0 X107.5 Y94.0 F5000.0
G0 Z1.0 F3000.0
DISPENSE MM=0.015 SPEED=30.0 RELATIVE=1
WAIT S=0.001
G0 Z0.01 F3000.0 ;position for liquid contact
G0 Z1.0 F5000.0
G0 X109.0 Y94.0 F5000.0
G0 Z1.0 F3000.0
DISPENSE MM=0.015 SPEED=30.0 RELATIVE=1
WAIT S=0.001
G0 Z0.01 F3000.0 ;position for liquid contact
G0 Z1.0 F5000.0
G0 X110.5 Y94.0 F5000.0
G0 Z1.0 F3000.0
DISPENSE MM=0.015 SPEED=30.0 RELATIVE=1
WAIT S=0.001
G0 Z0.01 F3000.0 ;position for liquid contact
G0 Z1.0 F5000.0
G0 X82.0 Y95.5 F5000.0
G0 Z1.0 F3000.0
WAIT S=0.2
DISPENSE MM=0.015 SPEED=30.0 RELATIVE=1
WAIT S=0.001
G0 Z0.01 F3000.0 ;position for liquid contact
G0 Z1.0 F5000.0
G0 X83.5 Y95.5 F5000.0
G0 Z1.0 F3000.0
DISPENSE MM=0.015 SPEED=30.0 RELATIVE=1
WAIT S=0.001
G0 Z0.01 F3000.0 ;position for liquid contact
G0 Z1.0 F5000.0
G0 X85.0 Y95.5 F5000.0
G0 Z1.0 F3000.0
DISPENSE MM=0.015 SPEED=30.0 RELATIVE=1
WAIT S=0.001
G0 Z0.01 F3000.0 ;position for liquid contact
G0 Z1.0 F5000.0
G0 X86.5 Y95.5 F5000.0
G0 Z1.0 F3000.0
DISPENSE MM=0.015 SPEED=30.0 RELATIVE=1
WAIT S=0.001
G0 Z0.01 F3000.0 ;position for liquid contact
G0 Z1.0 F5000.0
G0 X88.0 Y95.5 F5000.0
G0 Z1.0 F3000.0
DISPENSE MM=0.015 SPEED=30.0 RELATIVE=1
WAIT S=0.001
G0 Z0.01 F3000.0 ;position for liquid contact
G0 Z1.0 F5000.0
G0 X89.5 Y95.5 F5000.0
G0 Z1.0 F3000.0
DISPENSE MM=0.015 SPEED=30.0 RELATIVE=1
WAIT S=0.001
G0 Z0.01 F3000.0 ;position for liquid contact
G0 Z1.0 F5000.0
G0 X91.0 Y95.5 F5000.0
G0 Z1.0 F3000.0
DISPENSE MM=0.015 SPEED=30.0 RELATIVE=1
WAIT S=0.001
G0 Z0.01 F3000.0 ;position for liquid contact
G0 Z1.0 F5000.0
G0 X92.5 Y95.5 F5000.0
G0 Z1.0 F3000.0
DISPENSE MM=0.015 SPEED=30.0 RELATIVE=1
WAIT S=0.001
G0 Z0.01 F3000.0 ;position for liquid contact
G0 Z1.0 F5000.0
G0 X94.0 Y95.5 F5000.0
G0 Z1.0 F3000.0
DISPENSE MM=0.015 SPEED=30.0 RELATIVE=1
WAIT S=0.001
G0 Z0.01 F3000.0 ;position for liquid contact
G0 Z1.0 F5000.0
G0 X95.5 Y95.5 F5000.0
G0 Z1.0 F3000.0
DISPENSE MM=0.015 SPEED=30.0 RELATIVE=1
WAIT S=0.001
G0 Z0.01 F3000.0 ;position for liquid contact
G0 Z1.0 F5000.0
G0 X97.0 Y95.5 F5000.0
G0 Z1.0 F3000.0
DISPENSE MM=0.015 SPEED=30.0 RELATIVE=1
WAIT S=0.001
G0 Z0.01 F3000.0 ;position for liquid contact
G0 Z1.0 F5000.0
G0 X98.5 Y95.5 F5000.0
G0 Z1.0 F3000.0
DISPENSE MM=0.015 SPEED=30.0 RELATIVE=1
WAIT S=0.001
G0 Z0.01 F3000.0 ;position for liquid contact
G0 Z1.0 F5000.0
G0 X100.0 Y95.5 F5000.0
G0 Z1.0 F3000.0
DISPENSE MM=0.015 SPEED=30.0 RELATIVE=1
WAIT S=0.001
G0 Z0.01 F3000.0 ;position for liquid contact
G0 Z1.0 F5000.0
G0 X101.5 Y95.5 F5000.0
G0 Z1.0 F3000.0
DISPENSE MM=0.015 SPEED=30.0 RELATIVE=1
WAIT S=0.001
G0 Z0.01 F3000.0 ;position for liquid contact
G0 Z1.0 F5000.0
G0 X103.0 Y95.5 F5000.0
G0 Z1.0 F3000.0
DISPENSE MM=0.015 SPEED=30.0 RELATIVE=1
WAIT S=0.001
G0 Z0.01 F3000.0 ;position for liquid contact
G0 Z1.0 F5000.0
G0 X104.5 Y95.5 F5000.0
G0 Z1.0 F3000.0
DISPENSE MM=0.015 SPEED=30.0 RELATIVE=1
WAIT S=0.001
G0 Z0.01 F3000.0 ;position for liquid contact
G0 Z1.0 F5000.0
G0 X106.0 Y95.5 F5000.0
G0 Z1.0 F3000.0
DISPENSE MM=0.015 SPEED=30.0 RELATIVE=1
WAIT S=0.001
G0 Z0.01 F3000.0 ;position for liquid contact
G0 Z1.0 F5000.0
G0 X107.5 Y95.5 F5000.0
G0 Z1.0 F3000.0
DISPENSE MM=0.015 SPEED=30.0 RELATIVE=1
WAIT S=0.001
G0 Z0.01 F3000.0 ;position for liquid contact
G0 Z1.0 F5000.0
G0 X109.0 Y95.5 F5000.0
G0 Z1.0 F3000.0
DISPENSE MM=0.015 SPEED=30.0 RELATIVE=1
WAIT S=0.001
G0 Z0.01 F3000.0 ;position for liquid contact
G0 Z1.0 F5000.0
G0 X110.5 Y95.5 F5000.0
G0 Z1.0 F3000.0
DISPENSE MM=0.015 SPEED=30.0 RELATIVE=1
WAIT S=0.001
G0 Z0.01 F3000.0 ;position for liquid contact
G0 Z1.0 F5000.0
G0 X82.0 Y97.0 F5000.0
G0 Z1.0 F3000.0
WAIT S=0.2
DISPENSE MM=0.015 SPEED=30.0 RELATIVE=1
WAIT S=0.001
G0 Z0.01 F3000.0 ;position for liquid contact
G0 Z1.0 F5000.0
G0 X83.5 Y97.0 F5000.0
G0 Z1.0 F3000.0
DISPENSE MM=0.015 SPEED=30.0 RELATIVE=1
WAIT S=0.001
G0 Z0.01 F3000.0 ;position for liquid contact
G0 Z1.0 F5000.0
G0 X85.0 Y97.0 F5000.0
G0 Z1.0 F3000.0
DISPENSE MM=0.015 SPEED=30.0 RELATIVE=1
WAIT S=0.001
G0 Z0.01 F3000.0 ;position for liquid contact
G0 Z1.0 F5000.0
G0 X86.5 Y97.0 F5000.0
G0 Z1.0 F3000.0
DISPENSE MM=0.015 SPEED=30.0 RELATIVE=1
WAIT S=0.001
G0 Z0.01 F3000.0 ;position for liquid contact
G0 Z1.0 F5000.0
G0 X88.0 Y97.0 F5000.0
G0 Z1.0 F3000.0
DISPENSE MM=0.015 SPEED=30.0 RELATIVE=1
WAIT S=0.001
G0 Z0.01 F3000.0 ;position for liquid contact
G0 Z1.0 F5000.0
G0 X89.5 Y97.0 F5000.0
G0 Z1.0 F3000.0
DISPENSE MM=0.015 SPEED=30.0 RELATIVE=1
WAIT S=0.001
G0 Z0.01 F3000.0 ;position for liquid contact
G0 Z1.0 F5000.0
G0 X91.0 Y97.0 F5000.0
G0 Z1.0 F3000.0
DISPENSE MM=0.015 SPEED=30.0 RELATIVE=1
WAIT S=0.001
G0 Z0.01 F3000.0 ;position for liquid contact
G0 Z1.0 F5000.0
G0 X92.5 Y97.0 F5000.0
G0 Z1.0 F3000.0
DISPENSE MM=0.015 SPEED=30.0 RELATIVE=1
WAIT S=0.001
G0 Z0.01 F3000.0 ;position for liquid contact
G0 Z1.0 F5000.0
G0 X94.0 Y97.0 F5000.0
G0 Z1.0 F3000.0
DISPENSE MM=0.015 SPEED=30.0 RELATIVE=1
WAIT S=0.001
G0 Z0.01 F3000.0 ;position for liquid contact
G0 Z1.0 F5000.0
G0 X95.5 Y97.0 F5000.0
G0 Z1.0 F3000.0
DISPENSE MM=0.015 SPEED=30.0 RELATIVE=1
WAIT S=0.001
G0 Z0.01 F3000.0 ;position for liquid contact
G0 Z1.0 F5000.0
G0 X97.0 Y97.0 F5000.0
G0 Z1.0 F3000.0
DISPENSE MM=0.015 SPEED=30.0 RELATIVE=1
WAIT S=0.001
G0 Z0.01 F3000.0 ;position for liquid contact
G0 Z1.0 F5000.0
G0 X98.5 Y97.0 F5000.0
G0 Z1.0 F3000.0
DISPENSE MM=0.015 SPEED=30.0 RELATIVE=1
WAIT S=0.001
G0 Z0.01 F3000.0 ;position for liquid contact
G0 Z1.0 F5000.0
G0 X100.0 Y97.0 F5000.0
G0 Z1.0 F3000.0
DISPENSE MM=0.015 SPEED=30.0 RELATIVE=1
WAIT S=0.001
G0 Z0.01 F3000.0 ;position for liquid contact
G0 Z1.0 F5000.0
G0 X101.5 Y97.0 F5000.0
G0 Z1.0 F3000.0
DISPENSE MM=0.015 SPEED=30.0 RELATIVE=1
WAIT S=0.001
G0 Z0.01 F3000.0 ;position for liquid contact
G0 Z1.0 F5000.0
G0 X103.0 Y97.0 F5000.0
G0 Z1.0 F3000.0
DISPENSE MM=0.015 SPEED=30.0 RELATIVE=1
WAIT S=0.001
G0 Z0.01 F3000.0 ;position for liquid contact
G0 Z1.0 F5000.0
G0 X104.5 Y97.0 F5000.0
G0 Z1.0 F3000.0
DISPENSE MM=0.015 SPEED=30.0 RELATIVE=1
WAIT S=0.001
G0 Z0.01 F3000.0 ;position for liquid contact
G0 Z1.0 F5000.0
G0 X106.0 Y97.0 F5000.0
G0 Z1.0 F3000.0
DISPENSE MM=0.015 SPEED=30.0 RELATIVE=1
WAIT S=0.001
G0 Z0.01 F3000.0 ;position for liquid contact
G0 Z1.0 F5000.0
G0 X107.5 Y97.0 F5000.0
G0 Z1.0 F3000.0
DISPENSE MM=0.015 SPEED=30.0 RELATIVE=1
WAIT S=0.001
G0 Z0.01 F3000.0 ;position for liquid contact
G0 Z1.0 F5000.0
G0 X109.0 Y97.0 F5000.0
G0 Z1.0 F3000.0
DISPENSE MM=0.015 SPEED=30.0 RELATIVE=1
WAIT S=0.001
G0 Z0.01 F3000.0 ;position for liquid contact
G0 Z1.0 F5000.0
G0 X110.5 Y97.0 F5000.0
G0 Z1.0 F3000.0
DISPENSE MM=0.015 SPEED=30.0 RELATIVE=1
WAIT S=0.001
G0 Z0.01 F3000.0 ;position for liquid contact
G0 Z1.0 F5000.0
G0 X82.0 Y98.5 F5000.0
G0 Z1.0 F3000.0
WAIT S=0.2
DISPENSE MM=0.015 SPEED=30.0 RELATIVE=1
WAIT S=0.001
G0 Z0.01 F3000.0 ;position for liquid contact
G0 Z1.0 F5000.0
G0 X83.5 Y98.5 F5000.0
G0 Z1.0 F3000.0
DISPENSE MM=0.015 SPEED=30.0 RELATIVE=1
WAIT S=0.001
G0 Z0.01 F3000.0 ;position for liquid contact
G0 Z1.0 F5000.0
G0 X85.0 Y98.5 F5000.0
G0 Z1.0 F3000.0
DISPENSE MM=0.015 SPEED=30.0 RELATIVE=1
WAIT S=0.001
G0 Z0.01 F3000.0 ;position for liquid contact
G0 Z1.0 F5000.0
G0 X86.5 Y98.5 F5000.0
G0 Z1.0 F3000.0
DISPENSE MM=0.015 SPEED=30.0 RELATIVE=1
WAIT S=0.001
G0 Z0.01 F3000.0 ;position for liquid contact
G0 Z1.0 F5000.0
G0 X88.0 Y98.5 F5000.0
G0 Z1.0 F3000.0
DISPENSE MM=0.015 SPEED=30.0 RELATIVE=1
WAIT S=0.001
G0 Z0.01 F3000.0 ;position for liquid contact
G0 Z1.0 F5000.0
G0 X89.5 Y98.5 F5000.0
G0 Z1.0 F3000.0
DISPENSE MM=0.015 SPEED=30.0 RELATIVE=1
WAIT S=0.001
G0 Z0.01 F3000.0 ;position for liquid contact
G0 Z1.0 F5000.0
G0 X91.0 Y98.5 F5000.0
G0 Z1.0 F3000.0
DISPENSE MM=0.015 SPEED=30.0 RELATIVE=1
WAIT S=0.001
G0 Z0.01 F3000.0 ;position for liquid contact
G0 Z1.0 F5000.0
G0 X92.5 Y98.5 F5000.0
G0 Z1.0 F3000.0
DISPENSE MM=0.015 SPEED=30.0 RELATIVE=1
WAIT S=0.001
G0 Z0.01 F3000.0 ;position for liquid contact
G0 Z1.0 F5000.0
G0 X94.0 Y98.5 F5000.0
G0 Z1.0 F3000.0
DISPENSE MM=0.015 SPEED=30.0 RELATIVE=1
WAIT S=0.001
G0 Z0.01 F3000.0 ;position for liquid contact
G0 Z1.0 F5000.0
G0 X95.5 Y98.5 F5000.0
G0 Z1.0 F3000.0
DISPENSE MM=0.015 SPEED=30.0 RELATIVE=1
WAIT S=0.001
G0 Z0.01 F3000.0 ;position for liquid contact
G0 Z1.0 F5000.0
G0 X97.0 Y98.5 F5000.0
G0 Z1.0 F3000.0
DISPENSE MM=0.015 SPEED=30.0 RELATIVE=1
WAIT S=0.001
G0 Z0.01 F3000.0 ;position for liquid contact
G0 Z1.0 F5000.0
G0 X98.5 Y98.5 F5000.0
G0 Z1.0 F3000.0
DISPENSE MM=0.015 SPEED=30.0 RELATIVE=1
WAIT S=0.001
G0 Z0.01 F3000.0 ;position for liquid contact
G0 Z1.0 F5000.0
G0 X100.0 Y98.5 F5000.0
G0 Z1.0 F3000.0
DISPENSE MM=0.015 SPEED=30.0 RELATIVE=1
WAIT S=0.001
G0 Z0.01 F3000.0 ;position for liquid contact
G0 Z1.0 F5000.0
G0 X101.5 Y98.5 F5000.0
G0 Z1.0 F3000.0
DISPENSE MM=0.015 SPEED=30.0 RELATIVE=1
WAIT S=0.001
G0 Z0.01 F3000.0 ;position for liquid contact
G0 Z1.0 F5000.0
G0 X103.0 Y98.5 F5000.0
G0 Z1.0 F3000.0
DISPENSE MM=0.015 SPEED=30.0 RELATIVE=1
WAIT S=0.001
G0 Z0.01 F3000.0 ;position for liquid contact
G0 Z1.0 F5000.0
G0 X104.5 Y98.5 F5000.0
G0 Z1.0 F3000.0
DISPENSE MM=0.015 SPEED=30.0 RELATIVE=1
WAIT S=0.001
G0 Z0.01 F3000.0 ;position for liquid contact
G0 Z1.0 F5000.0
G0 X106.0 Y98.5 F5000.0
G0 Z1.0 F3000.0
DISPENSE MM=0.015 SPEED=30.0 RELATIVE=1
WAIT S=0.001
G0 Z0.01 F3000.0 ;position for liquid contact
G0 Z1.0 F5000.0
G0 X107.5 Y98.5 F5000.0
G0 Z1.0 F3000.0
DISPENSE MM=0.015 SPEED=30.0 RELATIVE=1
WAIT S=0.001
G0 Z0.01 F3000.0 ;position for liquid contact
G0 Z1.0 F5000.0
G0 X109.0 Y98.5 F5000.0
G0 Z1.0 F3000.0
DISPENSE MM=0.015 SPEED=30.0 RELATIVE=1
WAIT S=0.001
G0 Z0.01 F3000.0 ;position for liquid contact
G0 Z1.0 F5000.0
G0 X110.5 Y98.5 F5000.0
G0 Z1.0 F3000.0
DISPENSE MM=0.015 SPEED=30.0 RELATIVE=1
WAIT S=0.001
G0 Z0.01 F3000.0 ;position for liquid contact
G0 Z1.0 F5000.0
G0 X82.0 Y100.0 F5000.0
G0 Z1.0 F3000.0
WAIT S=0.2
DISPENSE MM=0.015 SPEED=30.0 RELATIVE=1
WAIT S=0.001
G0 Z0.01 F3000.0 ;position for liquid contact
G0 Z1.0 F5000.0
G0 X83.5 Y100.0 F5000.0
G0 Z1.0 F3000.0
DISPENSE MM=0.015 SPEED=30.0 RELATIVE=1
WAIT S=0.001
G0 Z0.01 F3000.0 ;position for liquid contact
G0 Z1.0 F5000.0
G0 X85.0 Y100.0 F5000.0
G0 Z1.0 F3000.0
DISPENSE MM=0.015 SPEED=30.0 RELATIVE=1
WAIT S=0.001
G0 Z0.01 F3000.0 ;position for liquid contact
G0 Z1.0 F5000.0
G0 X86.5 Y100.0 F5000.0
G0 Z1.0 F3000.0
DISPENSE MM=0.015 SPEED=30.0 RELATIVE=1
WAIT S=0.001
G0 Z0.01 F3000.0 ;position for liquid contact
G0 Z1.0 F5000.0
G0 X88.0 Y100.0 F5000.0
G0 Z1.0 F3000.0
DISPENSE MM=0.015 SPEED=30.0 RELATIVE=1
WAIT S=0.001
G0 Z0.01 F3000.0 ;position for liquid contact
G0 Z1.0 F5000.0
G0 X89.5 Y100.0 F5000.0
G0 Z1.0 F3000.0
DISPENSE MM=0.015 SPEED=30.0 RELATIVE=1
WAIT S=0.001
G0 Z0.01 F3000.0 ;position for liquid contact
G0 Z1.0 F5000.0
G0 X91.0 Y100.0 F5000.0
G0 Z1.0 F3000.0
DISPENSE MM=0.015 SPEED=30.0 RELATIVE=1
WAIT S=0.001
G0 Z0.01 F3000.0 ;position for liquid contact
G0 Z1.0 F5000.0
G0 X92.5 Y100.0 F5000.0
G0 Z1.0 F3000.0
DISPENSE MM=0.015 SPEED=30.0 RELATIVE=1
WAIT S=0.001
G0 Z0.01 F3000.0 ;position for liquid contact
G0 Z1.0 F5000.0
G0 X94.0 Y100.0 F5000.0
G0 Z1.0 F3000.0
DISPENSE MM=0.015 SPEED=30.0 RELATIVE=1
WAIT S=0.001
G0 Z0.01 F3000.0 ;position for liquid contact
G0 Z1.0 F5000.0
G0 X95.5 Y100.0 F5000.0
G0 Z1.0 F3000.0
DISPENSE MM=0.015 SPEED=30.0 RELATIVE=1
WAIT S=0.001
G0 Z0.01 F3000.0 ;position for liquid contact
G0 Z1.0 F5000.0
G0 X97.0 Y100.0 F5000.0
G0 Z1.0 F3000.0
DISPENSE MM=0.015 SPEED=30.0 RELATIVE=1
WAIT S=0.001
G0 Z0.01 F3000.0 ;position for liquid contact
G0 Z1.0 F5000.0
G0 X98.5 Y100.0 F5000.0
G0 Z1.0 F3000.0
DISPENSE MM=0.015 SPEED=30.0 RELATIVE=1
WAIT S=0.001
G0 Z0.01 F3000.0 ;position for liquid contact
G0 Z1.0 F5000.0
G0 X100.0 Y100.0 F5000.0
G0 Z1.0 F3000.0
DISPENSE MM=0.015 SPEED=30.0 RELATIVE=1
WAIT S=0.001
G0 Z0.01 F3000.0 ;position for liquid contact
G0 Z1.0 F5000.0
G0 X101.5 Y100.0 F5000.0
G0 Z1.0 F3000.0
DISPENSE MM=0.015 SPEED=30.0 RELATIVE=1
WAIT S=0.001
G0 Z0.01 F3000.0 ;position for liquid contact
G0 Z1.0 F5000.0
G0 X103.0 Y100.0 F5000.0
G0 Z1.0 F3000.0
DISPENSE MM=0.015 SPEED=30.0 RELATIVE=1
WAIT S=0.001
G0 Z0.01 F3000.0 ;position for liquid contact
G0 Z1.0 F5000.0
G0 X104.5 Y100.0 F5000.0
G0 Z1.0 F3000.0
DISPENSE MM=0.015 SPEED=30.0 RELATIVE=1
WAIT S=0.001
G0 Z0.01 F3000.0 ;position for liquid contact
G0 Z1.0 F5000.0
G0 X106.0 Y100.0 F5000.0
G0 Z1.0 F3000.0
DISPENSE MM=0.015 SPEED=30.0 RELATIVE=1
WAIT S=0.001
G0 Z0.01 F3000.0 ;position for liquid contact
G0 Z1.0 F5000.0
G0 X107.5 Y100.0 F5000.0
G0 Z1.0 F3000.0
DISPENSE MM=0.015 SPEED=30.0 RELATIVE=1
WAIT S=0.001
G0 Z0.01 F3000.0 ;position for liquid contact
G0 Z1.0 F5000.0
G0 X109.0 Y100.0 F5000.0
G0 Z1.0 F3000.0
DISPENSE MM=0.015 SPEED=30.0 RELATIVE=1
WAIT S=0.001
G0 Z0.01 F3000.0 ;position for liquid contact
G0 Z1.0 F5000.0
G0 X110.5 Y100.0 F5000.0
G0 Z1.0 F3000.0
DISPENSE MM=0.015 SPEED=30.0 RELATIVE=1
WAIT S=0.001
G0 Z0.01 F3000.0 ;position for liquid contact
G0 Z1.0 F5000.0
G0 X82.0 Y101.5 F5000.0
G0 Z1.0 F3000.0
WAIT S=0.2
DISPENSE MM=0.015 SPEED=30.0 RELATIVE=1
WAIT S=0.001
G0 Z0.01 F3000.0 ;position for liquid contact
G0 Z1.0 F5000.0
G0 X83.5 Y101.5 F5000.0
G0 Z1.0 F3000.0
DISPENSE MM=0.015 SPEED=30.0 RELATIVE=1
WAIT S=0.001
G0 Z0.01 F3000.0 ;position for liquid contact
G0 Z1.0 F5000.0
G0 X85.0 Y101.5 F5000.0
G0 Z1.0 F3000.0
DISPENSE MM=0.015 SPEED=30.0 RELATIVE=1
WAIT S=0.001
G0 Z0.01 F3000.0 ;position for liquid contact
G0 Z1.0 F5000.0
G0 X86.5 Y101.5 F5000.0
G0 Z1.0 F3000.0
DISPENSE MM=0.015 SPEED=30.0 RELATIVE=1
WAIT S=0.001
G0 Z0.01 F3000.0 ;position for liquid contact
G0 Z1.0 F5000.0
G0 X88.0 Y101.5 F5000.0
G0 Z1.0 F3000.0
DISPENSE MM=0.015 SPEED=30.0 RELATIVE=1
WAIT S=0.001
G0 Z0.01 F3000.0 ;position for liquid contact
G0 Z1.0 F5000.0
G0 X89.5 Y101.5 F5000.0
G0 Z1.0 F3000.0
DISPENSE MM=0.015 SPEED=30.0 RELATIVE=1
WAIT S=0.001
G0 Z0.01 F3000.0 ;position for liquid contact
G0 Z1.0 F5000.0
G0 X91.0 Y101.5 F5000.0
G0 Z1.0 F3000.0
DISPENSE MM=0.015 SPEED=30.0 RELATIVE=1
WAIT S=0.001
G0 Z0.01 F3000.0 ;position for liquid contact
G0 Z1.0 F5000.0
G0 X92.5 Y101.5 F5000.0
G0 Z1.0 F3000.0
DISPENSE MM=0.015 SPEED=30.0 RELATIVE=1
WAIT S=0.001
G0 Z0.01 F3000.0 ;position for liquid contact
G0 Z1.0 F5000.0
G0 X94.0 Y101.5 F5000.0
G0 Z1.0 F3000.0
DISPENSE MM=0.015 SPEED=30.0 RELATIVE=1
WAIT S=0.001
G0 Z0.01 F3000.0 ;position for liquid contact
G0 Z1.0 F5000.0
G0 X95.5 Y101.5 F5000.0
G0 Z1.0 F3000.0
DISPENSE MM=0.015 SPEED=30.0 RELATIVE=1
WAIT S=0.001
G0 Z0.01 F3000.0 ;position for liquid contact
G0 Z1.0 F5000.0
G0 X97.0 Y101.5 F5000.0
G0 Z1.0 F3000.0
DISPENSE MM=0.015 SPEED=30.0 RELATIVE=1
WAIT S=0.001
G0 Z0.01 F3000.0 ;position for liquid contact
G0 Z1.0 F5000.0
G0 X98.5 Y101.5 F5000.0
G0 Z1.0 F3000.0
DISPENSE MM=0.015 SPEED=30.0 RELATIVE=1
WAIT S=0.001
G0 Z0.01 F3000.0 ;position for liquid contact
G0 Z1.0 F5000.0
G0 X100.0 Y101.5 F5000.0
G0 Z1.0 F3000.0
DISPENSE MM=0.015 SPEED=30.0 RELATIVE=1
WAIT S=0.001
G0 Z0.01 F3000.0 ;position for liquid contact
G0 Z1.0 F5000.0
G0 X101.5 Y101.5 F5000.0
G0 Z1.0 F3000.0
DISPENSE MM=0.015 SPEED=30.0 RELATIVE=1
WAIT S=0.001
G0 Z0.01 F3000.0 ;position for liquid contact
G0 Z1.0 F5000.0
G0 X103.0 Y101.5 F5000.0
G0 Z1.0 F3000.0
DISPENSE MM=0.015 SPEED=30.0 RELATIVE=1
WAIT S=0.001
G0 Z0.01 F3000.0 ;position for liquid contact
G0 Z1.0 F5000.0
G0 X104.5 Y101.5 F5000.0
G0 Z1.0 F3000.0
DISPENSE MM=0.015 SPEED=30.0 RELATIVE=1
WAIT S=0.001
G0 Z0.01 F3000.0 ;position for liquid contact
G0 Z1.0 F5000.0
G0 X106.0 Y101.5 F5000.0
G0 Z1.0 F3000.0
DISPENSE MM=0.015 SPEED=30.0 RELATIVE=1
WAIT S=0.001
G0 Z0.01 F3000.0 ;position for liquid contact
G0 Z1.0 F5000.0
G0 X107.5 Y101.5 F5000.0
G0 Z1.0 F3000.0
DISPENSE MM=0.015 SPEED=30.0 RELATIVE=1
WAIT S=0.001
G0 Z0.01 F3000.0 ;position for liquid contact
G0 Z1.0 F5000.0
G0 X109.0 Y101.5 F5000.0
G0 Z1.0 F3000.0
DISPENSE MM=0.015 SPEED=30.0 RELATIVE=1
WAIT S=0.001
G0 Z0.01 F3000.0 ;position for liquid contact
G0 Z1.0 F5000.0
G0 X110.5 Y101.5 F5000.0
G0 Z1.0 F3000.0
DISPENSE MM=0.015 SPEED=30.0 RELATIVE=1
WAIT S=0.001
G0 Z0.01 F3000.0 ;position for liquid contact
G0 Z1.0 F5000.0
G0 X82.0 Y103.0 F5000.0
G0 Z1.0 F3000.0
WAIT S=0.2
DISPENSE MM=0.015 SPEED=30.0 RELATIVE=1
WAIT S=0.001
G0 Z0.01 F3000.0 ;position for liquid contact
G0 Z1.0 F5000.0
G0 X83.5 Y103.0 F5000.0
G0 Z1.0 F3000.0
DISPENSE MM=0.015 SPEED=30.0 RELATIVE=1
WAIT S=0.001
G0 Z0.01 F3000.0 ;position for liquid contact
G0 Z1.0 F5000.0
G0 X85.0 Y103.0 F5000.0
G0 Z1.0 F3000.0
DISPENSE MM=0.015 SPEED=30.0 RELATIVE=1
WAIT S=0.001
G0 Z0.01 F3000.0 ;position for liquid contact
G0 Z1.0 F5000.0
G0 X86.5 Y103.0 F5000.0
G0 Z1.0 F3000.0
DISPENSE MM=0.015 SPEED=30.0 RELATIVE=1
WAIT S=0.001
G0 Z0.01 F3000.0 ;position for liquid contact
G0 Z1.0 F5000.0
G0 X88.0 Y103.0 F5000.0
G0 Z1.0 F3000.0
DISPENSE MM=0.015 SPEED=30.0 RELATIVE=1
WAIT S=0.001
G0 Z0.01 F3000.0 ;position for liquid contact
G0 Z1.0 F5000.0
G0 X89.5 Y103.0 F5000.0
G0 Z1.0 F3000.0
DISPENSE MM=0.015 SPEED=30.0 RELATIVE=1
WAIT S=0.001
G0 Z0.01 F3000.0 ;position for liquid contact
G0 Z1.0 F5000.0
G0 X91.0 Y103.0 F5000.0
G0 Z1.0 F3000.0
DISPENSE MM=0.015 SPEED=30.0 RELATIVE=1
WAIT S=0.001
G0 Z0.01 F3000.0 ;position for liquid contact
G0 Z1.0 F5000.0
G0 X92.5 Y103.0 F5000.0
G0 Z1.0 F3000.0
DISPENSE MM=0.015 SPEED=30.0 RELATIVE=1
WAIT S=0.001
G0 Z0.01 F3000.0 ;position for liquid contact
G0 Z1.0 F5000.0
G0 X94.0 Y103.0 F5000.0
G0 Z1.0 F3000.0
DISPENSE MM=0.015 SPEED=30.0 RELATIVE=1
WAIT S=0.001
G0 Z0.01 F3000.0 ;position for liquid contact
G0 Z1.0 F5000.0
G0 X95.5 Y103.0 F5000.0
G0 Z1.0 F3000.0
DISPENSE MM=0.015 SPEED=30.0 RELATIVE=1
WAIT S=0.001
G0 Z0.01 F3000.0 ;position for liquid contact
G0 Z1.0 F5000.0
G0 X97.0 Y103.0 F5000.0
G0 Z1.0 F3000.0
DISPENSE MM=0.015 SPEED=30.0 RELATIVE=1
WAIT S=0.001
G0 Z0.01 F3000.0 ;position for liquid contact
G0 Z1.0 F5000.0
G0 X98.5 Y103.0 F5000.0
G0 Z1.0 F3000.0
DISPENSE MM=0.015 SPEED=30.0 RELATIVE=1
WAIT S=0.001
G0 Z0.01 F3000.0 ;position for liquid contact
G0 Z1.0 F5000.0
G0 X100.0 Y103.0 F5000.0
G0 Z1.0 F3000.0
DISPENSE MM=0.015 SPEED=30.0 RELATIVE=1
WAIT S=0.001
G0 Z0.01 F3000.0 ;position for liquid contact
G0 Z1.0 F5000.0
G0 X101.5 Y103.0 F5000.0
G0 Z1.0 F3000.0
DISPENSE MM=0.015 SPEED=30.0 RELATIVE=1
WAIT S=0.001
G0 Z0.01 F3000.0 ;position for liquid contact
G0 Z1.0 F5000.0
G0 X103.0 Y103.0 F5000.0
G0 Z1.0 F3000.0
DISPENSE MM=0.015 SPEED=30.0 RELATIVE=1
WAIT S=0.001
G0 Z0.01 F3000.0 ;position for liquid contact
G0 Z1.0 F5000.0
G0 X104.5 Y103.0 F5000.0
G0 Z1.0 F3000.0
DISPENSE MM=0.015 SPEED=30.0 RELATIVE=1
WAIT S=0.001
G0 Z0.01 F3000.0 ;position for liquid contact
G0 Z1.0 F5000.0
G0 X106.0 Y103.0 F5000.0
G0 Z1.0 F3000.0
DISPENSE MM=0.015 SPEED=30.0 RELATIVE=1
WAIT S=0.001
G0 Z0.01 F3000.0 ;position for liquid contact
G0 Z1.0 F5000.0
G0 X107.5 Y103.0 F5000.0
G0 Z1.0 F3000.0
DISPENSE MM=0.015 SPEED=30.0 RELATIVE=1
WAIT S=0.001
G0 Z0.01 F3000.0 ;position for liquid contact
G0 Z1.0 F5000.0
G0 X109.0 Y103.0 F5000.0
G0 Z1.0 F3000.0
DISPENSE MM=0.015 SPEED=30.0 RELATIVE=1
WAIT S=0.001
G0 Z0.01 F3000.0 ;position for liquid contact
G0 Z1.0 F5000.0
G0 X110.5 Y103.0 F5000.0
G0 Z1.0 F3000.0
DISPENSE MM=0.015 SPEED=30.0 RELATIVE=1
WAIT S=0.001
G0 Z0.01 F3000.0 ;position for liquid contact
G0 Z1.0 F5000.0
G0 X82.0 Y104.5 F5000.0
G0 Z1.0 F3000.0
WAIT S=0.2
DISPENSE MM=0.015 SPEED=30.0 RELATIVE=1
WAIT S=0.001
G0 Z0.01 F3000.0 ;position for liquid contact
G0 Z1.0 F5000.0
G0 X83.5 Y104.5 F5000.0
G0 Z1.0 F3000.0
DISPENSE MM=0.015 SPEED=30.0 RELATIVE=1
WAIT S=0.001
G0 Z0.01 F3000.0 ;position for liquid contact
G0 Z1.0 F5000.0
G0 X85.0 Y104.5 F5000.0
G0 Z1.0 F3000.0
DISPENSE MM=0.015 SPEED=30.0 RELATIVE=1
WAIT S=0.001
G0 Z0.01 F3000.0 ;position for liquid contact
G0 Z1.0 F5000.0
G0 X86.5 Y104.5 F5000.0
G0 Z1.0 F3000.0
DISPENSE MM=0.015 SPEED=30.0 RELATIVE=1
WAIT S=0.001
G0 Z0.01 F3000.0 ;position for liquid contact
G0 Z1.0 F5000.0
G0 X88.0 Y104.5 F5000.0
G0 Z1.0 F3000.0
DISPENSE MM=0.015 SPEED=30.0 RELATIVE=1
WAIT S=0.001
G0 Z0.01 F3000.0 ;position for liquid contact
G0 Z1.0 F5000.0
G0 X89.5 Y104.5 F5000.0
G0 Z1.0 F3000.0
DISPENSE MM=0.015 SPEED=30.0 RELATIVE=1
WAIT S=0.001
G0 Z0.01 F3000.0 ;position for liquid contact
G0 Z1.0 F5000.0
G0 X91.0 Y104.5 F5000.0
G0 Z1.0 F3000.0
DISPENSE MM=0.015 SPEED=30.0 RELATIVE=1
WAIT S=0.001
G0 Z0.01 F3000.0 ;position for liquid contact
G0 Z1.0 F5000.0
G0 X92.5 Y104.5 F5000.0
G0 Z1.0 F3000.0
DISPENSE MM=0.015 SPEED=30.0 RELATIVE=1
WAIT S=0.001
G0 Z0.01 F3000.0 ;position for liquid contact
G0 Z1.0 F5000.0
G0 X94.0 Y104.5 F5000.0
G0 Z1.0 F3000.0
DISPENSE MM=0.015 SPEED=30.0 RELATIVE=1
WAIT S=0.001
G0 Z0.01 F3000.0 ;position for liquid contact
G0 Z1.0 F5000.0
G0 X95.5 Y104.5 F5000.0
G0 Z1.0 F3000.0
DISPENSE MM=0.015 SPEED=30.0 RELATIVE=1
WAIT S=0.001
G0 Z0.01 F3000.0 ;position for liquid contact
G0 Z1.0 F5000.0
G0 X97.0 Y104.5 F5000.0
G0 Z1.0 F3000.0
DISPENSE MM=0.015 SPEED=30.0 RELATIVE=1
WAIT S=0.001
G0 Z0.01 F3000.0 ;position for liquid contact
G0 Z1.0 F5000.0
G0 X98.5 Y104.5 F5000.0
G0 Z1.0 F3000.0
DISPENSE MM=0.015 SPEED=30.0 RELATIVE=1
WAIT S=0.001
G0 Z0.01 F3000.0 ;position for liquid contact
G0 Z1.0 F5000.0
G0 X100.0 Y104.5 F5000.0
G0 Z1.0 F3000.0
DISPENSE MM=0.015 SPEED=30.0 RELATIVE=1
WAIT S=0.001
G0 Z0.01 F3000.0 ;position for liquid contact
G0 Z1.0 F5000.0
G0 X101.5 Y104.5 F5000.0
G0 Z1.0 F3000.0
DISPENSE MM=0.015 SPEED=30.0 RELATIVE=1
WAIT S=0.001
G0 Z0.01 F3000.0 ;position for liquid contact
G0 Z1.0 F5000.0
G0 X103.0 Y104.5 F5000.0
G0 Z1.0 F3000.0
DISPENSE MM=0.015 SPEED=30.0 RELATIVE=1
WAIT S=0.001
G0 Z0.01 F3000.0 ;position for liquid contact
G0 Z1.0 F5000.0
G0 X104.5 Y104.5 F5000.0
G0 Z1.0 F3000.0
DISPENSE MM=0.015 SPEED=30.0 RELATIVE=1
WAIT S=0.001
G0 Z0.01 F3000.0 ;position for liquid contact
G0 Z1.0 F5000.0
G0 X106.0 Y104.5 F5000.0
G0 Z1.0 F3000.0
DISPENSE MM=0.015 SPEED=30.0 RELATIVE=1
WAIT S=0.001
G0 Z0.01 F3000.0 ;position for liquid contact
G0 Z1.0 F5000.0
G0 X107.5 Y104.5 F5000.0
G0 Z1.0 F3000.0
DISPENSE MM=0.015 SPEED=30.0 RELATIVE=1
WAIT S=0.001
G0 Z0.01 F3000.0 ;position for liquid contact
G0 Z1.0 F5000.0
G0 X109.0 Y104.5 F5000.0
G0 Z1.0 F3000.0
DISPENSE MM=0.015 SPEED=30.0 RELATIVE=1
WAIT S=0.001
G0 Z0.01 F3000.0 ;position for liquid contact
G0 Z1.0 F5000.0
G0 X110.5 Y104.5 F5000.0
G0 Z1.0 F3000.0
DISPENSE MM=0.015 SPEED=30.0 RELATIVE=1
WAIT S=0.001
G0 Z0.01 F3000.0 ;position for liquid contact
G0 Z1.0 F5000.0
G0 X82.0 Y106.0 F5000.0
G0 Z1.0 F3000.0
WAIT S=0.2
DISPENSE MM=0.015 SPEED=30.0 RELATIVE=1
WAIT S=0.001
G0 Z0.01 F3000.0 ;position for liquid contact
G0 Z1.0 F5000.0
G0 X83.5 Y106.0 F5000.0
G0 Z1.0 F3000.0
DISPENSE MM=0.015 SPEED=30.0 RELATIVE=1
WAIT S=0.001
G0 Z0.01 F3000.0 ;position for liquid contact
G0 Z1.0 F5000.0
G0 X85.0 Y106.0 F5000.0
G0 Z1.0 F3000.0
DISPENSE MM=0.015 SPEED=30.0 RELATIVE=1
WAIT S=0.001
G0 Z0.01 F3000.0 ;position for liquid contact
G0 Z1.0 F5000.0
G0 X86.5 Y106.0 F5000.0
G0 Z1.0 F3000.0
DISPENSE MM=0.015 SPEED=30.0 RELATIVE=1
WAIT S=0.001
G0 Z0.01 F3000.0 ;position for liquid contact
G0 Z1.0 F5000.0
G0 X88.0 Y106.0 F5000.0
G0 Z1.0 F3000.0
DISPENSE MM=0.015 SPEED=30.0 RELATIVE=1
WAIT S=0.001
G0 Z0.01 F3000.0 ;position for liquid contact
G0 Z1.0 F5000.0
G0 X89.5 Y106.0 F5000.0
G0 Z1.0 F3000.0
DISPENSE MM=0.015 SPEED=30.0 RELATIVE=1
WAIT S=0.001
G0 Z0.01 F3000.0 ;position for liquid contact
G0 Z1.0 F5000.0
G0 X91.0 Y106.0 F5000.0
G0 Z1.0 F3000.0
DISPENSE MM=0.015 SPEED=30.0 RELATIVE=1
WAIT S=0.001
G0 Z0.01 F3000.0 ;position for liquid contact
G0 Z1.0 F5000.0
G0 X92.5 Y106.0 F5000.0
G0 Z1.0 F3000.0
DISPENSE MM=0.015 SPEED=30.0 RELATIVE=1
WAIT S=0.001
G0 Z0.01 F3000.0 ;position for liquid contact
G0 Z1.0 F5000.0
G0 X94.0 Y106.0 F5000.0
G0 Z1.0 F3000.0
DISPENSE MM=0.015 SPEED=30.0 RELATIVE=1
WAIT S=0.001
G0 Z0.01 F3000.0 ;position for liquid contact
G0 Z1.0 F5000.0
G0 X95.5 Y106.0 F5000.0
G0 Z1.0 F3000.0
DISPENSE MM=0.015 SPEED=30.0 RELATIVE=1
WAIT S=0.001
G0 Z0.01 F3000.0 ;position for liquid contact
G0 Z1.0 F5000.0
G0 X97.0 Y106.0 F5000.0
G0 Z1.0 F3000.0
DISPENSE MM=0.015 SPEED=30.0 RELATIVE=1
WAIT S=0.001
G0 Z0.01 F3000.0 ;position for liquid contact
G0 Z1.0 F5000.0
G0 X98.5 Y106.0 F5000.0
G0 Z1.0 F3000.0
DISPENSE MM=0.015 SPEED=30.0 RELATIVE=1
WAIT S=0.001
G0 Z0.01 F3000.0 ;position for liquid contact
G0 Z1.0 F5000.0
G0 X100.0 Y106.0 F5000.0
G0 Z1.0 F3000.0
DISPENSE MM=0.015 SPEED=30.0 RELATIVE=1
WAIT S=0.001
G0 Z0.01 F3000.0 ;position for liquid contact
G0 Z1.0 F5000.0
G0 X101.5 Y106.0 F5000.0
G0 Z1.0 F3000.0
DISPENSE MM=0.015 SPEED=30.0 RELATIVE=1
WAIT S=0.001
G0 Z0.01 F3000.0 ;position for liquid contact
G0 Z1.0 F5000.0
G0 X103.0 Y106.0 F5000.0
G0 Z1.0 F3000.0
DISPENSE MM=0.015 SPEED=30.0 RELATIVE=1
WAIT S=0.001
G0 Z0.01 F3000.0 ;position for liquid contact
G0 Z1.0 F5000.0
G0 X104.5 Y106.0 F5000.0
G0 Z1.0 F3000.0
DISPENSE MM=0.015 SPEED=30.0 RELATIVE=1
WAIT S=0.001
G0 Z0.01 F3000.0 ;position for liquid contact
G0 Z1.0 F5000.0
G0 X106.0 Y106.0 F5000.0
G0 Z1.0 F3000.0
DISPENSE MM=0.015 SPEED=30.0 RELATIVE=1
WAIT S=0.001
G0 Z0.01 F3000.0 ;position for liquid contact
G0 Z1.0 F5000.0
G0 X107.5 Y106.0 F5000.0
G0 Z1.0 F3000.0
DISPENSE MM=0.015 SPEED=30.0 RELATIVE=1
WAIT S=0.001
G0 Z0.01 F3000.0 ;position for liquid contact
G0 Z1.0 F5000.0
G0 X109.0 Y106.0 F5000.0
G0 Z1.0 F3000.0
DISPENSE MM=0.015 SPEED=30.0 RELATIVE=1
WAIT S=0.001
G0 Z0.01 F3000.0 ;position for liquid contact
G0 Z1.0 F5000.0
G0 X110.5 Y106.0 F5000.0
G0 Z1.0 F3000.0
DISPENSE MM=0.015 SPEED=30.0 RELATIVE=1
WAIT S=0.001
G0 Z0.01 F3000.0 ;position for liquid contact
G0 Z1.0 F5000.0
G0 X82.0 Y107.5 F5000.0
G0 Z1.0 F3000.0
WAIT S=0.2
DISPENSE MM=0.015 SPEED=30.0 RELATIVE=1
WAIT S=0.001
G0 Z0.01 F3000.0 ;position for liquid contact
G0 Z1.0 F5000.0
G0 X83.5 Y107.5 F5000.0
G0 Z1.0 F3000.0
DISPENSE MM=0.015 SPEED=30.0 RELATIVE=1
WAIT S=0.001
G0 Z0.01 F3000.0 ;position for liquid contact
G0 Z1.0 F5000.0
G0 X85.0 Y107.5 F5000.0
G0 Z1.0 F3000.0
DISPENSE MM=0.015 SPEED=30.0 RELATIVE=1
WAIT S=0.001
G0 Z0.01 F3000.0 ;position for liquid contact
G0 Z1.0 F5000.0
G0 X86.5 Y107.5 F5000.0
G0 Z1.0 F3000.0
DISPENSE MM=0.015 SPEED=30.0 RELATIVE=1
WAIT S=0.001
G0 Z0.01 F3000.0 ;position for liquid contact
G0 Z1.0 F5000.0
G0 X88.0 Y107.5 F5000.0
G0 Z1.0 F3000.0
DISPENSE MM=0.015 SPEED=30.0 RELATIVE=1
WAIT S=0.001
G0 Z0.01 F3000.0 ;position for liquid contact
G0 Z1.0 F5000.0
G0 X89.5 Y107.5 F5000.0
G0 Z1.0 F3000.0
DISPENSE MM=0.015 SPEED=30.0 RELATIVE=1
WAIT S=0.001
G0 Z0.01 F3000.0 ;position for liquid contact
G0 Z1.0 F5000.0
G0 X91.0 Y107.5 F5000.0
G0 Z1.0 F3000.0
DISPENSE MM=0.015 SPEED=30.0 RELATIVE=1
WAIT S=0.001
G0 Z0.01 F3000.0 ;position for liquid contact
G0 Z1.0 F5000.0
G0 X92.5 Y107.5 F5000.0
G0 Z1.0 F3000.0
DISPENSE MM=0.015 SPEED=30.0 RELATIVE=1
WAIT S=0.001
G0 Z0.01 F3000.0 ;position for liquid contact
G0 Z1.0 F5000.0
G0 X94.0 Y107.5 F5000.0
G0 Z1.0 F3000.0
DISPENSE MM=0.015 SPEED=30.0 RELATIVE=1
WAIT S=0.001
G0 Z0.01 F3000.0 ;position for liquid contact
G0 Z1.0 F5000.0
G0 X95.5 Y107.5 F5000.0
G0 Z1.0 F3000.0
DISPENSE MM=0.015 SPEED=30.0 RELATIVE=1
WAIT S=0.001
G0 Z0.01 F3000.0 ;position for liquid contact
G0 Z1.0 F5000.0
G0 X97.0 Y107.5 F5000.0
G0 Z1.0 F3000.0
DISPENSE MM=0.015 SPEED=30.0 RELATIVE=1
WAIT S=0.001
G0 Z0.01 F3000.0 ;position for liquid contact
G0 Z1.0 F5000.0
G0 X98.5 Y107.5 F5000.0
G0 Z1.0 F3000.0
DISPENSE MM=0.015 SPEED=30.0 RELATIVE=1
WAIT S=0.001
G0 Z0.01 F3000.0 ;position for liquid contact
G0 Z1.0 F5000.0
G0 X100.0 Y107.5 F5000.0
G0 Z1.0 F3000.0
DISPENSE MM=0.015 SPEED=30.0 RELATIVE=1
WAIT S=0.001
G0 Z0.01 F3000.0 ;position for liquid contact
G0 Z1.0 F5000.0
G0 X101.5 Y107.5 F5000.0
G0 Z1.0 F3000.0
DISPENSE MM=0.015 SPEED=30.0 RELATIVE=1
WAIT S=0.001
G0 Z0.01 F3000.0 ;position for liquid contact
G0 Z1.0 F5000.0
G0 X103.0 Y107.5 F5000.0
G0 Z1.0 F3000.0
DISPENSE MM=0.015 SPEED=30.0 RELATIVE=1
WAIT S=0.001
G0 Z0.01 F3000.0 ;position for liquid contact
G0 Z1.0 F5000.0
G0 X104.5 Y107.5 F5000.0
G0 Z1.0 F3000.0
DISPENSE MM=0.015 SPEED=30.0 RELATIVE=1
WAIT S=0.001
G0 Z0.01 F3000.0 ;position for liquid contact
G0 Z1.0 F5000.0
G0 X106.0 Y107.5 F5000.0
G0 Z1.0 F3000.0
DISPENSE MM=0.015 SPEED=30.0 RELATIVE=1
WAIT S=0.001
G0 Z0.01 F3000.0 ;position for liquid contact
G0 Z1.0 F5000.0
G0 X107.5 Y107.5 F5000.0
G0 Z1.0 F3000.0
DISPENSE MM=0.015 SPEED=30.0 RELATIVE=1
WAIT S=0.001
G0 Z0.01 F3000.0 ;position for liquid contact
G0 Z1.0 F5000.0
G0 X109.0 Y107.5 F5000.0
G0 Z1.0 F3000.0
DISPENSE MM=0.015 SPEED=30.0 RELATIVE=1
WAIT S=0.001
G0 Z0.01 F3000.0 ;position for liquid contact
G0 Z1.0 F5000.0
G0 X110.5 Y107.5 F5000.0
G0 Z1.0 F3000.0
DISPENSE MM=0.015 SPEED=30.0 RELATIVE=1
WAIT S=0.001
G0 Z0.01 F3000.0 ;position for liquid contact
G0 Z1.0 F5000.0

; Washing sequence
G0 Z40.0 F5000
G0 X218.0 Y16.0 F5000
G0 Z-5.0 F500
G0 X219.0 F2000.0
G0 X218.0 F2000.0
G0 X219.0 F2000.0
G0 X218.0 F2000.0
G0 X219.0 F2000.0
G0 X218.0 F2000.0
G0 X219.0 F2000.0
G0 X218.0 F2000.0
G0 X219.0 F2000.0
G0 X218.0 F2000.0
G0 X219.0 F2000.0
G0 X218.0 F2000.0
G0 X219.0 F2000.0
G0 X218.0 F2000.0
G0 X219.0 F2000.0
G0 X218.0 F2000.0
G0 X219.0 F2000.0
G0 X218.0 F2000.0
G0 X219.0 F2000.0
G0 X218.0 F2000.0
G0 X219.0 F2000.0
G0 X218.0 F2000.0
G0 X219.0 F2000.0
G0 X218.0 F2000.0
G0 X219.0 F2000.0
G0 X218.0 F2000.0
G0 X219.0 F2000.0
G0 X218.0 F2000.0
G0 X219.0 F2000.0
G0 X218.0 F2000.0
G0 X219.0 F2000.0
G0 X218.0 F2000.0
G0 X219.0 F2000.0
G0 X218.0 F2000.0
G0 X219.0 F2000.0
G0 X218.0 F2000.0
G0 X219.0 F2000.0
G0 X218.0 F2000.0
G0 X219.0 F2000.0
G0 X218.0 F2000.0
G0 X219.0 F2000.0
G0 X218.0 F2000.0
G0 X219.0 F2000.0
G0 X218.0 F2000.0
G0 X219.0 F2000.0
G0 X218.0 F2000.0
G0 X219.0 F2000.0
G0 X218.0 F2000.0
G0 X219.0 F2000.0
G0 X218.0 F2000.0
G0 X219.0 F2000.0
G0 X218.0 F2000.0
G0 X219.0 F2000.0
G0 X218.0 F2000.0
G0 X219.0 F2000.0
G0 X218.0 F2000.0
G0 X219.0 F2000.0
G0 X218.0 F2000.0
G0 X219.0 F2000.0
G0 X218.0 F2000.0
G0 X219.0 F2000.0
G0 X218.0 F2000.0
G0 X219.0 F2000.0
G0 X218.0 F2000.0
G0 X219.0 F2000.0
G0 X218.0 F2000.0
G0 X219.0 F2000.0
G0 X218.0 F2000.0
G0 X219.0 F2000.0
G0 X218.0 F2000.0
G0 X219.0 F2000.0
G0 X218.0 F2000.0
G0 X219.0 F2000.0
G0 X218.0 F2000.0
G0 X219.0 F2000.0
G0 X218.0 F2000.0
G0 X219.0 F2000.0
G0 X218.0 F2000.0
G0 X219.0 F2000.0
G0 X218.0 F2000.0
G0 X219.0 F2000.0
G0 X218.0 F2000.0
G0 X219.0 F2000.0
G0 X218.0 F2000.0
G0 X219.0 F2000.0
G0 X218.0 F2000.0
G0 X219.0 F2000.0
G0 X218.0 F2000.0
G0 X219.0 F2000.0
G0 X218.0 F2000.0
G0 X219.0 F2000.0
G0 X218.0 F2000.0
G0 X219.0 F2000.0
G0 X218.0 F2000.0
G0 X219.0 F2000.0
G0 X218.0 F2000.0
G0 X219.0 F2000.0
G0 X218.0 F2000.0
G0 X219.0 F2000.0
G0 X218.0 F2000.0
G0 Z40.0 F5000

G0 Z40.0 F5000.0 ; dispensing leftovers
G0 X218.0 Y15.0 F5000.0
G0 Z-17.0 F3000.0
DISPENSE MM=0.0 SPEED=30.0
WAIT S=1.0
G0 Z40.0 F5000.0
G0 Z40.0 F5000.0
G0 X218.0 Y65.0 F5000.0
G0 Z-17.0  F3000.0
ASPIRATE MM=16.525 SPEED=1.0; Filling the syringe
WAIT S=10.0
DISPENSE MM=10.0 SPEED=15.0 RELATIVE=1; Prevent backlash the syringe
WAIT S=2.0
G0 Z40.0 F5000.0

; Washing sequence
G0 Z40.0 F5000
G0 X218.0 Y16.0 F5000
G0 Z-5.0 F500
G0 X219.0 F2000.0
G0 X218.0 F2000.0
G0 X219.0 F2000.0
G0 X218.0 F2000.0
G0 X219.0 F2000.0
G0 X218.0 F2000.0
G0 X219.0 F2000.0
G0 X218.0 F2000.0
G0 X219.0 F2000.0
G0 X218.0 F2000.0
G0 X219.0 F2000.0
G0 X218.0 F2000.0
G0 X219.0 F2000.0
G0 X218.0 F2000.0
G0 X219.0 F2000.0
G0 X218.0 F2000.0
G0 X219.0 F2000.0
G0 X218.0 F2000.0
G0 X219.0 F2000.0
G0 X218.0 F2000.0
G0 X219.0 F2000.0
G0 X218.0 F2000.0
G0 X219.0 F2000.0
G0 X218.0 F2000.0
G0 X219.0 F2000.0
G0 X218.0 F2000.0
G0 X219.0 F2000.0
G0 X218.0 F2000.0
G0 X219.0 F2000.0
G0 X218.0 F2000.0
G0 X219.0 F2000.0
G0 X218.0 F2000.0
G0 X219.0 F2000.0
G0 X218.0 F2000.0
G0 X219.0 F2000.0
G0 X218.0 F2000.0
G0 X219.0 F2000.0
G0 X218.0 F2000.0
G0 X219.0 F2000.0
G0 X218.0 F2000.0
G0 X219.0 F2000.0
G0 X218.0 F2000.0
G0 X219.0 F2000.0
G0 X218.0 F2000.0
G0 X219.0 F2000.0
G0 X218.0 F2000.0
G0 X219.0 F2000.0
G0 X218.0 F2000.0
G0 X219.0 F2000.0
G0 X218.0 F2000.0
G0 X219.0 F2000.0
G0 X218.0 F2000.0
G0 X219.0 F2000.0
G0 X218.0 F2000.0
G0 X219.0 F2000.0
G0 X218.0 F2000.0
G0 X219.0 F2000.0
G0 X218.0 F2000.0
G0 X219.0 F2000.0
G0 X218.0 F2000.0
G0 X219.0 F2000.0
G0 X218.0 F2000.0
G0 X219.0 F2000.0
G0 X218.0 F2000.0
G0 X219.0 F2000.0
G0 X218.0 F2000.0
G0 X219.0 F2000.0
G0 X218.0 F2000.0
G0 X219.0 F2000.0
G0 X218.0 F2000.0
G0 X219.0 F2000.0
G0 X218.0 F2000.0
G0 X219.0 F2000.0
G0 X218.0 F2000.0
G0 X219.0 F2000.0
G0 X218.0 F2000.0
G0 X219.0 F2000.0
G0 X218.0 F2000.0
G0 X219.0 F2000.0
G0 X218.0 F2000.0
G0 X219.0 F2000.0
G0 X218.0 F2000.0
G0 X219.0 F2000.0
G0 X218.0 F2000.0
G0 X219.0 F2000.0
G0 X218.0 F2000.0
G0 X219.0 F2000.0
G0 X218.0 F2000.0
G0 X219.0 F2000.0
G0 X218.0 F2000.0
G0 X219.0 F2000.0
G0 X218.0 F2000.0
G0 X219.0 F2000.0
G0 X218.0 F2000.0
G0 X219.0 F2000.0
G0 X218.0 F2000.0
G0 X219.0 F2000.0
G0 X218.0 F2000.0
G0 X219.0 F2000.0
G0 X218.0 F2000.0
G0 Z40.0 F5000


; Create cleaning sequence
G0 X42.0 Y69.0 F5000
WAIT S=0.2
DISPENSE MM=0.025 SPEED=500 RELATIVE=1
WAIT S=0.5
G0 Z0.01 F500 ;position for liquid contact
G0 Z1.0 F5000
G0 X45.0 Y69.0 F5000
DISPENSE MM=0.025 SPEED=500 RELATIVE=1
WAIT S=0.5
G0 Z0.01 F500 ;position for liquid contact
G0 Z1.0 F5000
G0 X48.0 Y69.0 F5000
DISPENSE MM=0.025 SPEED=500 RELATIVE=1
WAIT S=0.5
G0 Z0.01 F500 ;position for liquid contact
G0 Z1.0 F5000
G0 X51.0 Y69.0 F5000
DISPENSE MM=0.025 SPEED=500 RELATIVE=1
WAIT S=0.5
G0 Z0.01 F500 ;position for liquid contact
G0 Z1.0 F5000
G0 X54.0 Y69.0 F5000
DISPENSE MM=0.025 SPEED=500 RELATIVE=1
WAIT S=0.5
G0 Z0.01 F500 ;position for liquid contact
G0 Z1.0 F5000
G0 X57.0 Y69.0 F5000
DISPENSE MM=0.025 SPEED=500 RELATIVE=1
WAIT S=0.5
G0 Z0.01 F500 ;position for liquid contact
G0 Z1.0 F5000
G0 X60.0 Y69.0 F5000
DISPENSE MM=0.025 SPEED=500 RELATIVE=1
WAIT S=0.5
G0 Z0.01 F500 ;position for liquid contact
G0 Z1.0 F5000
G0 X63.0 Y69.0 F5000
DISPENSE MM=0.025 SPEED=500 RELATIVE=1
WAIT S=0.5
G0 Z0.01 F500 ;position for liquid contact
G0 Z1.0 F5000
G0 X66.0 Y69.0 F5000
DISPENSE MM=0.025 SPEED=500 RELATIVE=1
WAIT S=0.5
G0 Z0.01 F500 ;position for liquid contact
G0 Z1.0 F5000
G0 X69.0 Y69.0 F5000
DISPENSE MM=0.025 SPEED=500 RELATIVE=1
WAIT S=0.5
G0 Z0.01 F500 ;position for liquid contact
G0 Z1.0 F5000
G0 X42.0 Y71.0 F5000
WAIT S=0.2
DISPENSE MM=0.025 SPEED=500 RELATIVE=1
WAIT S=0.5
G0 Z0.01 F500 ;position for liquid contact
G0 Z1.0 F5000
G0 X45.0 Y71.0 F5000
DISPENSE MM=0.025 SPEED=500 RELATIVE=1
WAIT S=0.5
G0 Z0.01 F500 ;position for liquid contact
G0 Z1.0 F5000
G0 X48.0 Y71.0 F5000
DISPENSE MM=0.025 SPEED=500 RELATIVE=1
WAIT S=0.5
G0 Z0.01 F500 ;position for liquid contact
G0 Z1.0 F5000
G0 X51.0 Y71.0 F5000
DISPENSE MM=0.025 SPEED=500 RELATIVE=1
WAIT S=0.5
G0 Z0.01 F500 ;position for liquid contact
G0 Z1.0 F5000
G0 X54.0 Y71.0 F5000
DISPENSE MM=0.025 SPEED=500 RELATIVE=1
WAIT S=0.5
G0 Z0.01 F500 ;position for liquid contact
G0 Z1.0 F5000
G0 X57.0 Y71.0 F5000
DISPENSE MM=0.025 SPEED=500 RELATIVE=1
WAIT S=0.5
G0 Z0.01 F500 ;position for liquid contact
G0 Z1.0 F5000
G0 X60.0 Y71.0 F5000
DISPENSE MM=0.025 SPEED=500 RELATIVE=1
WAIT S=0.5
G0 Z0.01 F500 ;position for liquid contact
G0 Z1.0 F5000
G0 X63.0 Y71.0 F5000
DISPENSE MM=0.025 SPEED=500 RELATIVE=1
WAIT S=0.5
G0 Z0.01 F500 ;position for liquid contact
G0 Z1.0 F5000
G0 X66.0 Y71.0 F5000
DISPENSE MM=0.025 SPEED=500 RELATIVE=1
WAIT S=0.5
G0 Z0.01 F500 ;position for liquid contact
G0 Z1.0 F5000
G0 X69.0 Y71.0 F5000
DISPENSE MM=0.025 SPEED=500 RELATIVE=1
WAIT S=0.5
G0 Z0.01 F500 ;position for liquid contact
G0 Z1.0 F5000



G0 X82.75 Y79.75 F5000.0
G0 Z1.0 F3000.0
WAIT S=0.2
DISPENSE MM=0.015 SPEED=30.0 RELATIVE=1
WAIT S=0.001
G0 Z0.01 F3000.0 ;position for liquid contact
G0 Z1.0 F5000.0
G0 X84.25 Y79.75 F5000.0
G0 Z1.0 F3000.0
DISPENSE MM=0.015 SPEED=30.0 RELATIVE=1
WAIT S=0.001
G0 Z0.01 F3000.0 ;position for liquid contact
G0 Z1.0 F5000.0
G0 X85.75 Y79.75 F5000.0
G0 Z1.0 F3000.0
DISPENSE MM=0.015 SPEED=30.0 RELATIVE=1
WAIT S=0.001
G0 Z0.01 F3000.0 ;position for liquid contact
G0 Z1.0 F5000.0
G0 X87.25 Y79.75 F5000.0
G0 Z1.0 F3000.0
DISPENSE MM=0.015 SPEED=30.0 RELATIVE=1
WAIT S=0.001
G0 Z0.01 F3000.0 ;position for liquid contact
G0 Z1.0 F5000.0
G0 X88.75 Y79.75 F5000.0
G0 Z1.0 F3000.0
DISPENSE MM=0.015 SPEED=30.0 RELATIVE=1
WAIT S=0.001
G0 Z0.01 F3000.0 ;position for liquid contact
G0 Z1.0 F5000.0
G0 X90.25 Y79.75 F5000.0
G0 Z1.0 F3000.0
DISPENSE MM=0.015 SPEED=30.0 RELATIVE=1
WAIT S=0.001
G0 Z0.01 F3000.0 ;position for liquid contact
G0 Z1.0 F5000.0
G0 X91.75 Y79.75 F5000.0
G0 Z1.0 F3000.0
DISPENSE MM=0.015 SPEED=30.0 RELATIVE=1
WAIT S=0.001
G0 Z0.01 F3000.0 ;position for liquid contact
G0 Z1.0 F5000.0
G0 X93.25 Y79.75 F5000.0
G0 Z1.0 F3000.0
DISPENSE MM=0.015 SPEED=30.0 RELATIVE=1
WAIT S=0.001
G0 Z0.01 F3000.0 ;position for liquid contact
G0 Z1.0 F5000.0
G0 X94.75 Y79.75 F5000.0
G0 Z1.0 F3000.0
DISPENSE MM=0.015 SPEED=30.0 RELATIVE=1
WAIT S=0.001
G0 Z0.01 F3000.0 ;position for liquid contact
G0 Z1.0 F5000.0
G0 X96.25 Y79.75 F5000.0
G0 Z1.0 F3000.0
DISPENSE MM=0.015 SPEED=30.0 RELATIVE=1
WAIT S=0.001
G0 Z0.01 F3000.0 ;position for liquid contact
G0 Z1.0 F5000.0
G0 X97.75 Y79.75 F5000.0
G0 Z1.0 F3000.0
DISPENSE MM=0.015 SPEED=30.0 RELATIVE=1
WAIT S=0.001
G0 Z0.01 F3000.0 ;position for liquid contact
G0 Z1.0 F5000.0
G0 X99.25 Y79.75 F5000.0
G0 Z1.0 F3000.0
DISPENSE MM=0.015 SPEED=30.0 RELATIVE=1
WAIT S=0.001
G0 Z0.01 F3000.0 ;position for liquid contact
G0 Z1.0 F5000.0
G0 X100.75 Y79.75 F5000.0
G0 Z1.0 F3000.0
DISPENSE MM=0.015 SPEED=30.0 RELATIVE=1
WAIT S=0.001
G0 Z0.01 F3000.0 ;position for liquid contact
G0 Z1.0 F5000.0
G0 X102.25 Y79.75 F5000.0
G0 Z1.0 F3000.0
DISPENSE MM=0.015 SPEED=30.0 RELATIVE=1
WAIT S=0.001
G0 Z0.01 F3000.0 ;position for liquid contact
G0 Z1.0 F5000.0
G0 X103.75 Y79.75 F5000.0
G0 Z1.0 F3000.0
DISPENSE MM=0.015 SPEED=30.0 RELATIVE=1
WAIT S=0.001
G0 Z0.01 F3000.0 ;position for liquid contact
G0 Z1.0 F5000.0
G0 X105.25 Y79.75 F5000.0
G0 Z1.0 F3000.0
DISPENSE MM=0.015 SPEED=30.0 RELATIVE=1
WAIT S=0.001
G0 Z0.01 F3000.0 ;position for liquid contact
G0 Z1.0 F5000.0
G0 X106.75 Y79.75 F5000.0
G0 Z1.0 F3000.0
DISPENSE MM=0.015 SPEED=30.0 RELATIVE=1
WAIT S=0.001
G0 Z0.01 F3000.0 ;position for liquid contact
G0 Z1.0 F5000.0
G0 X108.25 Y79.75 F5000.0
G0 Z1.0 F3000.0
DISPENSE MM=0.015 SPEED=30.0 RELATIVE=1
WAIT S=0.001
G0 Z0.01 F3000.0 ;position for liquid contact
G0 Z1.0 F5000.0
G0 X109.75 Y79.75 F5000.0
G0 Z1.0 F3000.0
DISPENSE MM=0.015 SPEED=30.0 RELATIVE=1
WAIT S=0.001
G0 Z0.01 F3000.0 ;position for liquid contact
G0 Z1.0 F5000.0
G0 X111.25 Y79.75 F5000.0
G0 Z1.0 F3000.0
DISPENSE MM=0.015 SPEED=30.0 RELATIVE=1
WAIT S=0.001
G0 Z0.01 F3000.0 ;position for liquid contact
G0 Z1.0 F5000.0
G0 X82.75 Y81.25 F5000.0
G0 Z1.0 F3000.0
WAIT S=0.2
DISPENSE MM=0.015 SPEED=30.0 RELATIVE=1
WAIT S=0.001
G0 Z0.01 F3000.0 ;position for liquid contact
G0 Z1.0 F5000.0
G0 X84.25 Y81.25 F5000.0
G0 Z1.0 F3000.0
DISPENSE MM=0.015 SPEED=30.0 RELATIVE=1
WAIT S=0.001
G0 Z0.01 F3000.0 ;position for liquid contact
G0 Z1.0 F5000.0
G0 X85.75 Y81.25 F5000.0
G0 Z1.0 F3000.0
DISPENSE MM=0.015 SPEED=30.0 RELATIVE=1
WAIT S=0.001
G0 Z0.01 F3000.0 ;position for liquid contact
G0 Z1.0 F5000.0
G0 X87.25 Y81.25 F5000.0
G0 Z1.0 F3000.0
DISPENSE MM=0.015 SPEED=30.0 RELATIVE=1
WAIT S=0.001
G0 Z0.01 F3000.0 ;position for liquid contact
G0 Z1.0 F5000.0
G0 X88.75 Y81.25 F5000.0
G0 Z1.0 F3000.0
DISPENSE MM=0.015 SPEED=30.0 RELATIVE=1
WAIT S=0.001
G0 Z0.01 F3000.0 ;position for liquid contact
G0 Z1.0 F5000.0
G0 X90.25 Y81.25 F5000.0
G0 Z1.0 F3000.0
DISPENSE MM=0.015 SPEED=30.0 RELATIVE=1
WAIT S=0.001
G0 Z0.01 F3000.0 ;position for liquid contact
G0 Z1.0 F5000.0
G0 X91.75 Y81.25 F5000.0
G0 Z1.0 F3000.0
DISPENSE MM=0.015 SPEED=30.0 RELATIVE=1
WAIT S=0.001
G0 Z0.01 F3000.0 ;position for liquid contact
G0 Z1.0 F5000.0
G0 X93.25 Y81.25 F5000.0
G0 Z1.0 F3000.0
DISPENSE MM=0.015 SPEED=30.0 RELATIVE=1
WAIT S=0.001
G0 Z0.01 F3000.0 ;position for liquid contact
G0 Z1.0 F5000.0
G0 X94.75 Y81.25 F5000.0
G0 Z1.0 F3000.0
DISPENSE MM=0.015 SPEED=30.0 RELATIVE=1
WAIT S=0.001
G0 Z0.01 F3000.0 ;position for liquid contact
G0 Z1.0 F5000.0
G0 X96.25 Y81.25 F5000.0
G0 Z1.0 F3000.0
DISPENSE MM=0.015 SPEED=30.0 RELATIVE=1
WAIT S=0.001
G0 Z0.01 F3000.0 ;position for liquid contact
G0 Z1.0 F5000.0
G0 X97.75 Y81.25 F5000.0
G0 Z1.0 F3000.0
DISPENSE MM=0.015 SPEED=30.0 RELATIVE=1
WAIT S=0.001
G0 Z0.01 F3000.0 ;position for liquid contact
G0 Z1.0 F5000.0
G0 X99.25 Y81.25 F5000.0
G0 Z1.0 F3000.0
DISPENSE MM=0.015 SPEED=30.0 RELATIVE=1
WAIT S=0.001
G0 Z0.01 F3000.0 ;position for liquid contact
G0 Z1.0 F5000.0
G0 X100.75 Y81.25 F5000.0
G0 Z1.0 F3000.0
DISPENSE MM=0.015 SPEED=30.0 RELATIVE=1
WAIT S=0.001
G0 Z0.01 F3000.0 ;position for liquid contact
G0 Z1.0 F5000.0
G0 X102.25 Y81.25 F5000.0
G0 Z1.0 F3000.0
DISPENSE MM=0.015 SPEED=30.0 RELATIVE=1
WAIT S=0.001
G0 Z0.01 F3000.0 ;position for liquid contact
G0 Z1.0 F5000.0
G0 X103.75 Y81.25 F5000.0
G0 Z1.0 F3000.0
DISPENSE MM=0.015 SPEED=30.0 RELATIVE=1
WAIT S=0.001
G0 Z0.01 F3000.0 ;position for liquid contact
G0 Z1.0 F5000.0
G0 X105.25 Y81.25 F5000.0
G0 Z1.0 F3000.0
DISPENSE MM=0.015 SPEED=30.0 RELATIVE=1
WAIT S=0.001
G0 Z0.01 F3000.0 ;position for liquid contact
G0 Z1.0 F5000.0
G0 X106.75 Y81.25 F5000.0
G0 Z1.0 F3000.0
DISPENSE MM=0.015 SPEED=30.0 RELATIVE=1
WAIT S=0.001
G0 Z0.01 F3000.0 ;position for liquid contact
G0 Z1.0 F5000.0
G0 X108.25 Y81.25 F5000.0
G0 Z1.0 F3000.0
DISPENSE MM=0.015 SPEED=30.0 RELATIVE=1
WAIT S=0.001
G0 Z0.01 F3000.0 ;position for liquid contact
G0 Z1.0 F5000.0
G0 X109.75 Y81.25 F5000.0
G0 Z1.0 F3000.0
DISPENSE MM=0.015 SPEED=30.0 RELATIVE=1
WAIT S=0.001
G0 Z0.01 F3000.0 ;position for liquid contact
G0 Z1.0 F5000.0
G0 X111.25 Y81.25 F5000.0
G0 Z1.0 F3000.0
DISPENSE MM=0.015 SPEED=30.0 RELATIVE=1
WAIT S=0.001
G0 Z0.01 F3000.0 ;position for liquid contact
G0 Z1.0 F5000.0
G0 X82.75 Y82.75 F5000.0
G0 Z1.0 F3000.0
WAIT S=0.2
DISPENSE MM=0.015 SPEED=30.0 RELATIVE=1
WAIT S=0.001
G0 Z0.01 F3000.0 ;position for liquid contact
G0 Z1.0 F5000.0
G0 X84.25 Y82.75 F5000.0
G0 Z1.0 F3000.0
DISPENSE MM=0.015 SPEED=30.0 RELATIVE=1
WAIT S=0.001
G0 Z0.01 F3000.0 ;position for liquid contact
G0 Z1.0 F5000.0
G0 X85.75 Y82.75 F5000.0
G0 Z1.0 F3000.0
DISPENSE MM=0.015 SPEED=30.0 RELATIVE=1
WAIT S=0.001
G0 Z0.01 F3000.0 ;position for liquid contact
G0 Z1.0 F5000.0
G0 X87.25 Y82.75 F5000.0
G0 Z1.0 F3000.0
DISPENSE MM=0.015 SPEED=30.0 RELATIVE=1
WAIT S=0.001
G0 Z0.01 F3000.0 ;position for liquid contact
G0 Z1.0 F5000.0
G0 X88.75 Y82.75 F5000.0
G0 Z1.0 F3000.0
DISPENSE MM=0.015 SPEED=30.0 RELATIVE=1
WAIT S=0.001
G0 Z0.01 F3000.0 ;position for liquid contact
G0 Z1.0 F5000.0
G0 X90.25 Y82.75 F5000.0
G0 Z1.0 F3000.0
DISPENSE MM=0.015 SPEED=30.0 RELATIVE=1
WAIT S=0.001
G0 Z0.01 F3000.0 ;position for liquid contact
G0 Z1.0 F5000.0
G0 X91.75 Y82.75 F5000.0
G0 Z1.0 F3000.0
DISPENSE MM=0.015 SPEED=30.0 RELATIVE=1
WAIT S=0.001
G0 Z0.01 F3000.0 ;position for liquid contact
G0 Z1.0 F5000.0
G0 X93.25 Y82.75 F5000.0
G0 Z1.0 F3000.0
DISPENSE MM=0.015 SPEED=30.0 RELATIVE=1
WAIT S=0.001
G0 Z0.01 F3000.0 ;position for liquid contact
G0 Z1.0 F5000.0
G0 X94.75 Y82.75 F5000.0
G0 Z1.0 F3000.0
DISPENSE MM=0.015 SPEED=30.0 RELATIVE=1
WAIT S=0.001
G0 Z0.01 F3000.0 ;position for liquid contact
G0 Z1.0 F5000.0
G0 X96.25 Y82.75 F5000.0
G0 Z1.0 F3000.0
DISPENSE MM=0.015 SPEED=30.0 RELATIVE=1
WAIT S=0.001
G0 Z0.01 F3000.0 ;position for liquid contact
G0 Z1.0 F5000.0
G0 X97.75 Y82.75 F5000.0
G0 Z1.0 F3000.0
DISPENSE MM=0.015 SPEED=30.0 RELATIVE=1
WAIT S=0.001
G0 Z0.01 F3000.0 ;position for liquid contact
G0 Z1.0 F5000.0
G0 X99.25 Y82.75 F5000.0
G0 Z1.0 F3000.0
DISPENSE MM=0.015 SPEED=30.0 RELATIVE=1
WAIT S=0.001
G0 Z0.01 F3000.0 ;position for liquid contact
G0 Z1.0 F5000.0
G0 X100.75 Y82.75 F5000.0
G0 Z1.0 F3000.0
DISPENSE MM=0.015 SPEED=30.0 RELATIVE=1
WAIT S=0.001
G0 Z0.01 F3000.0 ;position for liquid contact
G0 Z1.0 F5000.0
G0 X102.25 Y82.75 F5000.0
G0 Z1.0 F3000.0
DISPENSE MM=0.015 SPEED=30.0 RELATIVE=1
WAIT S=0.001
G0 Z0.01 F3000.0 ;position for liquid contact
G0 Z1.0 F5000.0
G0 X103.75 Y82.75 F5000.0
G0 Z1.0 F3000.0
DISPENSE MM=0.015 SPEED=30.0 RELATIVE=1
WAIT S=0.001
G0 Z0.01 F3000.0 ;position for liquid contact
G0 Z1.0 F5000.0
G0 X105.25 Y82.75 F5000.0
G0 Z1.0 F3000.0
DISPENSE MM=0.015 SPEED=30.0 RELATIVE=1
WAIT S=0.001
G0 Z0.01 F3000.0 ;position for liquid contact
G0 Z1.0 F5000.0
G0 X106.75 Y82.75 F5000.0
G0 Z1.0 F3000.0
DISPENSE MM=0.015 SPEED=30.0 RELATIVE=1
WAIT S=0.001
G0 Z0.01 F3000.0 ;position for liquid contact
G0 Z1.0 F5000.0
G0 X108.25 Y82.75 F5000.0
G0 Z1.0 F3000.0
DISPENSE MM=0.015 SPEED=30.0 RELATIVE=1
WAIT S=0.001
G0 Z0.01 F3000.0 ;position for liquid contact
G0 Z1.0 F5000.0
G0 X109.75 Y82.75 F5000.0
G0 Z1.0 F3000.0
DISPENSE MM=0.015 SPEED=30.0 RELATIVE=1
WAIT S=0.001
G0 Z0.01 F3000.0 ;position for liquid contact
G0 Z1.0 F5000.0
G0 X111.25 Y82.75 F5000.0
G0 Z1.0 F3000.0
DISPENSE MM=0.015 SPEED=30.0 RELATIVE=1
WAIT S=0.001
G0 Z0.01 F3000.0 ;position for liquid contact
G0 Z1.0 F5000.0
G0 X82.75 Y84.25 F5000.0
G0 Z1.0 F3000.0
WAIT S=0.2
DISPENSE MM=0.015 SPEED=30.0 RELATIVE=1
WAIT S=0.001
G0 Z0.01 F3000.0 ;position for liquid contact
G0 Z1.0 F5000.0
G0 X84.25 Y84.25 F5000.0
G0 Z1.0 F3000.0
DISPENSE MM=0.015 SPEED=30.0 RELATIVE=1
WAIT S=0.001
G0 Z0.01 F3000.0 ;position for liquid contact
G0 Z1.0 F5000.0
G0 X85.75 Y84.25 F5000.0
G0 Z1.0 F3000.0
DISPENSE MM=0.015 SPEED=30.0 RELATIVE=1
WAIT S=0.001
G0 Z0.01 F3000.0 ;position for liquid contact
G0 Z1.0 F5000.0
G0 X87.25 Y84.25 F5000.0
G0 Z1.0 F3000.0
DISPENSE MM=0.015 SPEED=30.0 RELATIVE=1
WAIT S=0.001
G0 Z0.01 F3000.0 ;position for liquid contact
G0 Z1.0 F5000.0
G0 X88.75 Y84.25 F5000.0
G0 Z1.0 F3000.0
DISPENSE MM=0.015 SPEED=30.0 RELATIVE=1
WAIT S=0.001
G0 Z0.01 F3000.0 ;position for liquid contact
G0 Z1.0 F5000.0
G0 X90.25 Y84.25 F5000.0
G0 Z1.0 F3000.0
DISPENSE MM=0.015 SPEED=30.0 RELATIVE=1
WAIT S=0.001
G0 Z0.01 F3000.0 ;position for liquid contact
G0 Z1.0 F5000.0
G0 X91.75 Y84.25 F5000.0
G0 Z1.0 F3000.0
DISPENSE MM=0.015 SPEED=30.0 RELATIVE=1
WAIT S=0.001
G0 Z0.01 F3000.0 ;position for liquid contact
G0 Z1.0 F5000.0
G0 X93.25 Y84.25 F5000.0
G0 Z1.0 F3000.0
DISPENSE MM=0.015 SPEED=30.0 RELATIVE=1
WAIT S=0.001
G0 Z0.01 F3000.0 ;position for liquid contact
G0 Z1.0 F5000.0
G0 X94.75 Y84.25 F5000.0
G0 Z1.0 F3000.0
DISPENSE MM=0.015 SPEED=30.0 RELATIVE=1
WAIT S=0.001
G0 Z0.01 F3000.0 ;position for liquid contact
G0 Z1.0 F5000.0
G0 X96.25 Y84.25 F5000.0
G0 Z1.0 F3000.0
DISPENSE MM=0.015 SPEED=30.0 RELATIVE=1
WAIT S=0.001
G0 Z0.01 F3000.0 ;position for liquid contact
G0 Z1.0 F5000.0
G0 X97.75 Y84.25 F5000.0
G0 Z1.0 F3000.0
DISPENSE MM=0.015 SPEED=30.0 RELATIVE=1
WAIT S=0.001
G0 Z0.01 F3000.0 ;position for liquid contact
G0 Z1.0 F5000.0
G0 X99.25 Y84.25 F5000.0
G0 Z1.0 F3000.0
DISPENSE MM=0.015 SPEED=30.0 RELATIVE=1
WAIT S=0.001
G0 Z0.01 F3000.0 ;position for liquid contact
G0 Z1.0 F5000.0
G0 X100.75 Y84.25 F5000.0
G0 Z1.0 F3000.0
DISPENSE MM=0.015 SPEED=30.0 RELATIVE=1
WAIT S=0.001
G0 Z0.01 F3000.0 ;position for liquid contact
G0 Z1.0 F5000.0
G0 X102.25 Y84.25 F5000.0
G0 Z1.0 F3000.0
DISPENSE MM=0.015 SPEED=30.0 RELATIVE=1
WAIT S=0.001
G0 Z0.01 F3000.0 ;position for liquid contact
G0 Z1.0 F5000.0
G0 X103.75 Y84.25 F5000.0
G0 Z1.0 F3000.0
DISPENSE MM=0.015 SPEED=30.0 RELATIVE=1
WAIT S=0.001
G0 Z0.01 F3000.0 ;position for liquid contact
G0 Z1.0 F5000.0
G0 X105.25 Y84.25 F5000.0
G0 Z1.0 F3000.0
DISPENSE MM=0.015 SPEED=30.0 RELATIVE=1
WAIT S=0.001
G0 Z0.01 F3000.0 ;position for liquid contact
G0 Z1.0 F5000.0
G0 X106.75 Y84.25 F5000.0
G0 Z1.0 F3000.0
DISPENSE MM=0.015 SPEED=30.0 RELATIVE=1
WAIT S=0.001
G0 Z0.01 F3000.0 ;position for liquid contact
G0 Z1.0 F5000.0
G0 X108.25 Y84.25 F5000.0
G0 Z1.0 F3000.0
DISPENSE MM=0.015 SPEED=30.0 RELATIVE=1
WAIT S=0.001
G0 Z0.01 F3000.0 ;position for liquid contact
G0 Z1.0 F5000.0
G0 X109.75 Y84.25 F5000.0
G0 Z1.0 F3000.0
DISPENSE MM=0.015 SPEED=30.0 RELATIVE=1
WAIT S=0.001
G0 Z0.01 F3000.0 ;position for liquid contact
G0 Z1.0 F5000.0
G0 X111.25 Y84.25 F5000.0
G0 Z1.0 F3000.0
DISPENSE MM=0.015 SPEED=30.0 RELATIVE=1
WAIT S=0.001
G0 Z0.01 F3000.0 ;position for liquid contact
G0 Z1.0 F5000.0
G0 X82.75 Y85.75 F5000.0
G0 Z1.0 F3000.0
WAIT S=0.2
DISPENSE MM=0.015 SPEED=30.0 RELATIVE=1
WAIT S=0.001
G0 Z0.01 F3000.0 ;position for liquid contact
G0 Z1.0 F5000.0
G0 X84.25 Y85.75 F5000.0
G0 Z1.0 F3000.0
DISPENSE MM=0.015 SPEED=30.0 RELATIVE=1
WAIT S=0.001
G0 Z0.01 F3000.0 ;position for liquid contact
G0 Z1.0 F5000.0
G0 X85.75 Y85.75 F5000.0
G0 Z1.0 F3000.0
DISPENSE MM=0.015 SPEED=30.0 RELATIVE=1
WAIT S=0.001
G0 Z0.01 F3000.0 ;position for liquid contact
G0 Z1.0 F5000.0
G0 X87.25 Y85.75 F5000.0
G0 Z1.0 F3000.0
DISPENSE MM=0.015 SPEED=30.0 RELATIVE=1
WAIT S=0.001
G0 Z0.01 F3000.0 ;position for liquid contact
G0 Z1.0 F5000.0
G0 X88.75 Y85.75 F5000.0
G0 Z1.0 F3000.0
DISPENSE MM=0.015 SPEED=30.0 RELATIVE=1
WAIT S=0.001
G0 Z0.01 F3000.0 ;position for liquid contact
G0 Z1.0 F5000.0
G0 X90.25 Y85.75 F5000.0
G0 Z1.0 F3000.0
DISPENSE MM=0.015 SPEED=30.0 RELATIVE=1
WAIT S=0.001
G0 Z0.01 F3000.0 ;position for liquid contact
G0 Z1.0 F5000.0
G0 X91.75 Y85.75 F5000.0
G0 Z1.0 F3000.0
DISPENSE MM=0.015 SPEED=30.0 RELATIVE=1
WAIT S=0.001
G0 Z0.01 F3000.0 ;position for liquid contact
G0 Z1.0 F5000.0
G0 X93.25 Y85.75 F5000.0
G0 Z1.0 F3000.0
DISPENSE MM=0.015 SPEED=30.0 RELATIVE=1
WAIT S=0.001
G0 Z0.01 F3000.0 ;position for liquid contact
G0 Z1.0 F5000.0
G0 X94.75 Y85.75 F5000.0
G0 Z1.0 F3000.0
DISPENSE MM=0.015 SPEED=30.0 RELATIVE=1
WAIT S=0.001
G0 Z0.01 F3000.0 ;position for liquid contact
G0 Z1.0 F5000.0
G0 X96.25 Y85.75 F5000.0
G0 Z1.0 F3000.0
DISPENSE MM=0.015 SPEED=30.0 RELATIVE=1
WAIT S=0.001
G0 Z0.01 F3000.0 ;position for liquid contact
G0 Z1.0 F5000.0
G0 X97.75 Y85.75 F5000.0
G0 Z1.0 F3000.0
DISPENSE MM=0.015 SPEED=30.0 RELATIVE=1
WAIT S=0.001
G0 Z0.01 F3000.0 ;position for liquid contact
G0 Z1.0 F5000.0
G0 X99.25 Y85.75 F5000.0
G0 Z1.0 F3000.0
DISPENSE MM=0.015 SPEED=30.0 RELATIVE=1
WAIT S=0.001
G0 Z0.01 F3000.0 ;position for liquid contact
G0 Z1.0 F5000.0
G0 X100.75 Y85.75 F5000.0
G0 Z1.0 F3000.0
DISPENSE MM=0.015 SPEED=30.0 RELATIVE=1
WAIT S=0.001
G0 Z0.01 F3000.0 ;position for liquid contact
G0 Z1.0 F5000.0
G0 X102.25 Y85.75 F5000.0
G0 Z1.0 F3000.0
DISPENSE MM=0.015 SPEED=30.0 RELATIVE=1
WAIT S=0.001
G0 Z0.01 F3000.0 ;position for liquid contact
G0 Z1.0 F5000.0
G0 X103.75 Y85.75 F5000.0
G0 Z1.0 F3000.0
DISPENSE MM=0.015 SPEED=30.0 RELATIVE=1
WAIT S=0.001
G0 Z0.01 F3000.0 ;position for liquid contact
G0 Z1.0 F5000.0
G0 X105.25 Y85.75 F5000.0
G0 Z1.0 F3000.0
DISPENSE MM=0.015 SPEED=30.0 RELATIVE=1
WAIT S=0.001
G0 Z0.01 F3000.0 ;position for liquid contact
G0 Z1.0 F5000.0
G0 X106.75 Y85.75 F5000.0
G0 Z1.0 F3000.0
DISPENSE MM=0.015 SPEED=30.0 RELATIVE=1
WAIT S=0.001
G0 Z0.01 F3000.0 ;position for liquid contact
G0 Z1.0 F5000.0
G0 X108.25 Y85.75 F5000.0
G0 Z1.0 F3000.0
DISPENSE MM=0.015 SPEED=30.0 RELATIVE=1
WAIT S=0.001
G0 Z0.01 F3000.0 ;position for liquid contact
G0 Z1.0 F5000.0
G0 X109.75 Y85.75 F5000.0
G0 Z1.0 F3000.0
DISPENSE MM=0.015 SPEED=30.0 RELATIVE=1
WAIT S=0.001
G0 Z0.01 F3000.0 ;position for liquid contact
G0 Z1.0 F5000.0
G0 X111.25 Y85.75 F5000.0
G0 Z1.0 F3000.0
DISPENSE MM=0.015 SPEED=30.0 RELATIVE=1
WAIT S=0.001
G0 Z0.01 F3000.0 ;position for liquid contact
G0 Z1.0 F5000.0
G0 X82.75 Y87.25 F5000.0
G0 Z1.0 F3000.0
WAIT S=0.2
DISPENSE MM=0.015 SPEED=30.0 RELATIVE=1
WAIT S=0.001
G0 Z0.01 F3000.0 ;position for liquid contact
G0 Z1.0 F5000.0
G0 X84.25 Y87.25 F5000.0
G0 Z1.0 F3000.0
DISPENSE MM=0.015 SPEED=30.0 RELATIVE=1
WAIT S=0.001
G0 Z0.01 F3000.0 ;position for liquid contact
G0 Z1.0 F5000.0
G0 X85.75 Y87.25 F5000.0
G0 Z1.0 F3000.0
DISPENSE MM=0.015 SPEED=30.0 RELATIVE=1
WAIT S=0.001
G0 Z0.01 F3000.0 ;position for liquid contact
G0 Z1.0 F5000.0
G0 X87.25 Y87.25 F5000.0
G0 Z1.0 F3000.0
DISPENSE MM=0.015 SPEED=30.0 RELATIVE=1
WAIT S=0.001
G0 Z0.01 F3000.0 ;position for liquid contact
G0 Z1.0 F5000.0
G0 X88.75 Y87.25 F5000.0
G0 Z1.0 F3000.0
DISPENSE MM=0.015 SPEED=30.0 RELATIVE=1
WAIT S=0.001
G0 Z0.01 F3000.0 ;position for liquid contact
G0 Z1.0 F5000.0
G0 X90.25 Y87.25 F5000.0
G0 Z1.0 F3000.0
DISPENSE MM=0.015 SPEED=30.0 RELATIVE=1
WAIT S=0.001
G0 Z0.01 F3000.0 ;position for liquid contact
G0 Z1.0 F5000.0
G0 X91.75 Y87.25 F5000.0
G0 Z1.0 F3000.0
DISPENSE MM=0.015 SPEED=30.0 RELATIVE=1
WAIT S=0.001
G0 Z0.01 F3000.0 ;position for liquid contact
G0 Z1.0 F5000.0
G0 X93.25 Y87.25 F5000.0
G0 Z1.0 F3000.0
DISPENSE MM=0.015 SPEED=30.0 RELATIVE=1
WAIT S=0.001
G0 Z0.01 F3000.0 ;position for liquid contact
G0 Z1.0 F5000.0
G0 X94.75 Y87.25 F5000.0
G0 Z1.0 F3000.0
DISPENSE MM=0.015 SPEED=30.0 RELATIVE=1
WAIT S=0.001
G0 Z0.01 F3000.0 ;position for liquid contact
G0 Z1.0 F5000.0
G0 X96.25 Y87.25 F5000.0
G0 Z1.0 F3000.0
DISPENSE MM=0.015 SPEED=30.0 RELATIVE=1
WAIT S=0.001
G0 Z0.01 F3000.0 ;position for liquid contact
G0 Z1.0 F5000.0
G0 X97.75 Y87.25 F5000.0
G0 Z1.0 F3000.0
DISPENSE MM=0.015 SPEED=30.0 RELATIVE=1
WAIT S=0.001
G0 Z0.01 F3000.0 ;position for liquid contact
G0 Z1.0 F5000.0
G0 X99.25 Y87.25 F5000.0
G0 Z1.0 F3000.0
DISPENSE MM=0.015 SPEED=30.0 RELATIVE=1
WAIT S=0.001
G0 Z0.01 F3000.0 ;position for liquid contact
G0 Z1.0 F5000.0
G0 X100.75 Y87.25 F5000.0
G0 Z1.0 F3000.0
DISPENSE MM=0.015 SPEED=30.0 RELATIVE=1
WAIT S=0.001
G0 Z0.01 F3000.0 ;position for liquid contact
G0 Z1.0 F5000.0
G0 X102.25 Y87.25 F5000.0
G0 Z1.0 F3000.0
DISPENSE MM=0.015 SPEED=30.0 RELATIVE=1
WAIT S=0.001
G0 Z0.01 F3000.0 ;position for liquid contact
G0 Z1.0 F5000.0
G0 X103.75 Y87.25 F5000.0
G0 Z1.0 F3000.0
DISPENSE MM=0.015 SPEED=30.0 RELATIVE=1
WAIT S=0.001
G0 Z0.01 F3000.0 ;position for liquid contact
G0 Z1.0 F5000.0
G0 X105.25 Y87.25 F5000.0
G0 Z1.0 F3000.0
DISPENSE MM=0.015 SPEED=30.0 RELATIVE=1
WAIT S=0.001
G0 Z0.01 F3000.0 ;position for liquid contact
G0 Z1.0 F5000.0
G0 X106.75 Y87.25 F5000.0
G0 Z1.0 F3000.0
DISPENSE MM=0.015 SPEED=30.0 RELATIVE=1
WAIT S=0.001
G0 Z0.01 F3000.0 ;position for liquid contact
G0 Z1.0 F5000.0
G0 X108.25 Y87.25 F5000.0
G0 Z1.0 F3000.0
DISPENSE MM=0.015 SPEED=30.0 RELATIVE=1
WAIT S=0.001
G0 Z0.01 F3000.0 ;position for liquid contact
G0 Z1.0 F5000.0
G0 X109.75 Y87.25 F5000.0
G0 Z1.0 F3000.0
DISPENSE MM=0.015 SPEED=30.0 RELATIVE=1
WAIT S=0.001
G0 Z0.01 F3000.0 ;position for liquid contact
G0 Z1.0 F5000.0
G0 X111.25 Y87.25 F5000.0
G0 Z1.0 F3000.0
DISPENSE MM=0.015 SPEED=30.0 RELATIVE=1
WAIT S=0.001
G0 Z0.01 F3000.0 ;position for liquid contact
G0 Z1.0 F5000.0
G0 X82.75 Y88.75 F5000.0
G0 Z1.0 F3000.0
WAIT S=0.2
DISPENSE MM=0.015 SPEED=30.0 RELATIVE=1
WAIT S=0.001
G0 Z0.01 F3000.0 ;position for liquid contact
G0 Z1.0 F5000.0
G0 X84.25 Y88.75 F5000.0
G0 Z1.0 F3000.0
DISPENSE MM=0.015 SPEED=30.0 RELATIVE=1
WAIT S=0.001
G0 Z0.01 F3000.0 ;position for liquid contact
G0 Z1.0 F5000.0
G0 X85.75 Y88.75 F5000.0
G0 Z1.0 F3000.0
DISPENSE MM=0.015 SPEED=30.0 RELATIVE=1
WAIT S=0.001
G0 Z0.01 F3000.0 ;position for liquid contact
G0 Z1.0 F5000.0
G0 X87.25 Y88.75 F5000.0
G0 Z1.0 F3000.0
DISPENSE MM=0.015 SPEED=30.0 RELATIVE=1
WAIT S=0.001
G0 Z0.01 F3000.0 ;position for liquid contact
G0 Z1.0 F5000.0
G0 X88.75 Y88.75 F5000.0
G0 Z1.0 F3000.0
DISPENSE MM=0.015 SPEED=30.0 RELATIVE=1
WAIT S=0.001
G0 Z0.01 F3000.0 ;position for liquid contact
G0 Z1.0 F5000.0
G0 X90.25 Y88.75 F5000.0
G0 Z1.0 F3000.0
DISPENSE MM=0.015 SPEED=30.0 RELATIVE=1
WAIT S=0.001
G0 Z0.01 F3000.0 ;position for liquid contact
G0 Z1.0 F5000.0
G0 X91.75 Y88.75 F5000.0
G0 Z1.0 F3000.0
DISPENSE MM=0.015 SPEED=30.0 RELATIVE=1
WAIT S=0.001
G0 Z0.01 F3000.0 ;position for liquid contact
G0 Z1.0 F5000.0
G0 X93.25 Y88.75 F5000.0
G0 Z1.0 F3000.0
DISPENSE MM=0.015 SPEED=30.0 RELATIVE=1
WAIT S=0.001
G0 Z0.01 F3000.0 ;position for liquid contact
G0 Z1.0 F5000.0
G0 X94.75 Y88.75 F5000.0
G0 Z1.0 F3000.0
DISPENSE MM=0.015 SPEED=30.0 RELATIVE=1
WAIT S=0.001
G0 Z0.01 F3000.0 ;position for liquid contact
G0 Z1.0 F5000.0
G0 X96.25 Y88.75 F5000.0
G0 Z1.0 F3000.0
DISPENSE MM=0.015 SPEED=30.0 RELATIVE=1
WAIT S=0.001
G0 Z0.01 F3000.0 ;position for liquid contact
G0 Z1.0 F5000.0
G0 X97.75 Y88.75 F5000.0
G0 Z1.0 F3000.0
DISPENSE MM=0.015 SPEED=30.0 RELATIVE=1
WAIT S=0.001
G0 Z0.01 F3000.0 ;position for liquid contact
G0 Z1.0 F5000.0
G0 X99.25 Y88.75 F5000.0
G0 Z1.0 F3000.0
DISPENSE MM=0.015 SPEED=30.0 RELATIVE=1
WAIT S=0.001
G0 Z0.01 F3000.0 ;position for liquid contact
G0 Z1.0 F5000.0
G0 X100.75 Y88.75 F5000.0
G0 Z1.0 F3000.0
DISPENSE MM=0.015 SPEED=30.0 RELATIVE=1
WAIT S=0.001
G0 Z0.01 F3000.0 ;position for liquid contact
G0 Z1.0 F5000.0
G0 X102.25 Y88.75 F5000.0
G0 Z1.0 F3000.0
DISPENSE MM=0.015 SPEED=30.0 RELATIVE=1
WAIT S=0.001
G0 Z0.01 F3000.0 ;position for liquid contact
G0 Z1.0 F5000.0
G0 X103.75 Y88.75 F5000.0
G0 Z1.0 F3000.0
DISPENSE MM=0.015 SPEED=30.0 RELATIVE=1
WAIT S=0.001
G0 Z0.01 F3000.0 ;position for liquid contact
G0 Z1.0 F5000.0
G0 X105.25 Y88.75 F5000.0
G0 Z1.0 F3000.0
DISPENSE MM=0.015 SPEED=30.0 RELATIVE=1
WAIT S=0.001
G0 Z0.01 F3000.0 ;position for liquid contact
G0 Z1.0 F5000.0
G0 X106.75 Y88.75 F5000.0
G0 Z1.0 F3000.0
DISPENSE MM=0.015 SPEED=30.0 RELATIVE=1
WAIT S=0.001
G0 Z0.01 F3000.0 ;position for liquid contact
G0 Z1.0 F5000.0
G0 X108.25 Y88.75 F5000.0
G0 Z1.0 F3000.0
DISPENSE MM=0.015 SPEED=30.0 RELATIVE=1
WAIT S=0.001
G0 Z0.01 F3000.0 ;position for liquid contact
G0 Z1.0 F5000.0
G0 X109.75 Y88.75 F5000.0
G0 Z1.0 F3000.0
DISPENSE MM=0.015 SPEED=30.0 RELATIVE=1
WAIT S=0.001
G0 Z0.01 F3000.0 ;position for liquid contact
G0 Z1.0 F5000.0
G0 X111.25 Y88.75 F5000.0
G0 Z1.0 F3000.0
DISPENSE MM=0.015 SPEED=30.0 RELATIVE=1
WAIT S=0.001
G0 Z0.01 F3000.0 ;position for liquid contact
G0 Z1.0 F5000.0
G0 X82.75 Y90.25 F5000.0
G0 Z1.0 F3000.0
WAIT S=0.2
DISPENSE MM=0.015 SPEED=30.0 RELATIVE=1
WAIT S=0.001
G0 Z0.01 F3000.0 ;position for liquid contact
G0 Z1.0 F5000.0
G0 X84.25 Y90.25 F5000.0
G0 Z1.0 F3000.0
DISPENSE MM=0.015 SPEED=30.0 RELATIVE=1
WAIT S=0.001
G0 Z0.01 F3000.0 ;position for liquid contact
G0 Z1.0 F5000.0
G0 X85.75 Y90.25 F5000.0
G0 Z1.0 F3000.0
DISPENSE MM=0.015 SPEED=30.0 RELATIVE=1
WAIT S=0.001
G0 Z0.01 F3000.0 ;position for liquid contact
G0 Z1.0 F5000.0
G0 X87.25 Y90.25 F5000.0
G0 Z1.0 F3000.0
DISPENSE MM=0.015 SPEED=30.0 RELATIVE=1
WAIT S=0.001
G0 Z0.01 F3000.0 ;position for liquid contact
G0 Z1.0 F5000.0
G0 X88.75 Y90.25 F5000.0
G0 Z1.0 F3000.0
DISPENSE MM=0.015 SPEED=30.0 RELATIVE=1
WAIT S=0.001
G0 Z0.01 F3000.0 ;position for liquid contact
G0 Z1.0 F5000.0
G0 X90.25 Y90.25 F5000.0
G0 Z1.0 F3000.0
DISPENSE MM=0.015 SPEED=30.0 RELATIVE=1
WAIT S=0.001
G0 Z0.01 F3000.0 ;position for liquid contact
G0 Z1.0 F5000.0
G0 X91.75 Y90.25 F5000.0
G0 Z1.0 F3000.0
DISPENSE MM=0.015 SPEED=30.0 RELATIVE=1
WAIT S=0.001
G0 Z0.01 F3000.0 ;position for liquid contact
G0 Z1.0 F5000.0
G0 X93.25 Y90.25 F5000.0
G0 Z1.0 F3000.0
DISPENSE MM=0.015 SPEED=30.0 RELATIVE=1
WAIT S=0.001
G0 Z0.01 F3000.0 ;position for liquid contact
G0 Z1.0 F5000.0
G0 X94.75 Y90.25 F5000.0
G0 Z1.0 F3000.0
DISPENSE MM=0.015 SPEED=30.0 RELATIVE=1
WAIT S=0.001
G0 Z0.01 F3000.0 ;position for liquid contact
G0 Z1.0 F5000.0
G0 X96.25 Y90.25 F5000.0
G0 Z1.0 F3000.0
DISPENSE MM=0.015 SPEED=30.0 RELATIVE=1
WAIT S=0.001
G0 Z0.01 F3000.0 ;position for liquid contact
G0 Z1.0 F5000.0
G0 X97.75 Y90.25 F5000.0
G0 Z1.0 F3000.0
DISPENSE MM=0.015 SPEED=30.0 RELATIVE=1
WAIT S=0.001
G0 Z0.01 F3000.0 ;position for liquid contact
G0 Z1.0 F5000.0
G0 X99.25 Y90.25 F5000.0
G0 Z1.0 F3000.0
DISPENSE MM=0.015 SPEED=30.0 RELATIVE=1
WAIT S=0.001
G0 Z0.01 F3000.0 ;position for liquid contact
G0 Z1.0 F5000.0
G0 X100.75 Y90.25 F5000.0
G0 Z1.0 F3000.0
DISPENSE MM=0.015 SPEED=30.0 RELATIVE=1
WAIT S=0.001
G0 Z0.01 F3000.0 ;position for liquid contact
G0 Z1.0 F5000.0
G0 X102.25 Y90.25 F5000.0
G0 Z1.0 F3000.0
DISPENSE MM=0.015 SPEED=30.0 RELATIVE=1
WAIT S=0.001
G0 Z0.01 F3000.0 ;position for liquid contact
G0 Z1.0 F5000.0
G0 X103.75 Y90.25 F5000.0
G0 Z1.0 F3000.0
DISPENSE MM=0.015 SPEED=30.0 RELATIVE=1
WAIT S=0.001
G0 Z0.01 F3000.0 ;position for liquid contact
G0 Z1.0 F5000.0
G0 X105.25 Y90.25 F5000.0
G0 Z1.0 F3000.0
DISPENSE MM=0.015 SPEED=30.0 RELATIVE=1
WAIT S=0.001
G0 Z0.01 F3000.0 ;position for liquid contact
G0 Z1.0 F5000.0
G0 X106.75 Y90.25 F5000.0
G0 Z1.0 F3000.0
DISPENSE MM=0.015 SPEED=30.0 RELATIVE=1
WAIT S=0.001
G0 Z0.01 F3000.0 ;position for liquid contact
G0 Z1.0 F5000.0
G0 X108.25 Y90.25 F5000.0
G0 Z1.0 F3000.0
DISPENSE MM=0.015 SPEED=30.0 RELATIVE=1
WAIT S=0.001
G0 Z0.01 F3000.0 ;position for liquid contact
G0 Z1.0 F5000.0
G0 X109.75 Y90.25 F5000.0
G0 Z1.0 F3000.0
DISPENSE MM=0.015 SPEED=30.0 RELATIVE=1
WAIT S=0.001
G0 Z0.01 F3000.0 ;position for liquid contact
G0 Z1.0 F5000.0
G0 X111.25 Y90.25 F5000.0
G0 Z1.0 F3000.0
DISPENSE MM=0.015 SPEED=30.0 RELATIVE=1
WAIT S=0.001
G0 Z0.01 F3000.0 ;position for liquid contact
G0 Z1.0 F5000.0
G0 X82.75 Y91.75 F5000.0
G0 Z1.0 F3000.0
WAIT S=0.2
DISPENSE MM=0.015 SPEED=30.0 RELATIVE=1
WAIT S=0.001
G0 Z0.01 F3000.0 ;position for liquid contact
G0 Z1.0 F5000.0
G0 X84.25 Y91.75 F5000.0
G0 Z1.0 F3000.0
DISPENSE MM=0.015 SPEED=30.0 RELATIVE=1
WAIT S=0.001
G0 Z0.01 F3000.0 ;position for liquid contact
G0 Z1.0 F5000.0
G0 X85.75 Y91.75 F5000.0
G0 Z1.0 F3000.0
DISPENSE MM=0.015 SPEED=30.0 RELATIVE=1
WAIT S=0.001
G0 Z0.01 F3000.0 ;position for liquid contact
G0 Z1.0 F5000.0
G0 X87.25 Y91.75 F5000.0
G0 Z1.0 F3000.0
DISPENSE MM=0.015 SPEED=30.0 RELATIVE=1
WAIT S=0.001
G0 Z0.01 F3000.0 ;position for liquid contact
G0 Z1.0 F5000.0
G0 X88.75 Y91.75 F5000.0
G0 Z1.0 F3000.0
DISPENSE MM=0.015 SPEED=30.0 RELATIVE=1
WAIT S=0.001
G0 Z0.01 F3000.0 ;position for liquid contact
G0 Z1.0 F5000.0
G0 X90.25 Y91.75 F5000.0
G0 Z1.0 F3000.0
DISPENSE MM=0.015 SPEED=30.0 RELATIVE=1
WAIT S=0.001
G0 Z0.01 F3000.0 ;position for liquid contact
G0 Z1.0 F5000.0
G0 X91.75 Y91.75 F5000.0
G0 Z1.0 F3000.0
DISPENSE MM=0.015 SPEED=30.0 RELATIVE=1
WAIT S=0.001
G0 Z0.01 F3000.0 ;position for liquid contact
G0 Z1.0 F5000.0
G0 X93.25 Y91.75 F5000.0
G0 Z1.0 F3000.0
DISPENSE MM=0.015 SPEED=30.0 RELATIVE=1
WAIT S=0.001
G0 Z0.01 F3000.0 ;position for liquid contact
G0 Z1.0 F5000.0
G0 X94.75 Y91.75 F5000.0
G0 Z1.0 F3000.0
DISPENSE MM=0.015 SPEED=30.0 RELATIVE=1
WAIT S=0.001
G0 Z0.01 F3000.0 ;position for liquid contact
G0 Z1.0 F5000.0
G0 X96.25 Y91.75 F5000.0
G0 Z1.0 F3000.0
DISPENSE MM=0.015 SPEED=30.0 RELATIVE=1
WAIT S=0.001
G0 Z0.01 F3000.0 ;position for liquid contact
G0 Z1.0 F5000.0
G0 X97.75 Y91.75 F5000.0
G0 Z1.0 F3000.0
DISPENSE MM=0.015 SPEED=30.0 RELATIVE=1
WAIT S=0.001
G0 Z0.01 F3000.0 ;position for liquid contact
G0 Z1.0 F5000.0
G0 X99.25 Y91.75 F5000.0
G0 Z1.0 F3000.0
DISPENSE MM=0.015 SPEED=30.0 RELATIVE=1
WAIT S=0.001
G0 Z0.01 F3000.0 ;position for liquid contact
G0 Z1.0 F5000.0
G0 X100.75 Y91.75 F5000.0
G0 Z1.0 F3000.0
DISPENSE MM=0.015 SPEED=30.0 RELATIVE=1
WAIT S=0.001
G0 Z0.01 F3000.0 ;position for liquid contact
G0 Z1.0 F5000.0
G0 X102.25 Y91.75 F5000.0
G0 Z1.0 F3000.0
DISPENSE MM=0.015 SPEED=30.0 RELATIVE=1
WAIT S=0.001
G0 Z0.01 F3000.0 ;position for liquid contact
G0 Z1.0 F5000.0
G0 X103.75 Y91.75 F5000.0
G0 Z1.0 F3000.0
DISPENSE MM=0.015 SPEED=30.0 RELATIVE=1
WAIT S=0.001
G0 Z0.01 F3000.0 ;position for liquid contact
G0 Z1.0 F5000.0
G0 X105.25 Y91.75 F5000.0
G0 Z1.0 F3000.0
DISPENSE MM=0.015 SPEED=30.0 RELATIVE=1
WAIT S=0.001
G0 Z0.01 F3000.0 ;position for liquid contact
G0 Z1.0 F5000.0
G0 X106.75 Y91.75 F5000.0
G0 Z1.0 F3000.0
DISPENSE MM=0.015 SPEED=30.0 RELATIVE=1
WAIT S=0.001
G0 Z0.01 F3000.0 ;position for liquid contact
G0 Z1.0 F5000.0
G0 X108.25 Y91.75 F5000.0
G0 Z1.0 F3000.0
DISPENSE MM=0.015 SPEED=30.0 RELATIVE=1
WAIT S=0.001
G0 Z0.01 F3000.0 ;position for liquid contact
G0 Z1.0 F5000.0
G0 X109.75 Y91.75 F5000.0
G0 Z1.0 F3000.0
DISPENSE MM=0.015 SPEED=30.0 RELATIVE=1
WAIT S=0.001
G0 Z0.01 F3000.0 ;position for liquid contact
G0 Z1.0 F5000.0
G0 X111.25 Y91.75 F5000.0
G0 Z1.0 F3000.0
DISPENSE MM=0.015 SPEED=30.0 RELATIVE=1
WAIT S=0.001
G0 Z0.01 F3000.0 ;position for liquid contact
G0 Z1.0 F5000.0
G0 X82.75 Y93.25 F5000.0
G0 Z1.0 F3000.0
WAIT S=0.2
DISPENSE MM=0.015 SPEED=30.0 RELATIVE=1
WAIT S=0.001
G0 Z0.01 F3000.0 ;position for liquid contact
G0 Z1.0 F5000.0
G0 X84.25 Y93.25 F5000.0
G0 Z1.0 F3000.0
DISPENSE MM=0.015 SPEED=30.0 RELATIVE=1
WAIT S=0.001
G0 Z0.01 F3000.0 ;position for liquid contact
G0 Z1.0 F5000.0
G0 X85.75 Y93.25 F5000.0
G0 Z1.0 F3000.0
DISPENSE MM=0.015 SPEED=30.0 RELATIVE=1
WAIT S=0.001
G0 Z0.01 F3000.0 ;position for liquid contact
G0 Z1.0 F5000.0
G0 X87.25 Y93.25 F5000.0
G0 Z1.0 F3000.0
DISPENSE MM=0.015 SPEED=30.0 RELATIVE=1
WAIT S=0.001
G0 Z0.01 F3000.0 ;position for liquid contact
G0 Z1.0 F5000.0
G0 X88.75 Y93.25 F5000.0
G0 Z1.0 F3000.0
DISPENSE MM=0.015 SPEED=30.0 RELATIVE=1
WAIT S=0.001
G0 Z0.01 F3000.0 ;position for liquid contact
G0 Z1.0 F5000.0
G0 X90.25 Y93.25 F5000.0
G0 Z1.0 F3000.0
DISPENSE MM=0.015 SPEED=30.0 RELATIVE=1
WAIT S=0.001
G0 Z0.01 F3000.0 ;position for liquid contact
G0 Z1.0 F5000.0
G0 X91.75 Y93.25 F5000.0
G0 Z1.0 F3000.0
DISPENSE MM=0.015 SPEED=30.0 RELATIVE=1
WAIT S=0.001
G0 Z0.01 F3000.0 ;position for liquid contact
G0 Z1.0 F5000.0
G0 X93.25 Y93.25 F5000.0
G0 Z1.0 F3000.0
DISPENSE MM=0.015 SPEED=30.0 RELATIVE=1
WAIT S=0.001
G0 Z0.01 F3000.0 ;position for liquid contact
G0 Z1.0 F5000.0
G0 X94.75 Y93.25 F5000.0
G0 Z1.0 F3000.0
DISPENSE MM=0.015 SPEED=30.0 RELATIVE=1
WAIT S=0.001
G0 Z0.01 F3000.0 ;position for liquid contact
G0 Z1.0 F5000.0
G0 X96.25 Y93.25 F5000.0
G0 Z1.0 F3000.0
DISPENSE MM=0.015 SPEED=30.0 RELATIVE=1
WAIT S=0.001
G0 Z0.01 F3000.0 ;position for liquid contact
G0 Z1.0 F5000.0
G0 X97.75 Y93.25 F5000.0
G0 Z1.0 F3000.0
DISPENSE MM=0.015 SPEED=30.0 RELATIVE=1
WAIT S=0.001
G0 Z0.01 F3000.0 ;position for liquid contact
G0 Z1.0 F5000.0
G0 X99.25 Y93.25 F5000.0
G0 Z1.0 F3000.0
DISPENSE MM=0.015 SPEED=30.0 RELATIVE=1
WAIT S=0.001
G0 Z0.01 F3000.0 ;position for liquid contact
G0 Z1.0 F5000.0
G0 X100.75 Y93.25 F5000.0
G0 Z1.0 F3000.0
DISPENSE MM=0.015 SPEED=30.0 RELATIVE=1
WAIT S=0.001
G0 Z0.01 F3000.0 ;position for liquid contact
G0 Z1.0 F5000.0
G0 X102.25 Y93.25 F5000.0
G0 Z1.0 F3000.0
DISPENSE MM=0.015 SPEED=30.0 RELATIVE=1
WAIT S=0.001
G0 Z0.01 F3000.0 ;position for liquid contact
G0 Z1.0 F5000.0
G0 X103.75 Y93.25 F5000.0
G0 Z1.0 F3000.0
DISPENSE MM=0.015 SPEED=30.0 RELATIVE=1
WAIT S=0.001
G0 Z0.01 F3000.0 ;position for liquid contact
G0 Z1.0 F5000.0
G0 X105.25 Y93.25 F5000.0
G0 Z1.0 F3000.0
DISPENSE MM=0.015 SPEED=30.0 RELATIVE=1
WAIT S=0.001
G0 Z0.01 F3000.0 ;position for liquid contact
G0 Z1.0 F5000.0
G0 X106.75 Y93.25 F5000.0
G0 Z1.0 F3000.0
DISPENSE MM=0.015 SPEED=30.0 RELATIVE=1
WAIT S=0.001
G0 Z0.01 F3000.0 ;position for liquid contact
G0 Z1.0 F5000.0
G0 X108.25 Y93.25 F5000.0
G0 Z1.0 F3000.0
DISPENSE MM=0.015 SPEED=30.0 RELATIVE=1
WAIT S=0.001
G0 Z0.01 F3000.0 ;position for liquid contact
G0 Z1.0 F5000.0
G0 X109.75 Y93.25 F5000.0
G0 Z1.0 F3000.0
DISPENSE MM=0.015 SPEED=30.0 RELATIVE=1
WAIT S=0.001
G0 Z0.01 F3000.0 ;position for liquid contact
G0 Z1.0 F5000.0
G0 X111.25 Y93.25 F5000.0
G0 Z1.0 F3000.0
DISPENSE MM=0.015 SPEED=30.0 RELATIVE=1
WAIT S=0.001
G0 Z0.01 F3000.0 ;position for liquid contact
G0 Z1.0 F5000.0
G0 X82.75 Y94.75 F5000.0
G0 Z1.0 F3000.0
WAIT S=0.2
DISPENSE MM=0.015 SPEED=30.0 RELATIVE=1
WAIT S=0.001
G0 Z0.01 F3000.0 ;position for liquid contact
G0 Z1.0 F5000.0
G0 X84.25 Y94.75 F5000.0
G0 Z1.0 F3000.0
DISPENSE MM=0.015 SPEED=30.0 RELATIVE=1
WAIT S=0.001
G0 Z0.01 F3000.0 ;position for liquid contact
G0 Z1.0 F5000.0
G0 X85.75 Y94.75 F5000.0
G0 Z1.0 F3000.0
DISPENSE MM=0.015 SPEED=30.0 RELATIVE=1
WAIT S=0.001
G0 Z0.01 F3000.0 ;position for liquid contact
G0 Z1.0 F5000.0
G0 X87.25 Y94.75 F5000.0
G0 Z1.0 F3000.0
DISPENSE MM=0.015 SPEED=30.0 RELATIVE=1
WAIT S=0.001
G0 Z0.01 F3000.0 ;position for liquid contact
G0 Z1.0 F5000.0
G0 X88.75 Y94.75 F5000.0
G0 Z1.0 F3000.0
DISPENSE MM=0.015 SPEED=30.0 RELATIVE=1
WAIT S=0.001
G0 Z0.01 F3000.0 ;position for liquid contact
G0 Z1.0 F5000.0
G0 X90.25 Y94.75 F5000.0
G0 Z1.0 F3000.0
DISPENSE MM=0.015 SPEED=30.0 RELATIVE=1
WAIT S=0.001
G0 Z0.01 F3000.0 ;position for liquid contact
G0 Z1.0 F5000.0
G0 X91.75 Y94.75 F5000.0
G0 Z1.0 F3000.0
DISPENSE MM=0.015 SPEED=30.0 RELATIVE=1
WAIT S=0.001
G0 Z0.01 F3000.0 ;position for liquid contact
G0 Z1.0 F5000.0
G0 X93.25 Y94.75 F5000.0
G0 Z1.0 F3000.0
DISPENSE MM=0.015 SPEED=30.0 RELATIVE=1
WAIT S=0.001
G0 Z0.01 F3000.0 ;position for liquid contact
G0 Z1.0 F5000.0
G0 X94.75 Y94.75 F5000.0
G0 Z1.0 F3000.0
DISPENSE MM=0.015 SPEED=30.0 RELATIVE=1
WAIT S=0.001
G0 Z0.01 F3000.0 ;position for liquid contact
G0 Z1.0 F5000.0
G0 X96.25 Y94.75 F5000.0
G0 Z1.0 F3000.0
DISPENSE MM=0.015 SPEED=30.0 RELATIVE=1
WAIT S=0.001
G0 Z0.01 F3000.0 ;position for liquid contact
G0 Z1.0 F5000.0
G0 X97.75 Y94.75 F5000.0
G0 Z1.0 F3000.0
DISPENSE MM=0.015 SPEED=30.0 RELATIVE=1
WAIT S=0.001
G0 Z0.01 F3000.0 ;position for liquid contact
G0 Z1.0 F5000.0
G0 X99.25 Y94.75 F5000.0
G0 Z1.0 F3000.0
DISPENSE MM=0.015 SPEED=30.0 RELATIVE=1
WAIT S=0.001
G0 Z0.01 F3000.0 ;position for liquid contact
G0 Z1.0 F5000.0
G0 X100.75 Y94.75 F5000.0
G0 Z1.0 F3000.0
DISPENSE MM=0.015 SPEED=30.0 RELATIVE=1
WAIT S=0.001
G0 Z0.01 F3000.0 ;position for liquid contact
G0 Z1.0 F5000.0
G0 X102.25 Y94.75 F5000.0
G0 Z1.0 F3000.0
DISPENSE MM=0.015 SPEED=30.0 RELATIVE=1
WAIT S=0.001
G0 Z0.01 F3000.0 ;position for liquid contact
G0 Z1.0 F5000.0
G0 X103.75 Y94.75 F5000.0
G0 Z1.0 F3000.0
DISPENSE MM=0.015 SPEED=30.0 RELATIVE=1
WAIT S=0.001
G0 Z0.01 F3000.0 ;position for liquid contact
G0 Z1.0 F5000.0
G0 X105.25 Y94.75 F5000.0
G0 Z1.0 F3000.0
DISPENSE MM=0.015 SPEED=30.0 RELATIVE=1
WAIT S=0.001
G0 Z0.01 F3000.0 ;position for liquid contact
G0 Z1.0 F5000.0
G0 X106.75 Y94.75 F5000.0
G0 Z1.0 F3000.0
DISPENSE MM=0.015 SPEED=30.0 RELATIVE=1
WAIT S=0.001
G0 Z0.01 F3000.0 ;position for liquid contact
G0 Z1.0 F5000.0
G0 X108.25 Y94.75 F5000.0
G0 Z1.0 F3000.0
DISPENSE MM=0.015 SPEED=30.0 RELATIVE=1
WAIT S=0.001
G0 Z0.01 F3000.0 ;position for liquid contact
G0 Z1.0 F5000.0
G0 X109.75 Y94.75 F5000.0
G0 Z1.0 F3000.0
DISPENSE MM=0.015 SPEED=30.0 RELATIVE=1
WAIT S=0.001
G0 Z0.01 F3000.0 ;position for liquid contact
G0 Z1.0 F5000.0
G0 X111.25 Y94.75 F5000.0
G0 Z1.0 F3000.0
DISPENSE MM=0.015 SPEED=30.0 RELATIVE=1
WAIT S=0.001
G0 Z0.01 F3000.0 ;position for liquid contact
G0 Z1.0 F5000.0
G0 X82.75 Y96.25 F5000.0
G0 Z1.0 F3000.0
WAIT S=0.2
DISPENSE MM=0.015 SPEED=30.0 RELATIVE=1
WAIT S=0.001
G0 Z0.01 F3000.0 ;position for liquid contact
G0 Z1.0 F5000.0
G0 X84.25 Y96.25 F5000.0
G0 Z1.0 F3000.0
DISPENSE MM=0.015 SPEED=30.0 RELATIVE=1
WAIT S=0.001
G0 Z0.01 F3000.0 ;position for liquid contact
G0 Z1.0 F5000.0
G0 X85.75 Y96.25 F5000.0
G0 Z1.0 F3000.0
DISPENSE MM=0.015 SPEED=30.0 RELATIVE=1
WAIT S=0.001
G0 Z0.01 F3000.0 ;position for liquid contact
G0 Z1.0 F5000.0
G0 X87.25 Y96.25 F5000.0
G0 Z1.0 F3000.0
DISPENSE MM=0.015 SPEED=30.0 RELATIVE=1
WAIT S=0.001
G0 Z0.01 F3000.0 ;position for liquid contact
G0 Z1.0 F5000.0
G0 X88.75 Y96.25 F5000.0
G0 Z1.0 F3000.0
DISPENSE MM=0.015 SPEED=30.0 RELATIVE=1
WAIT S=0.001
G0 Z0.01 F3000.0 ;position for liquid contact
G0 Z1.0 F5000.0
G0 X90.25 Y96.25 F5000.0
G0 Z1.0 F3000.0
DISPENSE MM=0.015 SPEED=30.0 RELATIVE=1
WAIT S=0.001
G0 Z0.01 F3000.0 ;position for liquid contact
G0 Z1.0 F5000.0
G0 X91.75 Y96.25 F5000.0
G0 Z1.0 F3000.0
DISPENSE MM=0.015 SPEED=30.0 RELATIVE=1
WAIT S=0.001
G0 Z0.01 F3000.0 ;position for liquid contact
G0 Z1.0 F5000.0
G0 X93.25 Y96.25 F5000.0
G0 Z1.0 F3000.0
DISPENSE MM=0.015 SPEED=30.0 RELATIVE=1
WAIT S=0.001
G0 Z0.01 F3000.0 ;position for liquid contact
G0 Z1.0 F5000.0
G0 X94.75 Y96.25 F5000.0
G0 Z1.0 F3000.0
DISPENSE MM=0.015 SPEED=30.0 RELATIVE=1
WAIT S=0.001
G0 Z0.01 F3000.0 ;position for liquid contact
G0 Z1.0 F5000.0
G0 X96.25 Y96.25 F5000.0
G0 Z1.0 F3000.0
DISPENSE MM=0.015 SPEED=30.0 RELATIVE=1
WAIT S=0.001
G0 Z0.01 F3000.0 ;position for liquid contact
G0 Z1.0 F5000.0
G0 X97.75 Y96.25 F5000.0
G0 Z1.0 F3000.0
DISPENSE MM=0.015 SPEED=30.0 RELATIVE=1
WAIT S=0.001
G0 Z0.01 F3000.0 ;position for liquid contact
G0 Z1.0 F5000.0
G0 X99.25 Y96.25 F5000.0
G0 Z1.0 F3000.0
DISPENSE MM=0.015 SPEED=30.0 RELATIVE=1
WAIT S=0.001
G0 Z0.01 F3000.0 ;position for liquid contact
G0 Z1.0 F5000.0
G0 X100.75 Y96.25 F5000.0
G0 Z1.0 F3000.0
DISPENSE MM=0.015 SPEED=30.0 RELATIVE=1
WAIT S=0.001
G0 Z0.01 F3000.0 ;position for liquid contact
G0 Z1.0 F5000.0
G0 X102.25 Y96.25 F5000.0
G0 Z1.0 F3000.0
DISPENSE MM=0.015 SPEED=30.0 RELATIVE=1
WAIT S=0.001
G0 Z0.01 F3000.0 ;position for liquid contact
G0 Z1.0 F5000.0
G0 X103.75 Y96.25 F5000.0
G0 Z1.0 F3000.0
DISPENSE MM=0.015 SPEED=30.0 RELATIVE=1
WAIT S=0.001
G0 Z0.01 F3000.0 ;position for liquid contact
G0 Z1.0 F5000.0
G0 X105.25 Y96.25 F5000.0
G0 Z1.0 F3000.0
DISPENSE MM=0.015 SPEED=30.0 RELATIVE=1
WAIT S=0.001
G0 Z0.01 F3000.0 ;position for liquid contact
G0 Z1.0 F5000.0
G0 X106.75 Y96.25 F5000.0
G0 Z1.0 F3000.0
DISPENSE MM=0.015 SPEED=30.0 RELATIVE=1
WAIT S=0.001
G0 Z0.01 F3000.0 ;position for liquid contact
G0 Z1.0 F5000.0
G0 X108.25 Y96.25 F5000.0
G0 Z1.0 F3000.0
DISPENSE MM=0.015 SPEED=30.0 RELATIVE=1
WAIT S=0.001
G0 Z0.01 F3000.0 ;position for liquid contact
G0 Z1.0 F5000.0
G0 X109.75 Y96.25 F5000.0
G0 Z1.0 F3000.0
DISPENSE MM=0.015 SPEED=30.0 RELATIVE=1
WAIT S=0.001
G0 Z0.01 F3000.0 ;position for liquid contact
G0 Z1.0 F5000.0
G0 X111.25 Y96.25 F5000.0
G0 Z1.0 F3000.0
DISPENSE MM=0.015 SPEED=30.0 RELATIVE=1
WAIT S=0.001
G0 Z0.01 F3000.0 ;position for liquid contact
G0 Z1.0 F5000.0
G0 X82.75 Y97.75 F5000.0
G0 Z1.0 F3000.0
WAIT S=0.2
DISPENSE MM=0.015 SPEED=30.0 RELATIVE=1
WAIT S=0.001
G0 Z0.01 F3000.0 ;position for liquid contact
G0 Z1.0 F5000.0
G0 X84.25 Y97.75 F5000.0
G0 Z1.0 F3000.0
DISPENSE MM=0.015 SPEED=30.0 RELATIVE=1
WAIT S=0.001
G0 Z0.01 F3000.0 ;position for liquid contact
G0 Z1.0 F5000.0
G0 X85.75 Y97.75 F5000.0
G0 Z1.0 F3000.0
DISPENSE MM=0.015 SPEED=30.0 RELATIVE=1
WAIT S=0.001
G0 Z0.01 F3000.0 ;position for liquid contact
G0 Z1.0 F5000.0
G0 X87.25 Y97.75 F5000.0
G0 Z1.0 F3000.0
DISPENSE MM=0.015 SPEED=30.0 RELATIVE=1
WAIT S=0.001
G0 Z0.01 F3000.0 ;position for liquid contact
G0 Z1.0 F5000.0
G0 X88.75 Y97.75 F5000.0
G0 Z1.0 F3000.0
DISPENSE MM=0.015 SPEED=30.0 RELATIVE=1
WAIT S=0.001
G0 Z0.01 F3000.0 ;position for liquid contact
G0 Z1.0 F5000.0
G0 X90.25 Y97.75 F5000.0
G0 Z1.0 F3000.0
DISPENSE MM=0.015 SPEED=30.0 RELATIVE=1
WAIT S=0.001
G0 Z0.01 F3000.0 ;position for liquid contact
G0 Z1.0 F5000.0
G0 X91.75 Y97.75 F5000.0
G0 Z1.0 F3000.0
DISPENSE MM=0.015 SPEED=30.0 RELATIVE=1
WAIT S=0.001
G0 Z0.01 F3000.0 ;position for liquid contact
G0 Z1.0 F5000.0
G0 X93.25 Y97.75 F5000.0
G0 Z1.0 F3000.0
DISPENSE MM=0.015 SPEED=30.0 RELATIVE=1
WAIT S=0.001
G0 Z0.01 F3000.0 ;position for liquid contact
G0 Z1.0 F5000.0
G0 X94.75 Y97.75 F5000.0
G0 Z1.0 F3000.0
DISPENSE MM=0.015 SPEED=30.0 RELATIVE=1
WAIT S=0.001
G0 Z0.01 F3000.0 ;position for liquid contact
G0 Z1.0 F5000.0
G0 X96.25 Y97.75 F5000.0
G0 Z1.0 F3000.0
DISPENSE MM=0.015 SPEED=30.0 RELATIVE=1
WAIT S=0.001
G0 Z0.01 F3000.0 ;position for liquid contact
G0 Z1.0 F5000.0
G0 X97.75 Y97.75 F5000.0
G0 Z1.0 F3000.0
DISPENSE MM=0.015 SPEED=30.0 RELATIVE=1
WAIT S=0.001
G0 Z0.01 F3000.0 ;position for liquid contact
G0 Z1.0 F5000.0
G0 X99.25 Y97.75 F5000.0
G0 Z1.0 F3000.0
DISPENSE MM=0.015 SPEED=30.0 RELATIVE=1
WAIT S=0.001
G0 Z0.01 F3000.0 ;position for liquid contact
G0 Z1.0 F5000.0
G0 X100.75 Y97.75 F5000.0
G0 Z1.0 F3000.0
DISPENSE MM=0.015 SPEED=30.0 RELATIVE=1
WAIT S=0.001
G0 Z0.01 F3000.0 ;position for liquid contact
G0 Z1.0 F5000.0
G0 X102.25 Y97.75 F5000.0
G0 Z1.0 F3000.0
DISPENSE MM=0.015 SPEED=30.0 RELATIVE=1
WAIT S=0.001
G0 Z0.01 F3000.0 ;position for liquid contact
G0 Z1.0 F5000.0
G0 X103.75 Y97.75 F5000.0
G0 Z1.0 F3000.0
DISPENSE MM=0.015 SPEED=30.0 RELATIVE=1
WAIT S=0.001
G0 Z0.01 F3000.0 ;position for liquid contact
G0 Z1.0 F5000.0
G0 X105.25 Y97.75 F5000.0
G0 Z1.0 F3000.0
DISPENSE MM=0.015 SPEED=30.0 RELATIVE=1
WAIT S=0.001
G0 Z0.01 F3000.0 ;position for liquid contact
G0 Z1.0 F5000.0
G0 X106.75 Y97.75 F5000.0
G0 Z1.0 F3000.0
DISPENSE MM=0.015 SPEED=30.0 RELATIVE=1
WAIT S=0.001
G0 Z0.01 F3000.0 ;position for liquid contact
G0 Z1.0 F5000.0
G0 X108.25 Y97.75 F5000.0
G0 Z1.0 F3000.0
DISPENSE MM=0.015 SPEED=30.0 RELATIVE=1
WAIT S=0.001
G0 Z0.01 F3000.0 ;position for liquid contact
G0 Z1.0 F5000.0
G0 X109.75 Y97.75 F5000.0
G0 Z1.0 F3000.0
DISPENSE MM=0.015 SPEED=30.0 RELATIVE=1
WAIT S=0.001
G0 Z0.01 F3000.0 ;position for liquid contact
G0 Z1.0 F5000.0
G0 X111.25 Y97.75 F5000.0
G0 Z1.0 F3000.0
DISPENSE MM=0.015 SPEED=30.0 RELATIVE=1
WAIT S=0.001
G0 Z0.01 F3000.0 ;position for liquid contact
G0 Z1.0 F5000.0
G0 X82.75 Y99.25 F5000.0
G0 Z1.0 F3000.0
WAIT S=0.2
DISPENSE MM=0.015 SPEED=30.0 RELATIVE=1
WAIT S=0.001
G0 Z0.01 F3000.0 ;position for liquid contact
G0 Z1.0 F5000.0
G0 X84.25 Y99.25 F5000.0
G0 Z1.0 F3000.0
DISPENSE MM=0.015 SPEED=30.0 RELATIVE=1
WAIT S=0.001
G0 Z0.01 F3000.0 ;position for liquid contact
G0 Z1.0 F5000.0
G0 X85.75 Y99.25 F5000.0
G0 Z1.0 F3000.0
DISPENSE MM=0.015 SPEED=30.0 RELATIVE=1
WAIT S=0.001
G0 Z0.01 F3000.0 ;position for liquid contact
G0 Z1.0 F5000.0
G0 X87.25 Y99.25 F5000.0
G0 Z1.0 F3000.0
DISPENSE MM=0.015 SPEED=30.0 RELATIVE=1
WAIT S=0.001
G0 Z0.01 F3000.0 ;position for liquid contact
G0 Z1.0 F5000.0
G0 X88.75 Y99.25 F5000.0
G0 Z1.0 F3000.0
DISPENSE MM=0.015 SPEED=30.0 RELATIVE=1
WAIT S=0.001
G0 Z0.01 F3000.0 ;position for liquid contact
G0 Z1.0 F5000.0
G0 X90.25 Y99.25 F5000.0
G0 Z1.0 F3000.0
DISPENSE MM=0.015 SPEED=30.0 RELATIVE=1
WAIT S=0.001
G0 Z0.01 F3000.0 ;position for liquid contact
G0 Z1.0 F5000.0
G0 X91.75 Y99.25 F5000.0
G0 Z1.0 F3000.0
DISPENSE MM=0.015 SPEED=30.0 RELATIVE=1
WAIT S=0.001
G0 Z0.01 F3000.0 ;position for liquid contact
G0 Z1.0 F5000.0
G0 X93.25 Y99.25 F5000.0
G0 Z1.0 F3000.0
DISPENSE MM=0.015 SPEED=30.0 RELATIVE=1
WAIT S=0.001
G0 Z0.01 F3000.0 ;position for liquid contact
G0 Z1.0 F5000.0
G0 X94.75 Y99.25 F5000.0
G0 Z1.0 F3000.0
DISPENSE MM=0.015 SPEED=30.0 RELATIVE=1
WAIT S=0.001
G0 Z0.01 F3000.0 ;position for liquid contact
G0 Z1.0 F5000.0
G0 X96.25 Y99.25 F5000.0
G0 Z1.0 F3000.0
DISPENSE MM=0.015 SPEED=30.0 RELATIVE=1
WAIT S=0.001
G0 Z0.01 F3000.0 ;position for liquid contact
G0 Z1.0 F5000.0
G0 X97.75 Y99.25 F5000.0
G0 Z1.0 F3000.0
DISPENSE MM=0.015 SPEED=30.0 RELATIVE=1
WAIT S=0.001
G0 Z0.01 F3000.0 ;position for liquid contact
G0 Z1.0 F5000.0
G0 X99.25 Y99.25 F5000.0
G0 Z1.0 F3000.0
DISPENSE MM=0.015 SPEED=30.0 RELATIVE=1
WAIT S=0.001
G0 Z0.01 F3000.0 ;position for liquid contact
G0 Z1.0 F5000.0
G0 X100.75 Y99.25 F5000.0
G0 Z1.0 F3000.0
DISPENSE MM=0.015 SPEED=30.0 RELATIVE=1
WAIT S=0.001
G0 Z0.01 F3000.0 ;position for liquid contact
G0 Z1.0 F5000.0
G0 X102.25 Y99.25 F5000.0
G0 Z1.0 F3000.0
DISPENSE MM=0.015 SPEED=30.0 RELATIVE=1
WAIT S=0.001
G0 Z0.01 F3000.0 ;position for liquid contact
G0 Z1.0 F5000.0
G0 X103.75 Y99.25 F5000.0
G0 Z1.0 F3000.0
DISPENSE MM=0.015 SPEED=30.0 RELATIVE=1
WAIT S=0.001
G0 Z0.01 F3000.0 ;position for liquid contact
G0 Z1.0 F5000.0
G0 X105.25 Y99.25 F5000.0
G0 Z1.0 F3000.0
DISPENSE MM=0.015 SPEED=30.0 RELATIVE=1
WAIT S=0.001
G0 Z0.01 F3000.0 ;position for liquid contact
G0 Z1.0 F5000.0
G0 X106.75 Y99.25 F5000.0
G0 Z1.0 F3000.0
DISPENSE MM=0.015 SPEED=30.0 RELATIVE=1
WAIT S=0.001
G0 Z0.01 F3000.0 ;position for liquid contact
G0 Z1.0 F5000.0
G0 X108.25 Y99.25 F5000.0
G0 Z1.0 F3000.0
DISPENSE MM=0.015 SPEED=30.0 RELATIVE=1
WAIT S=0.001
G0 Z0.01 F3000.0 ;position for liquid contact
G0 Z1.0 F5000.0
G0 X109.75 Y99.25 F5000.0
G0 Z1.0 F3000.0
DISPENSE MM=0.015 SPEED=30.0 RELATIVE=1
WAIT S=0.001
G0 Z0.01 F3000.0 ;position for liquid contact
G0 Z1.0 F5000.0
G0 X111.25 Y99.25 F5000.0
G0 Z1.0 F3000.0
DISPENSE MM=0.015 SPEED=30.0 RELATIVE=1
WAIT S=0.001
G0 Z0.01 F3000.0 ;position for liquid contact
G0 Z1.0 F5000.0
G0 X82.75 Y100.75 F5000.0
G0 Z1.0 F3000.0
WAIT S=0.2
DISPENSE MM=0.015 SPEED=30.0 RELATIVE=1
WAIT S=0.001
G0 Z0.01 F3000.0 ;position for liquid contact
G0 Z1.0 F5000.0
G0 X84.25 Y100.75 F5000.0
G0 Z1.0 F3000.0
DISPENSE MM=0.015 SPEED=30.0 RELATIVE=1
WAIT S=0.001
G0 Z0.01 F3000.0 ;position for liquid contact
G0 Z1.0 F5000.0
G0 X85.75 Y100.75 F5000.0
G0 Z1.0 F3000.0
DISPENSE MM=0.015 SPEED=30.0 RELATIVE=1
WAIT S=0.001
G0 Z0.01 F3000.0 ;position for liquid contact
G0 Z1.0 F5000.0
G0 X87.25 Y100.75 F5000.0
G0 Z1.0 F3000.0
DISPENSE MM=0.015 SPEED=30.0 RELATIVE=1
WAIT S=0.001
G0 Z0.01 F3000.0 ;position for liquid contact
G0 Z1.0 F5000.0
G0 X88.75 Y100.75 F5000.0
G0 Z1.0 F3000.0
DISPENSE MM=0.015 SPEED=30.0 RELATIVE=1
WAIT S=0.001
G0 Z0.01 F3000.0 ;position for liquid contact
G0 Z1.0 F5000.0
G0 X90.25 Y100.75 F5000.0
G0 Z1.0 F3000.0
DISPENSE MM=0.015 SPEED=30.0 RELATIVE=1
WAIT S=0.001
G0 Z0.01 F3000.0 ;position for liquid contact
G0 Z1.0 F5000.0
G0 X91.75 Y100.75 F5000.0
G0 Z1.0 F3000.0
DISPENSE MM=0.015 SPEED=30.0 RELATIVE=1
WAIT S=0.001
G0 Z0.01 F3000.0 ;position for liquid contact
G0 Z1.0 F5000.0
G0 X93.25 Y100.75 F5000.0
G0 Z1.0 F3000.0
DISPENSE MM=0.015 SPEED=30.0 RELATIVE=1
WAIT S=0.001
G0 Z0.01 F3000.0 ;position for liquid contact
G0 Z1.0 F5000.0
G0 X94.75 Y100.75 F5000.0
G0 Z1.0 F3000.0
DISPENSE MM=0.015 SPEED=30.0 RELATIVE=1
WAIT S=0.001
G0 Z0.01 F3000.0 ;position for liquid contact
G0 Z1.0 F5000.0
G0 X96.25 Y100.75 F5000.0
G0 Z1.0 F3000.0
DISPENSE MM=0.015 SPEED=30.0 RELATIVE=1
WAIT S=0.001
G0 Z0.01 F3000.0 ;position for liquid contact
G0 Z1.0 F5000.0
G0 X97.75 Y100.75 F5000.0
G0 Z1.0 F3000.0
DISPENSE MM=0.015 SPEED=30.0 RELATIVE=1
WAIT S=0.001
G0 Z0.01 F3000.0 ;position for liquid contact
G0 Z1.0 F5000.0
G0 X99.25 Y100.75 F5000.0
G0 Z1.0 F3000.0
DISPENSE MM=0.015 SPEED=30.0 RELATIVE=1
WAIT S=0.001
G0 Z0.01 F3000.0 ;position for liquid contact
G0 Z1.0 F5000.0
G0 X100.75 Y100.75 F5000.0
G0 Z1.0 F3000.0
DISPENSE MM=0.015 SPEED=30.0 RELATIVE=1
WAIT S=0.001
G0 Z0.01 F3000.0 ;position for liquid contact
G0 Z1.0 F5000.0
G0 X102.25 Y100.75 F5000.0
G0 Z1.0 F3000.0
DISPENSE MM=0.015 SPEED=30.0 RELATIVE=1
WAIT S=0.001
G0 Z0.01 F3000.0 ;position for liquid contact
G0 Z1.0 F5000.0
G0 X103.75 Y100.75 F5000.0
G0 Z1.0 F3000.0
DISPENSE MM=0.015 SPEED=30.0 RELATIVE=1
WAIT S=0.001
G0 Z0.01 F3000.0 ;position for liquid contact
G0 Z1.0 F5000.0
G0 X105.25 Y100.75 F5000.0
G0 Z1.0 F3000.0
DISPENSE MM=0.015 SPEED=30.0 RELATIVE=1
WAIT S=0.001
G0 Z0.01 F3000.0 ;position for liquid contact
G0 Z1.0 F5000.0
G0 X106.75 Y100.75 F5000.0
G0 Z1.0 F3000.0
DISPENSE MM=0.015 SPEED=30.0 RELATIVE=1
WAIT S=0.001
G0 Z0.01 F3000.0 ;position for liquid contact
G0 Z1.0 F5000.0
G0 X108.25 Y100.75 F5000.0
G0 Z1.0 F3000.0
DISPENSE MM=0.015 SPEED=30.0 RELATIVE=1
WAIT S=0.001
G0 Z0.01 F3000.0 ;position for liquid contact
G0 Z1.0 F5000.0
G0 X109.75 Y100.75 F5000.0
G0 Z1.0 F3000.0
DISPENSE MM=0.015 SPEED=30.0 RELATIVE=1
WAIT S=0.001
G0 Z0.01 F3000.0 ;position for liquid contact
G0 Z1.0 F5000.0
G0 X111.25 Y100.75 F5000.0
G0 Z1.0 F3000.0
DISPENSE MM=0.015 SPEED=30.0 RELATIVE=1
WAIT S=0.001
G0 Z0.01 F3000.0 ;position for liquid contact
G0 Z1.0 F5000.0
G0 X82.75 Y102.25 F5000.0
G0 Z1.0 F3000.0
WAIT S=0.2
DISPENSE MM=0.015 SPEED=30.0 RELATIVE=1
WAIT S=0.001
G0 Z0.01 F3000.0 ;position for liquid contact
G0 Z1.0 F5000.0
G0 X84.25 Y102.25 F5000.0
G0 Z1.0 F3000.0
DISPENSE MM=0.015 SPEED=30.0 RELATIVE=1
WAIT S=0.001
G0 Z0.01 F3000.0 ;position for liquid contact
G0 Z1.0 F5000.0
G0 X85.75 Y102.25 F5000.0
G0 Z1.0 F3000.0
DISPENSE MM=0.015 SPEED=30.0 RELATIVE=1
WAIT S=0.001
G0 Z0.01 F3000.0 ;position for liquid contact
G0 Z1.0 F5000.0
G0 X87.25 Y102.25 F5000.0
G0 Z1.0 F3000.0
DISPENSE MM=0.015 SPEED=30.0 RELATIVE=1
WAIT S=0.001
G0 Z0.01 F3000.0 ;position for liquid contact
G0 Z1.0 F5000.0
G0 X88.75 Y102.25 F5000.0
G0 Z1.0 F3000.0
DISPENSE MM=0.015 SPEED=30.0 RELATIVE=1
WAIT S=0.001
G0 Z0.01 F3000.0 ;position for liquid contact
G0 Z1.0 F5000.0
G0 X90.25 Y102.25 F5000.0
G0 Z1.0 F3000.0
DISPENSE MM=0.015 SPEED=30.0 RELATIVE=1
WAIT S=0.001
G0 Z0.01 F3000.0 ;position for liquid contact
G0 Z1.0 F5000.0
G0 X91.75 Y102.25 F5000.0
G0 Z1.0 F3000.0
DISPENSE MM=0.015 SPEED=30.0 RELATIVE=1
WAIT S=0.001
G0 Z0.01 F3000.0 ;position for liquid contact
G0 Z1.0 F5000.0
G0 X93.25 Y102.25 F5000.0
G0 Z1.0 F3000.0
DISPENSE MM=0.015 SPEED=30.0 RELATIVE=1
WAIT S=0.001
G0 Z0.01 F3000.0 ;position for liquid contact
G0 Z1.0 F5000.0
G0 X94.75 Y102.25 F5000.0
G0 Z1.0 F3000.0
DISPENSE MM=0.015 SPEED=30.0 RELATIVE=1
WAIT S=0.001
G0 Z0.01 F3000.0 ;position for liquid contact
G0 Z1.0 F5000.0
G0 X96.25 Y102.25 F5000.0
G0 Z1.0 F3000.0
DISPENSE MM=0.015 SPEED=30.0 RELATIVE=1
WAIT S=0.001
G0 Z0.01 F3000.0 ;position for liquid contact
G0 Z1.0 F5000.0
G0 X97.75 Y102.25 F5000.0
G0 Z1.0 F3000.0
DISPENSE MM=0.015 SPEED=30.0 RELATIVE=1
WAIT S=0.001
G0 Z0.01 F3000.0 ;position for liquid contact
G0 Z1.0 F5000.0
G0 X99.25 Y102.25 F5000.0
G0 Z1.0 F3000.0
DISPENSE MM=0.015 SPEED=30.0 RELATIVE=1
WAIT S=0.001
G0 Z0.01 F3000.0 ;position for liquid contact
G0 Z1.0 F5000.0
G0 X100.75 Y102.25 F5000.0
G0 Z1.0 F3000.0
DISPENSE MM=0.015 SPEED=30.0 RELATIVE=1
WAIT S=0.001
G0 Z0.01 F3000.0 ;position for liquid contact
G0 Z1.0 F5000.0
G0 X102.25 Y102.25 F5000.0
G0 Z1.0 F3000.0
DISPENSE MM=0.015 SPEED=30.0 RELATIVE=1
WAIT S=0.001
G0 Z0.01 F3000.0 ;position for liquid contact
G0 Z1.0 F5000.0
G0 X103.75 Y102.25 F5000.0
G0 Z1.0 F3000.0
DISPENSE MM=0.015 SPEED=30.0 RELATIVE=1
WAIT S=0.001
G0 Z0.01 F3000.0 ;position for liquid contact
G0 Z1.0 F5000.0
G0 X105.25 Y102.25 F5000.0
G0 Z1.0 F3000.0
DISPENSE MM=0.015 SPEED=30.0 RELATIVE=1
WAIT S=0.001
G0 Z0.01 F3000.0 ;position for liquid contact
G0 Z1.0 F5000.0
G0 X106.75 Y102.25 F5000.0
G0 Z1.0 F3000.0
DISPENSE MM=0.015 SPEED=30.0 RELATIVE=1
WAIT S=0.001
G0 Z0.01 F3000.0 ;position for liquid contact
G0 Z1.0 F5000.0
G0 X108.25 Y102.25 F5000.0
G0 Z1.0 F3000.0
DISPENSE MM=0.015 SPEED=30.0 RELATIVE=1
WAIT S=0.001
G0 Z0.01 F3000.0 ;position for liquid contact
G0 Z1.0 F5000.0
G0 X109.75 Y102.25 F5000.0
G0 Z1.0 F3000.0
DISPENSE MM=0.015 SPEED=30.0 RELATIVE=1
WAIT S=0.001
G0 Z0.01 F3000.0 ;position for liquid contact
G0 Z1.0 F5000.0
G0 X111.25 Y102.25 F5000.0
G0 Z1.0 F3000.0
DISPENSE MM=0.015 SPEED=30.0 RELATIVE=1
WAIT S=0.001
G0 Z0.01 F3000.0 ;position for liquid contact
G0 Z1.0 F5000.0
G0 X82.75 Y103.75 F5000.0
G0 Z1.0 F3000.0
WAIT S=0.2
DISPENSE MM=0.015 SPEED=30.0 RELATIVE=1
WAIT S=0.001
G0 Z0.01 F3000.0 ;position for liquid contact
G0 Z1.0 F5000.0
G0 X84.25 Y103.75 F5000.0
G0 Z1.0 F3000.0
DISPENSE MM=0.015 SPEED=30.0 RELATIVE=1
WAIT S=0.001
G0 Z0.01 F3000.0 ;position for liquid contact
G0 Z1.0 F5000.0
G0 X85.75 Y103.75 F5000.0
G0 Z1.0 F3000.0
DISPENSE MM=0.015 SPEED=30.0 RELATIVE=1
WAIT S=0.001
G0 Z0.01 F3000.0 ;position for liquid contact
G0 Z1.0 F5000.0
G0 X87.25 Y103.75 F5000.0
G0 Z1.0 F3000.0
DISPENSE MM=0.015 SPEED=30.0 RELATIVE=1
WAIT S=0.001
G0 Z0.01 F3000.0 ;position for liquid contact
G0 Z1.0 F5000.0
G0 X88.75 Y103.75 F5000.0
G0 Z1.0 F3000.0
DISPENSE MM=0.015 SPEED=30.0 RELATIVE=1
WAIT S=0.001
G0 Z0.01 F3000.0 ;position for liquid contact
G0 Z1.0 F5000.0
G0 X90.25 Y103.75 F5000.0
G0 Z1.0 F3000.0
DISPENSE MM=0.015 SPEED=30.0 RELATIVE=1
WAIT S=0.001
G0 Z0.01 F3000.0 ;position for liquid contact
G0 Z1.0 F5000.0
G0 X91.75 Y103.75 F5000.0
G0 Z1.0 F3000.0
DISPENSE MM=0.015 SPEED=30.0 RELATIVE=1
WAIT S=0.001
G0 Z0.01 F3000.0 ;position for liquid contact
G0 Z1.0 F5000.0
G0 X93.25 Y103.75 F5000.0
G0 Z1.0 F3000.0
DISPENSE MM=0.015 SPEED=30.0 RELATIVE=1
WAIT S=0.001
G0 Z0.01 F3000.0 ;position for liquid contact
G0 Z1.0 F5000.0
G0 X94.75 Y103.75 F5000.0
G0 Z1.0 F3000.0
DISPENSE MM=0.015 SPEED=30.0 RELATIVE=1
WAIT S=0.001
G0 Z0.01 F3000.0 ;position for liquid contact
G0 Z1.0 F5000.0
G0 X96.25 Y103.75 F5000.0
G0 Z1.0 F3000.0
DISPENSE MM=0.015 SPEED=30.0 RELATIVE=1
WAIT S=0.001
G0 Z0.01 F3000.0 ;position for liquid contact
G0 Z1.0 F5000.0
G0 X97.75 Y103.75 F5000.0
G0 Z1.0 F3000.0
DISPENSE MM=0.015 SPEED=30.0 RELATIVE=1
WAIT S=0.001
G0 Z0.01 F3000.0 ;position for liquid contact
G0 Z1.0 F5000.0
G0 X99.25 Y103.75 F5000.0
G0 Z1.0 F3000.0
DISPENSE MM=0.015 SPEED=30.0 RELATIVE=1
WAIT S=0.001
G0 Z0.01 F3000.0 ;position for liquid contact
G0 Z1.0 F5000.0
G0 X100.75 Y103.75 F5000.0
G0 Z1.0 F3000.0
DISPENSE MM=0.015 SPEED=30.0 RELATIVE=1
WAIT S=0.001
G0 Z0.01 F3000.0 ;position for liquid contact
G0 Z1.0 F5000.0
G0 X102.25 Y103.75 F5000.0
G0 Z1.0 F3000.0
DISPENSE MM=0.015 SPEED=30.0 RELATIVE=1
WAIT S=0.001
G0 Z0.01 F3000.0 ;position for liquid contact
G0 Z1.0 F5000.0
G0 X103.75 Y103.75 F5000.0
G0 Z1.0 F3000.0
DISPENSE MM=0.015 SPEED=30.0 RELATIVE=1
WAIT S=0.001
G0 Z0.01 F3000.0 ;position for liquid contact
G0 Z1.0 F5000.0
G0 X105.25 Y103.75 F5000.0
G0 Z1.0 F3000.0
DISPENSE MM=0.015 SPEED=30.0 RELATIVE=1
WAIT S=0.001
G0 Z0.01 F3000.0 ;position for liquid contact
G0 Z1.0 F5000.0
G0 X106.75 Y103.75 F5000.0
G0 Z1.0 F3000.0
DISPENSE MM=0.015 SPEED=30.0 RELATIVE=1
WAIT S=0.001
G0 Z0.01 F3000.0 ;position for liquid contact
G0 Z1.0 F5000.0
G0 X108.25 Y103.75 F5000.0
G0 Z1.0 F3000.0
DISPENSE MM=0.015 SPEED=30.0 RELATIVE=1
WAIT S=0.001
G0 Z0.01 F3000.0 ;position for liquid contact
G0 Z1.0 F5000.0
G0 X109.75 Y103.75 F5000.0
G0 Z1.0 F3000.0
DISPENSE MM=0.015 SPEED=30.0 RELATIVE=1
WAIT S=0.001
G0 Z0.01 F3000.0 ;position for liquid contact
G0 Z1.0 F5000.0
G0 X111.25 Y103.75 F5000.0
G0 Z1.0 F3000.0
DISPENSE MM=0.015 SPEED=30.0 RELATIVE=1
WAIT S=0.001
G0 Z0.01 F3000.0 ;position for liquid contact
G0 Z1.0 F5000.0
G0 X82.75 Y105.25 F5000.0
G0 Z1.0 F3000.0
WAIT S=0.2
DISPENSE MM=0.015 SPEED=30.0 RELATIVE=1
WAIT S=0.001
G0 Z0.01 F3000.0 ;position for liquid contact
G0 Z1.0 F5000.0
G0 X84.25 Y105.25 F5000.0
G0 Z1.0 F3000.0
DISPENSE MM=0.015 SPEED=30.0 RELATIVE=1
WAIT S=0.001
G0 Z0.01 F3000.0 ;position for liquid contact
G0 Z1.0 F5000.0
G0 X85.75 Y105.25 F5000.0
G0 Z1.0 F3000.0
DISPENSE MM=0.015 SPEED=30.0 RELATIVE=1
WAIT S=0.001
G0 Z0.01 F3000.0 ;position for liquid contact
G0 Z1.0 F5000.0
G0 X87.25 Y105.25 F5000.0
G0 Z1.0 F3000.0
DISPENSE MM=0.015 SPEED=30.0 RELATIVE=1
WAIT S=0.001
G0 Z0.01 F3000.0 ;position for liquid contact
G0 Z1.0 F5000.0
G0 X88.75 Y105.25 F5000.0
G0 Z1.0 F3000.0
DISPENSE MM=0.015 SPEED=30.0 RELATIVE=1
WAIT S=0.001
G0 Z0.01 F3000.0 ;position for liquid contact
G0 Z1.0 F5000.0
G0 X90.25 Y105.25 F5000.0
G0 Z1.0 F3000.0
DISPENSE MM=0.015 SPEED=30.0 RELATIVE=1
WAIT S=0.001
G0 Z0.01 F3000.0 ;position for liquid contact
G0 Z1.0 F5000.0
G0 X91.75 Y105.25 F5000.0
G0 Z1.0 F3000.0
DISPENSE MM=0.015 SPEED=30.0 RELATIVE=1
WAIT S=0.001
G0 Z0.01 F3000.0 ;position for liquid contact
G0 Z1.0 F5000.0
G0 X93.25 Y105.25 F5000.0
G0 Z1.0 F3000.0
DISPENSE MM=0.015 SPEED=30.0 RELATIVE=1
WAIT S=0.001
G0 Z0.01 F3000.0 ;position for liquid contact
G0 Z1.0 F5000.0
G0 X94.75 Y105.25 F5000.0
G0 Z1.0 F3000.0
DISPENSE MM=0.015 SPEED=30.0 RELATIVE=1
WAIT S=0.001
G0 Z0.01 F3000.0 ;position for liquid contact
G0 Z1.0 F5000.0
G0 X96.25 Y105.25 F5000.0
G0 Z1.0 F3000.0
DISPENSE MM=0.015 SPEED=30.0 RELATIVE=1
WAIT S=0.001
G0 Z0.01 F3000.0 ;position for liquid contact
G0 Z1.0 F5000.0
G0 X97.75 Y105.25 F5000.0
G0 Z1.0 F3000.0
DISPENSE MM=0.015 SPEED=30.0 RELATIVE=1
WAIT S=0.001
G0 Z0.01 F3000.0 ;position for liquid contact
G0 Z1.0 F5000.0
G0 X99.25 Y105.25 F5000.0
G0 Z1.0 F3000.0
DISPENSE MM=0.015 SPEED=30.0 RELATIVE=1
WAIT S=0.001
G0 Z0.01 F3000.0 ;position for liquid contact
G0 Z1.0 F5000.0
G0 X100.75 Y105.25 F5000.0
G0 Z1.0 F3000.0
DISPENSE MM=0.015 SPEED=30.0 RELATIVE=1
WAIT S=0.001
G0 Z0.01 F3000.0 ;position for liquid contact
G0 Z1.0 F5000.0
G0 X102.25 Y105.25 F5000.0
G0 Z1.0 F3000.0
DISPENSE MM=0.015 SPEED=30.0 RELATIVE=1
WAIT S=0.001
G0 Z0.01 F3000.0 ;position for liquid contact
G0 Z1.0 F5000.0
G0 X103.75 Y105.25 F5000.0
G0 Z1.0 F3000.0
DISPENSE MM=0.015 SPEED=30.0 RELATIVE=1
WAIT S=0.001
G0 Z0.01 F3000.0 ;position for liquid contact
G0 Z1.0 F5000.0
G0 X105.25 Y105.25 F5000.0
G0 Z1.0 F3000.0
DISPENSE MM=0.015 SPEED=30.0 RELATIVE=1
WAIT S=0.001
G0 Z0.01 F3000.0 ;position for liquid contact
G0 Z1.0 F5000.0
G0 X106.75 Y105.25 F5000.0
G0 Z1.0 F3000.0
DISPENSE MM=0.015 SPEED=30.0 RELATIVE=1
WAIT S=0.001
G0 Z0.01 F3000.0 ;position for liquid contact
G0 Z1.0 F5000.0
G0 X108.25 Y105.25 F5000.0
G0 Z1.0 F3000.0
DISPENSE MM=0.015 SPEED=30.0 RELATIVE=1
WAIT S=0.001
G0 Z0.01 F3000.0 ;position for liquid contact
G0 Z1.0 F5000.0
G0 X109.75 Y105.25 F5000.0
G0 Z1.0 F3000.0
DISPENSE MM=0.015 SPEED=30.0 RELATIVE=1
WAIT S=0.001
G0 Z0.01 F3000.0 ;position for liquid contact
G0 Z1.0 F5000.0
G0 X111.25 Y105.25 F5000.0
G0 Z1.0 F3000.0
DISPENSE MM=0.015 SPEED=30.0 RELATIVE=1
WAIT S=0.001
G0 Z0.01 F3000.0 ;position for liquid contact
G0 Z1.0 F5000.0
G0 X82.75 Y106.75 F5000.0
G0 Z1.0 F3000.0
WAIT S=0.2
DISPENSE MM=0.015 SPEED=30.0 RELATIVE=1
WAIT S=0.001
G0 Z0.01 F3000.0 ;position for liquid contact
G0 Z1.0 F5000.0
G0 X84.25 Y106.75 F5000.0
G0 Z1.0 F3000.0
DISPENSE MM=0.015 SPEED=30.0 RELATIVE=1
WAIT S=0.001
G0 Z0.01 F3000.0 ;position for liquid contact
G0 Z1.0 F5000.0
G0 X85.75 Y106.75 F5000.0
G0 Z1.0 F3000.0
DISPENSE MM=0.015 SPEED=30.0 RELATIVE=1
WAIT S=0.001
G0 Z0.01 F3000.0 ;position for liquid contact
G0 Z1.0 F5000.0
G0 X87.25 Y106.75 F5000.0
G0 Z1.0 F3000.0
DISPENSE MM=0.015 SPEED=30.0 RELATIVE=1
WAIT S=0.001
G0 Z0.01 F3000.0 ;position for liquid contact
G0 Z1.0 F5000.0
G0 X88.75 Y106.75 F5000.0
G0 Z1.0 F3000.0
DISPENSE MM=0.015 SPEED=30.0 RELATIVE=1
WAIT S=0.001
G0 Z0.01 F3000.0 ;position for liquid contact
G0 Z1.0 F5000.0
G0 X90.25 Y106.75 F5000.0
G0 Z1.0 F3000.0
DISPENSE MM=0.015 SPEED=30.0 RELATIVE=1
WAIT S=0.001
G0 Z0.01 F3000.0 ;position for liquid contact
G0 Z1.0 F5000.0
G0 X91.75 Y106.75 F5000.0
G0 Z1.0 F3000.0
DISPENSE MM=0.015 SPEED=30.0 RELATIVE=1
WAIT S=0.001
G0 Z0.01 F3000.0 ;position for liquid contact
G0 Z1.0 F5000.0
G0 X93.25 Y106.75 F5000.0
G0 Z1.0 F3000.0
DISPENSE MM=0.015 SPEED=30.0 RELATIVE=1
WAIT S=0.001
G0 Z0.01 F3000.0 ;position for liquid contact
G0 Z1.0 F5000.0
G0 X94.75 Y106.75 F5000.0
G0 Z1.0 F3000.0
DISPENSE MM=0.015 SPEED=30.0 RELATIVE=1
WAIT S=0.001
G0 Z0.01 F3000.0 ;position for liquid contact
G0 Z1.0 F5000.0
G0 X96.25 Y106.75 F5000.0
G0 Z1.0 F3000.0
DISPENSE MM=0.015 SPEED=30.0 RELATIVE=1
WAIT S=0.001
G0 Z0.01 F3000.0 ;position for liquid contact
G0 Z1.0 F5000.0
G0 X97.75 Y106.75 F5000.0
G0 Z1.0 F3000.0
DISPENSE MM=0.015 SPEED=30.0 RELATIVE=1
WAIT S=0.001
G0 Z0.01 F3000.0 ;position for liquid contact
G0 Z1.0 F5000.0
G0 X99.25 Y106.75 F5000.0
G0 Z1.0 F3000.0
DISPENSE MM=0.015 SPEED=30.0 RELATIVE=1
WAIT S=0.001
G0 Z0.01 F3000.0 ;position for liquid contact
G0 Z1.0 F5000.0
G0 X100.75 Y106.75 F5000.0
G0 Z1.0 F3000.0
DISPENSE MM=0.015 SPEED=30.0 RELATIVE=1
WAIT S=0.001
G0 Z0.01 F3000.0 ;position for liquid contact
G0 Z1.0 F5000.0
G0 X102.25 Y106.75 F5000.0
G0 Z1.0 F3000.0
DISPENSE MM=0.015 SPEED=30.0 RELATIVE=1
WAIT S=0.001
G0 Z0.01 F3000.0 ;position for liquid contact
G0 Z1.0 F5000.0
G0 X103.75 Y106.75 F5000.0
G0 Z1.0 F3000.0
DISPENSE MM=0.015 SPEED=30.0 RELATIVE=1
WAIT S=0.001
G0 Z0.01 F3000.0 ;position for liquid contact
G0 Z1.0 F5000.0
G0 X105.25 Y106.75 F5000.0
G0 Z1.0 F3000.0
DISPENSE MM=0.015 SPEED=30.0 RELATIVE=1
WAIT S=0.001
G0 Z0.01 F3000.0 ;position for liquid contact
G0 Z1.0 F5000.0
G0 X106.75 Y106.75 F5000.0
G0 Z1.0 F3000.0
DISPENSE MM=0.015 SPEED=30.0 RELATIVE=1
WAIT S=0.001
G0 Z0.01 F3000.0 ;position for liquid contact
G0 Z1.0 F5000.0
G0 X108.25 Y106.75 F5000.0
G0 Z1.0 F3000.0
DISPENSE MM=0.015 SPEED=30.0 RELATIVE=1
WAIT S=0.001
G0 Z0.01 F3000.0 ;position for liquid contact
G0 Z1.0 F5000.0
G0 X109.75 Y106.75 F5000.0
G0 Z1.0 F3000.0
DISPENSE MM=0.015 SPEED=30.0 RELATIVE=1
WAIT S=0.001
G0 Z0.01 F3000.0 ;position for liquid contact
G0 Z1.0 F5000.0
G0 X111.25 Y106.75 F5000.0
G0 Z1.0 F3000.0
DISPENSE MM=0.015 SPEED=30.0 RELATIVE=1
WAIT S=0.001
G0 Z0.01 F3000.0 ;position for liquid contact
G0 Z1.0 F5000.0
G0 X82.75 Y108.25 F5000.0
G0 Z1.0 F3000.0
WAIT S=0.2
DISPENSE MM=0.015 SPEED=30.0 RELATIVE=1
WAIT S=0.001
G0 Z0.01 F3000.0 ;position for liquid contact
G0 Z1.0 F5000.0
G0 X84.25 Y108.25 F5000.0
G0 Z1.0 F3000.0
DISPENSE MM=0.015 SPEED=30.0 RELATIVE=1
WAIT S=0.001
G0 Z0.01 F3000.0 ;position for liquid contact
G0 Z1.0 F5000.0
G0 X85.75 Y108.25 F5000.0
G0 Z1.0 F3000.0
DISPENSE MM=0.015 SPEED=30.0 RELATIVE=1
WAIT S=0.001
G0 Z0.01 F3000.0 ;position for liquid contact
G0 Z1.0 F5000.0
G0 X87.25 Y108.25 F5000.0
G0 Z1.0 F3000.0
DISPENSE MM=0.015 SPEED=30.0 RELATIVE=1
WAIT S=0.001
G0 Z0.01 F3000.0 ;position for liquid contact
G0 Z1.0 F5000.0
G0 X88.75 Y108.25 F5000.0
G0 Z1.0 F3000.0
DISPENSE MM=0.015 SPEED=30.0 RELATIVE=1
WAIT S=0.001
G0 Z0.01 F3000.0 ;position for liquid contact
G0 Z1.0 F5000.0
G0 X90.25 Y108.25 F5000.0
G0 Z1.0 F3000.0
DISPENSE MM=0.015 SPEED=30.0 RELATIVE=1
WAIT S=0.001
G0 Z0.01 F3000.0 ;position for liquid contact
G0 Z1.0 F5000.0
G0 X91.75 Y108.25 F5000.0
G0 Z1.0 F3000.0
DISPENSE MM=0.015 SPEED=30.0 RELATIVE=1
WAIT S=0.001
G0 Z0.01 F3000.0 ;position for liquid contact
G0 Z1.0 F5000.0
G0 X93.25 Y108.25 F5000.0
G0 Z1.0 F3000.0
DISPENSE MM=0.015 SPEED=30.0 RELATIVE=1
WAIT S=0.001
G0 Z0.01 F3000.0 ;position for liquid contact
G0 Z1.0 F5000.0
G0 X94.75 Y108.25 F5000.0
G0 Z1.0 F3000.0
DISPENSE MM=0.015 SPEED=30.0 RELATIVE=1
WAIT S=0.001
G0 Z0.01 F3000.0 ;position for liquid contact
G0 Z1.0 F5000.0
G0 X96.25 Y108.25 F5000.0
G0 Z1.0 F3000.0
DISPENSE MM=0.015 SPEED=30.0 RELATIVE=1
WAIT S=0.001
G0 Z0.01 F3000.0 ;position for liquid contact
G0 Z1.0 F5000.0
G0 X97.75 Y108.25 F5000.0
G0 Z1.0 F3000.0
DISPENSE MM=0.015 SPEED=30.0 RELATIVE=1
WAIT S=0.001
G0 Z0.01 F3000.0 ;position for liquid contact
G0 Z1.0 F5000.0
G0 X99.25 Y108.25 F5000.0
G0 Z1.0 F3000.0
DISPENSE MM=0.015 SPEED=30.0 RELATIVE=1
WAIT S=0.001
G0 Z0.01 F3000.0 ;position for liquid contact
G0 Z1.0 F5000.0
G0 X100.75 Y108.25 F5000.0
G0 Z1.0 F3000.0
DISPENSE MM=0.015 SPEED=30.0 RELATIVE=1
WAIT S=0.001
G0 Z0.01 F3000.0 ;position for liquid contact
G0 Z1.0 F5000.0
G0 X102.25 Y108.25 F5000.0
G0 Z1.0 F3000.0
DISPENSE MM=0.015 SPEED=30.0 RELATIVE=1
WAIT S=0.001
G0 Z0.01 F3000.0 ;position for liquid contact
G0 Z1.0 F5000.0
G0 X103.75 Y108.25 F5000.0
G0 Z1.0 F3000.0
DISPENSE MM=0.015 SPEED=30.0 RELATIVE=1
WAIT S=0.001
G0 Z0.01 F3000.0 ;position for liquid contact
G0 Z1.0 F5000.0
G0 X105.25 Y108.25 F5000.0
G0 Z1.0 F3000.0
DISPENSE MM=0.015 SPEED=30.0 RELATIVE=1
WAIT S=0.001
G0 Z0.01 F3000.0 ;position for liquid contact
G0 Z1.0 F5000.0
G0 X106.75 Y108.25 F5000.0
G0 Z1.0 F3000.0
DISPENSE MM=0.015 SPEED=30.0 RELATIVE=1
WAIT S=0.001
G0 Z0.01 F3000.0 ;position for liquid contact
G0 Z1.0 F5000.0
G0 X108.25 Y108.25 F5000.0
G0 Z1.0 F3000.0
DISPENSE MM=0.015 SPEED=30.0 RELATIVE=1
WAIT S=0.001
G0 Z0.01 F3000.0 ;position for liquid contact
G0 Z1.0 F5000.0
G0 X109.75 Y108.25 F5000.0
G0 Z1.0 F3000.0
DISPENSE MM=0.015 SPEED=30.0 RELATIVE=1
WAIT S=0.001
G0 Z0.01 F3000.0 ;position for liquid contact
G0 Z1.0 F5000.0
G0 X111.25 Y108.25 F5000.0
G0 Z1.0 F3000.0
DISPENSE MM=0.015 SPEED=30.0 RELATIVE=1
WAIT S=0.001
G0 Z0.01 F3000.0 ;position for liquid contact
G0 Z1.0 F5000.0

; Washing sequence
G0 Z40.0 F5000
G0 X218.0 Y16.0 F5000
G0 Z-5.0 F500
G0 X219.0 F2000.0
G0 X218.0 F2000.0
G0 X219.0 F2000.0
G0 X218.0 F2000.0
G0 X219.0 F2000.0
G0 X218.0 F2000.0
G0 X219.0 F2000.0
G0 X218.0 F2000.0
G0 X219.0 F2000.0
G0 X218.0 F2000.0
G0 X219.0 F2000.0
G0 X218.0 F2000.0
G0 X219.0 F2000.0
G0 X218.0 F2000.0
G0 X219.0 F2000.0
G0 X218.0 F2000.0
G0 X219.0 F2000.0
G0 X218.0 F2000.0
G0 X219.0 F2000.0
G0 X218.0 F2000.0
G0 X219.0 F2000.0
G0 X218.0 F2000.0
G0 X219.0 F2000.0
G0 X218.0 F2000.0
G0 X219.0 F2000.0
G0 X218.0 F2000.0
G0 X219.0 F2000.0
G0 X218.0 F2000.0
G0 X219.0 F2000.0
G0 X218.0 F2000.0
G0 X219.0 F2000.0
G0 X218.0 F2000.0
G0 X219.0 F2000.0
G0 X218.0 F2000.0
G0 X219.0 F2000.0
G0 X218.0 F2000.0
G0 X219.0 F2000.0
G0 X218.0 F2000.0
G0 X219.0 F2000.0
G0 X218.0 F2000.0
G0 X219.0 F2000.0
G0 X218.0 F2000.0
G0 X219.0 F2000.0
G0 X218.0 F2000.0
G0 X219.0 F2000.0
G0 X218.0 F2000.0
G0 X219.0 F2000.0
G0 X218.0 F2000.0
G0 X219.0 F2000.0
G0 X218.0 F2000.0
G0 X219.0 F2000.0
G0 X218.0 F2000.0
G0 X219.0 F2000.0
G0 X218.0 F2000.0
G0 X219.0 F2000.0
G0 X218.0 F2000.0
G0 X219.0 F2000.0
G0 X218.0 F2000.0
G0 X219.0 F2000.0
G0 X218.0 F2000.0
G0 X219.0 F2000.0
G0 X218.0 F2000.0
G0 X219.0 F2000.0
G0 X218.0 F2000.0
G0 X219.0 F2000.0
G0 X218.0 F2000.0
G0 X219.0 F2000.0
G0 X218.0 F2000.0
G0 X219.0 F2000.0
G0 X218.0 F2000.0
G0 X219.0 F2000.0
G0 X218.0 F2000.0
G0 X219.0 F2000.0
G0 X218.0 F2000.0
G0 X219.0 F2000.0
G0 X218.0 F2000.0
G0 X219.0 F2000.0
G0 X218.0 F2000.0
G0 X219.0 F2000.0
G0 X218.0 F2000.0
G0 X219.0 F2000.0
G0 X218.0 F2000.0
G0 X219.0 F2000.0
G0 X218.0 F2000.0
G0 X219.0 F2000.0
G0 X218.0 F2000.0
G0 X219.0 F2000.0
G0 X218.0 F2000.0
G0 X219.0 F2000.0
G0 X218.0 F2000.0
G0 X219.0 F2000.0
G0 X218.0 F2000.0
G0 X219.0 F2000.0
G0 X218.0 F2000.0
G0 X219.0 F2000.0
G0 X218.0 F2000.0
G0 X219.0 F2000.0
G0 X218.0 F2000.0
G0 X219.0 F2000.0
G0 X218.0 F2000.0
G0 Z40.0 F5000

G0 Z40.0 F5000.0 ; dispensing leftovers
G0 X218.0 Y15.0 F5000.0
G0 Z-17.0 F3000.0
DISPENSE MM=0.0 SPEED=30.0
WAIT S=1.0
ASPIRATE MM=50.0 SPEED=30.0 ; rinse aspiration
WAIT S=0.5
DISPENSE MM=0.0 SPEED=30.0 ; rinse dispense
ASPIRATE MM=50.0 SPEED=30.0 ; rinse aspiration
WAIT S=0.5
DISPENSE MM=0.0 SPEED=30.0 ; rinse dispense
ASPIRATE MM=50.0 SPEED=30.0 ; rinse aspiration
WAIT S=0.5
DISPENSE MM=0.0 SPEED=30.0 ; rinse dispense
ASPIRATE MM=50.0 SPEED=30.0 ; rinse aspiration
WAIT S=0.5
DISPENSE MM=0.0 SPEED=30.0 ; rinse dispense
ASPIRATE MM=50.0 SPEED=30.0 ; rinse aspiration
WAIT S=0.5
DISPENSE MM=0.0 SPEED=30.0 ; rinse dispense
WAIT S=2.0

G0 Z40.0 F5000.0 ; dispensing leftovers
ASPIRATE MM=50.0 SPEED=30.0 ; rinse aspiration
WAIT S=0.5
DISPENSE MM=0.0 SPEED=30.0 ; rinse dispense
ASPIRATE MM=50.0 SPEED=30.0 ; rinse aspiration
WAIT S=0.5
DISPENSE MM=0.0 SPEED=30.0 ; rinse dispense
ASPIRATE MM=50.0 SPEED=30.0 ; rinse aspiration
WAIT S=0.5
DISPENSE MM=0.0 SPEED=30.0 ; rinse dispense
ASPIRATE MM=50.0 SPEED=30.0 ; rinse aspiration
WAIT S=0.5
DISPENSE MM=0.0 SPEED=30.0 ; rinse dispense
ASPIRATE MM=50.0 SPEED=30.0 ; rinse aspiration
WAIT S=0.5
DISPENSE MM=0.0 SPEED=30.0 ; rinse dispense
WAIT S=2.0
G0 Z40.0 F5000.0
G0 Z40.0 F5000.0
G0 X116.0 Y208.0 F5000.0
G0 Z-17.0  F3000.0
ASPIRATE MM=28.544999999999998 SPEED=1.0; Filling the syringe
WAIT S=10.0
DISPENSE MM=10.0 SPEED=15.0 RELATIVE=1; Prevent backlash the syringe
WAIT S=2.0
G0 Z40.0 F5000.0

; Washing sequence
G0 Z40.0 F5000
G0 X218.0 Y16.0 F5000
G0 Z-5.0 F500
G0 X219.0 F2000.0
G0 X218.0 F2000.0
G0 X219.0 F2000.0
G0 X218.0 F2000.0
G0 X219.0 F2000.0
G0 X218.0 F2000.0
G0 X219.0 F2000.0
G0 X218.0 F2000.0
G0 X219.0 F2000.0
G0 X218.0 F2000.0
G0 X219.0 F2000.0
G0 X218.0 F2000.0
G0 X219.0 F2000.0
G0 X218.0 F2000.0
G0 X219.0 F2000.0
G0 X218.0 F2000.0
G0 X219.0 F2000.0
G0 X218.0 F2000.0
G0 X219.0 F2000.0
G0 X218.0 F2000.0
G0 X219.0 F2000.0
G0 X218.0 F2000.0
G0 X219.0 F2000.0
G0 X218.0 F2000.0
G0 X219.0 F2000.0
G0 X218.0 F2000.0
G0 X219.0 F2000.0
G0 X218.0 F2000.0
G0 X219.0 F2000.0
G0 X218.0 F2000.0
G0 X219.0 F2000.0
G0 X218.0 F2000.0
G0 X219.0 F2000.0
G0 X218.0 F2000.0
G0 X219.0 F2000.0
G0 X218.0 F2000.0
G0 X219.0 F2000.0
G0 X218.0 F2000.0
G0 X219.0 F2000.0
G0 X218.0 F2000.0
G0 X219.0 F2000.0
G0 X218.0 F2000.0
G0 X219.0 F2000.0
G0 X218.0 F2000.0
G0 X219.0 F2000.0
G0 X218.0 F2000.0
G0 X219.0 F2000.0
G0 X218.0 F2000.0
G0 X219.0 F2000.0
G0 X218.0 F2000.0
G0 X219.0 F2000.0
G0 X218.0 F2000.0
G0 X219.0 F2000.0
G0 X218.0 F2000.0
G0 X219.0 F2000.0
G0 X218.0 F2000.0
G0 X219.0 F2000.0
G0 X218.0 F2000.0
G0 X219.0 F2000.0
G0 X218.0 F2000.0
G0 X219.0 F2000.0
G0 X218.0 F2000.0
G0 X219.0 F2000.0
G0 X218.0 F2000.0
G0 X219.0 F2000.0
G0 X218.0 F2000.0
G0 X219.0 F2000.0
G0 X218.0 F2000.0
G0 X219.0 F2000.0
G0 X218.0 F2000.0
G0 X219.0 F2000.0
G0 X218.0 F2000.0
G0 X219.0 F2000.0
G0 X218.0 F2000.0
G0 X219.0 F2000.0
G0 X218.0 F2000.0
G0 X219.0 F2000.0
G0 X218.0 F2000.0
G0 X219.0 F2000.0
G0 X218.0 F2000.0
G0 X219.0 F2000.0
G0 X218.0 F2000.0
G0 X219.0 F2000.0
G0 X218.0 F2000.0
G0 X219.0 F2000.0
G0 X218.0 F2000.0
G0 X219.0 F2000.0
G0 X218.0 F2000.0
G0 X219.0 F2000.0
G0 X218.0 F2000.0
G0 X219.0 F2000.0
G0 X218.0 F2000.0
G0 X219.0 F2000.0
G0 X218.0 F2000.0
G0 X219.0 F2000.0
G0 X218.0 F2000.0
G0 X219.0 F2000.0
G0 X218.0 F2000.0
G0 X219.0 F2000.0
G0 X218.0 F2000.0
G0 Z40.0 F5000


; Create cleaning sequence
G0 X132.0 Y69.0 F5000
WAIT S=0.2
DISPENSE MM=0.025 SPEED=500 RELATIVE=1
WAIT S=0.5
G0 Z0.05 F500 ;position for liquid contact
G0 Z1.0 F5000
G0 X135.0 Y69.0 F5000
DISPENSE MM=0.025 SPEED=500 RELATIVE=1
WAIT S=0.5
G0 Z0.05 F500 ;position for liquid contact
G0 Z1.0 F5000
G0 X138.0 Y69.0 F5000
DISPENSE MM=0.025 SPEED=500 RELATIVE=1
WAIT S=0.5
G0 Z0.05 F500 ;position for liquid contact
G0 Z1.0 F5000
G0 X141.0 Y69.0 F5000
DISPENSE MM=0.025 SPEED=500 RELATIVE=1
WAIT S=0.5
G0 Z0.05 F500 ;position for liquid contact
G0 Z1.0 F5000
G0 X144.0 Y69.0 F5000
DISPENSE MM=0.025 SPEED=500 RELATIVE=1
WAIT S=0.5
G0 Z0.05 F500 ;position for liquid contact
G0 Z1.0 F5000
G0 X147.0 Y69.0 F5000
DISPENSE MM=0.025 SPEED=500 RELATIVE=1
WAIT S=0.5
G0 Z0.05 F500 ;position for liquid contact
G0 Z1.0 F5000
G0 X150.0 Y69.0 F5000
DISPENSE MM=0.025 SPEED=500 RELATIVE=1
WAIT S=0.5
G0 Z0.05 F500 ;position for liquid contact
G0 Z1.0 F5000
G0 X153.0 Y69.0 F5000
DISPENSE MM=0.025 SPEED=500 RELATIVE=1
WAIT S=0.5
G0 Z0.05 F500 ;position for liquid contact
G0 Z1.0 F5000
G0 X156.0 Y69.0 F5000
DISPENSE MM=0.025 SPEED=500 RELATIVE=1
WAIT S=0.5
G0 Z0.05 F500 ;position for liquid contact
G0 Z1.0 F5000
G0 X159.0 Y69.0 F5000
DISPENSE MM=0.025 SPEED=500 RELATIVE=1
WAIT S=0.5
G0 Z0.05 F500 ;position for liquid contact
G0 Z1.0 F5000
G0 X132.0 Y71.0 F5000
WAIT S=0.2
DISPENSE MM=0.025 SPEED=500 RELATIVE=1
WAIT S=0.5
G0 Z0.05 F500 ;position for liquid contact
G0 Z1.0 F5000
G0 X135.0 Y71.0 F5000
DISPENSE MM=0.025 SPEED=500 RELATIVE=1
WAIT S=0.5
G0 Z0.05 F500 ;position for liquid contact
G0 Z1.0 F5000
G0 X138.0 Y71.0 F5000
DISPENSE MM=0.025 SPEED=500 RELATIVE=1
WAIT S=0.5
G0 Z0.05 F500 ;position for liquid contact
G0 Z1.0 F5000
G0 X141.0 Y71.0 F5000
DISPENSE MM=0.025 SPEED=500 RELATIVE=1
WAIT S=0.5
G0 Z0.05 F500 ;position for liquid contact
G0 Z1.0 F5000
G0 X144.0 Y71.0 F5000
DISPENSE MM=0.025 SPEED=500 RELATIVE=1
WAIT S=0.5
G0 Z0.05 F500 ;position for liquid contact
G0 Z1.0 F5000
G0 X147.0 Y71.0 F5000
DISPENSE MM=0.025 SPEED=500 RELATIVE=1
WAIT S=0.5
G0 Z0.05 F500 ;position for liquid contact
G0 Z1.0 F5000
G0 X150.0 Y71.0 F5000
DISPENSE MM=0.025 SPEED=500 RELATIVE=1
WAIT S=0.5
G0 Z0.05 F500 ;position for liquid contact
G0 Z1.0 F5000
G0 X153.0 Y71.0 F5000
DISPENSE MM=0.025 SPEED=500 RELATIVE=1
WAIT S=0.5
G0 Z0.05 F500 ;position for liquid contact
G0 Z1.0 F5000
G0 X156.0 Y71.0 F5000
DISPENSE MM=0.025 SPEED=500 RELATIVE=1
WAIT S=0.5
G0 Z0.05 F500 ;position for liquid contact
G0 Z1.0 F5000
G0 X159.0 Y71.0 F5000
DISPENSE MM=0.025 SPEED=500 RELATIVE=1
WAIT S=0.5
G0 Z0.05 F500 ;position for liquid contact
G0 Z1.0 F5000



G0 X82.0 Y79.75 F5000.0
G0 Z1.0 F3000.0
WAIT S=0.2
DISPENSE MM=0.045 SPEED=30.0 RELATIVE=1
WAIT S=0.1
G0 Z0.05 F3000.0 ;position for liquid contact
G0 Z1.0 F5000.0
G0 X83.5 Y79.75 F5000.0
G0 Z1.0 F3000.0
DISPENSE MM=0.045 SPEED=30.0 RELATIVE=1
WAIT S=0.1
G0 Z0.05 F3000.0 ;position for liquid contact
G0 Z1.0 F5000.0
G0 X85.0 Y79.75 F5000.0
G0 Z1.0 F3000.0
DISPENSE MM=0.045 SPEED=30.0 RELATIVE=1
WAIT S=0.1
G0 Z0.05 F3000.0 ;position for liquid contact
G0 Z1.0 F5000.0
G0 X86.5 Y79.75 F5000.0
G0 Z1.0 F3000.0
DISPENSE MM=0.045 SPEED=30.0 RELATIVE=1
WAIT S=0.1
G0 Z0.05 F3000.0 ;position for liquid contact
G0 Z1.0 F5000.0
G0 X88.0 Y79.75 F5000.0
G0 Z1.0 F3000.0
DISPENSE MM=0.045 SPEED=30.0 RELATIVE=1
WAIT S=0.1
G0 Z0.05 F3000.0 ;position for liquid contact
G0 Z1.0 F5000.0
G0 X89.5 Y79.75 F5000.0
G0 Z1.0 F3000.0
DISPENSE MM=0.045 SPEED=30.0 RELATIVE=1
WAIT S=0.1
G0 Z0.05 F3000.0 ;position for liquid contact
G0 Z1.0 F5000.0
G0 X91.0 Y79.75 F5000.0
G0 Z1.0 F3000.0
DISPENSE MM=0.045 SPEED=30.0 RELATIVE=1
WAIT S=0.1
G0 Z0.05 F3000.0 ;position for liquid contact
G0 Z1.0 F5000.0
G0 X92.5 Y79.75 F5000.0
G0 Z1.0 F3000.0
DISPENSE MM=0.045 SPEED=30.0 RELATIVE=1
WAIT S=0.1
G0 Z0.05 F3000.0 ;position for liquid contact
G0 Z1.0 F5000.0
G0 X94.0 Y79.75 F5000.0
G0 Z1.0 F3000.0
DISPENSE MM=0.045 SPEED=30.0 RELATIVE=1
WAIT S=0.1
G0 Z0.05 F3000.0 ;position for liquid contact
G0 Z1.0 F5000.0
G0 X95.5 Y79.75 F5000.0
G0 Z1.0 F3000.0
DISPENSE MM=0.045 SPEED=30.0 RELATIVE=1
WAIT S=0.1
G0 Z0.05 F3000.0 ;position for liquid contact
G0 Z1.0 F5000.0
G0 X97.0 Y79.75 F5000.0
G0 Z1.0 F3000.0
DISPENSE MM=0.045 SPEED=30.0 RELATIVE=1
WAIT S=0.1
G0 Z0.05 F3000.0 ;position for liquid contact
G0 Z1.0 F5000.0
G0 X98.5 Y79.75 F5000.0
G0 Z1.0 F3000.0
DISPENSE MM=0.045 SPEED=30.0 RELATIVE=1
WAIT S=0.1
G0 Z0.05 F3000.0 ;position for liquid contact
G0 Z1.0 F5000.0
G0 X100.0 Y79.75 F5000.0
G0 Z1.0 F3000.0
DISPENSE MM=0.045 SPEED=30.0 RELATIVE=1
WAIT S=0.1
G0 Z0.05 F3000.0 ;position for liquid contact
G0 Z1.0 F5000.0
G0 X101.5 Y79.75 F5000.0
G0 Z1.0 F3000.0
DISPENSE MM=0.045 SPEED=30.0 RELATIVE=1
WAIT S=0.1
G0 Z0.05 F3000.0 ;position for liquid contact
G0 Z1.0 F5000.0
G0 X103.0 Y79.75 F5000.0
G0 Z1.0 F3000.0
DISPENSE MM=0.045 SPEED=30.0 RELATIVE=1
WAIT S=0.1
G0 Z0.05 F3000.0 ;position for liquid contact
G0 Z1.0 F5000.0
G0 X104.5 Y79.75 F5000.0
G0 Z1.0 F3000.0
DISPENSE MM=0.045 SPEED=30.0 RELATIVE=1
WAIT S=0.1
G0 Z0.05 F3000.0 ;position for liquid contact
G0 Z1.0 F5000.0
G0 X106.0 Y79.75 F5000.0
G0 Z1.0 F3000.0
DISPENSE MM=0.045 SPEED=30.0 RELATIVE=1
WAIT S=0.1
G0 Z0.05 F3000.0 ;position for liquid contact
G0 Z1.0 F5000.0
G0 X107.5 Y79.75 F5000.0
G0 Z1.0 F3000.0
DISPENSE MM=0.045 SPEED=30.0 RELATIVE=1
WAIT S=0.1
G0 Z0.05 F3000.0 ;position for liquid contact
G0 Z1.0 F5000.0
G0 X109.0 Y79.75 F5000.0
G0 Z1.0 F3000.0
DISPENSE MM=0.045 SPEED=30.0 RELATIVE=1
WAIT S=0.1
G0 Z0.05 F3000.0 ;position for liquid contact
G0 Z1.0 F5000.0
G0 X110.5 Y79.75 F5000.0
G0 Z1.0 F3000.0
DISPENSE MM=0.045 SPEED=30.0 RELATIVE=1
WAIT S=0.1
G0 Z0.05 F3000.0 ;position for liquid contact
G0 Z1.0 F5000.0
G0 X82.0 Y81.25 F5000.0
G0 Z1.0 F3000.0
WAIT S=0.2
DISPENSE MM=0.045 SPEED=30.0 RELATIVE=1
WAIT S=0.1
G0 Z0.05 F3000.0 ;position for liquid contact
G0 Z1.0 F5000.0
G0 X83.5 Y81.25 F5000.0
G0 Z1.0 F3000.0
DISPENSE MM=0.045 SPEED=30.0 RELATIVE=1
WAIT S=0.1
G0 Z0.05 F3000.0 ;position for liquid contact
G0 Z1.0 F5000.0
G0 X85.0 Y81.25 F5000.0
G0 Z1.0 F3000.0
DISPENSE MM=0.045 SPEED=30.0 RELATIVE=1
WAIT S=0.1
G0 Z0.05 F3000.0 ;position for liquid contact
G0 Z1.0 F5000.0
G0 X86.5 Y81.25 F5000.0
G0 Z1.0 F3000.0
DISPENSE MM=0.045 SPEED=30.0 RELATIVE=1
WAIT S=0.1
G0 Z0.05 F3000.0 ;position for liquid contact
G0 Z1.0 F5000.0
G0 X88.0 Y81.25 F5000.0
G0 Z1.0 F3000.0
DISPENSE MM=0.045 SPEED=30.0 RELATIVE=1
WAIT S=0.1
G0 Z0.05 F3000.0 ;position for liquid contact
G0 Z1.0 F5000.0
G0 X89.5 Y81.25 F5000.0
G0 Z1.0 F3000.0
DISPENSE MM=0.045 SPEED=30.0 RELATIVE=1
WAIT S=0.1
G0 Z0.05 F3000.0 ;position for liquid contact
G0 Z1.0 F5000.0
G0 X91.0 Y81.25 F5000.0
G0 Z1.0 F3000.0
DISPENSE MM=0.045 SPEED=30.0 RELATIVE=1
WAIT S=0.1
G0 Z0.05 F3000.0 ;position for liquid contact
G0 Z1.0 F5000.0
G0 X92.5 Y81.25 F5000.0
G0 Z1.0 F3000.0
DISPENSE MM=0.045 SPEED=30.0 RELATIVE=1
WAIT S=0.1
G0 Z0.05 F3000.0 ;position for liquid contact
G0 Z1.0 F5000.0
G0 X94.0 Y81.25 F5000.0
G0 Z1.0 F3000.0
DISPENSE MM=0.045 SPEED=30.0 RELATIVE=1
WAIT S=0.1
G0 Z0.05 F3000.0 ;position for liquid contact
G0 Z1.0 F5000.0
G0 X95.5 Y81.25 F5000.0
G0 Z1.0 F3000.0
DISPENSE MM=0.045 SPEED=30.0 RELATIVE=1
WAIT S=0.1
G0 Z0.05 F3000.0 ;position for liquid contact
G0 Z1.0 F5000.0
G0 X97.0 Y81.25 F5000.0
G0 Z1.0 F3000.0
DISPENSE MM=0.045 SPEED=30.0 RELATIVE=1
WAIT S=0.1
G0 Z0.05 F3000.0 ;position for liquid contact
G0 Z1.0 F5000.0
G0 X98.5 Y81.25 F5000.0
G0 Z1.0 F3000.0
DISPENSE MM=0.045 SPEED=30.0 RELATIVE=1
WAIT S=0.1
G0 Z0.05 F3000.0 ;position for liquid contact
G0 Z1.0 F5000.0
G0 X100.0 Y81.25 F5000.0
G0 Z1.0 F3000.0
DISPENSE MM=0.045 SPEED=30.0 RELATIVE=1
WAIT S=0.1
G0 Z0.05 F3000.0 ;position for liquid contact
G0 Z1.0 F5000.0
G0 X101.5 Y81.25 F5000.0
G0 Z1.0 F3000.0
DISPENSE MM=0.045 SPEED=30.0 RELATIVE=1
WAIT S=0.1
G0 Z0.05 F3000.0 ;position for liquid contact
G0 Z1.0 F5000.0
G0 X103.0 Y81.25 F5000.0
G0 Z1.0 F3000.0
DISPENSE MM=0.045 SPEED=30.0 RELATIVE=1
WAIT S=0.1
G0 Z0.05 F3000.0 ;position for liquid contact
G0 Z1.0 F5000.0
G0 X104.5 Y81.25 F5000.0
G0 Z1.0 F3000.0
DISPENSE MM=0.045 SPEED=30.0 RELATIVE=1
WAIT S=0.1
G0 Z0.05 F3000.0 ;position for liquid contact
G0 Z1.0 F5000.0
G0 X106.0 Y81.25 F5000.0
G0 Z1.0 F3000.0
DISPENSE MM=0.045 SPEED=30.0 RELATIVE=1
WAIT S=0.1
G0 Z0.05 F3000.0 ;position for liquid contact
G0 Z1.0 F5000.0
G0 X107.5 Y81.25 F5000.0
G0 Z1.0 F3000.0
DISPENSE MM=0.045 SPEED=30.0 RELATIVE=1
WAIT S=0.1
G0 Z0.05 F3000.0 ;position for liquid contact
G0 Z1.0 F5000.0
G0 X109.0 Y81.25 F5000.0
G0 Z1.0 F3000.0
DISPENSE MM=0.045 SPEED=30.0 RELATIVE=1
WAIT S=0.1
G0 Z0.05 F3000.0 ;position for liquid contact
G0 Z1.0 F5000.0
G0 X110.5 Y81.25 F5000.0
G0 Z1.0 F3000.0
DISPENSE MM=0.045 SPEED=30.0 RELATIVE=1
WAIT S=0.1
G0 Z0.05 F3000.0 ;position for liquid contact
G0 Z1.0 F5000.0
G0 X82.0 Y82.75 F5000.0
G0 Z1.0 F3000.0
WAIT S=0.2
DISPENSE MM=0.045 SPEED=30.0 RELATIVE=1
WAIT S=0.1
G0 Z0.05 F3000.0 ;position for liquid contact
G0 Z1.0 F5000.0
G0 X83.5 Y82.75 F5000.0
G0 Z1.0 F3000.0
DISPENSE MM=0.045 SPEED=30.0 RELATIVE=1
WAIT S=0.1
G0 Z0.05 F3000.0 ;position for liquid contact
G0 Z1.0 F5000.0
G0 X85.0 Y82.75 F5000.0
G0 Z1.0 F3000.0
DISPENSE MM=0.045 SPEED=30.0 RELATIVE=1
WAIT S=0.1
G0 Z0.05 F3000.0 ;position for liquid contact
G0 Z1.0 F5000.0
G0 X86.5 Y82.75 F5000.0
G0 Z1.0 F3000.0
DISPENSE MM=0.045 SPEED=30.0 RELATIVE=1
WAIT S=0.1
G0 Z0.05 F3000.0 ;position for liquid contact
G0 Z1.0 F5000.0
G0 X88.0 Y82.75 F5000.0
G0 Z1.0 F3000.0
DISPENSE MM=0.045 SPEED=30.0 RELATIVE=1
WAIT S=0.1
G0 Z0.05 F3000.0 ;position for liquid contact
G0 Z1.0 F5000.0
G0 X89.5 Y82.75 F5000.0
G0 Z1.0 F3000.0
DISPENSE MM=0.045 SPEED=30.0 RELATIVE=1
WAIT S=0.1
G0 Z0.05 F3000.0 ;position for liquid contact
G0 Z1.0 F5000.0
G0 X91.0 Y82.75 F5000.0
G0 Z1.0 F3000.0
DISPENSE MM=0.045 SPEED=30.0 RELATIVE=1
WAIT S=0.1
G0 Z0.05 F3000.0 ;position for liquid contact
G0 Z1.0 F5000.0
G0 X92.5 Y82.75 F5000.0
G0 Z1.0 F3000.0
DISPENSE MM=0.045 SPEED=30.0 RELATIVE=1
WAIT S=0.1
G0 Z0.05 F3000.0 ;position for liquid contact
G0 Z1.0 F5000.0
G0 X94.0 Y82.75 F5000.0
G0 Z1.0 F3000.0
DISPENSE MM=0.045 SPEED=30.0 RELATIVE=1
WAIT S=0.1
G0 Z0.05 F3000.0 ;position for liquid contact
G0 Z1.0 F5000.0
G0 X95.5 Y82.75 F5000.0
G0 Z1.0 F3000.0
DISPENSE MM=0.045 SPEED=30.0 RELATIVE=1
WAIT S=0.1
G0 Z0.05 F3000.0 ;position for liquid contact
G0 Z1.0 F5000.0
G0 X97.0 Y82.75 F5000.0
G0 Z1.0 F3000.0
DISPENSE MM=0.045 SPEED=30.0 RELATIVE=1
WAIT S=0.1
G0 Z0.05 F3000.0 ;position for liquid contact
G0 Z1.0 F5000.0
G0 X98.5 Y82.75 F5000.0
G0 Z1.0 F3000.0
DISPENSE MM=0.045 SPEED=30.0 RELATIVE=1
WAIT S=0.1
G0 Z0.05 F3000.0 ;position for liquid contact
G0 Z1.0 F5000.0
G0 X100.0 Y82.75 F5000.0
G0 Z1.0 F3000.0
DISPENSE MM=0.045 SPEED=30.0 RELATIVE=1
WAIT S=0.1
G0 Z0.05 F3000.0 ;position for liquid contact
G0 Z1.0 F5000.0
G0 X101.5 Y82.75 F5000.0
G0 Z1.0 F3000.0
DISPENSE MM=0.045 SPEED=30.0 RELATIVE=1
WAIT S=0.1
G0 Z0.05 F3000.0 ;position for liquid contact
G0 Z1.0 F5000.0
G0 X103.0 Y82.75 F5000.0
G0 Z1.0 F3000.0
DISPENSE MM=0.045 SPEED=30.0 RELATIVE=1
WAIT S=0.1
G0 Z0.05 F3000.0 ;position for liquid contact
G0 Z1.0 F5000.0
G0 X104.5 Y82.75 F5000.0
G0 Z1.0 F3000.0
DISPENSE MM=0.045 SPEED=30.0 RELATIVE=1
WAIT S=0.1
G0 Z0.05 F3000.0 ;position for liquid contact
G0 Z1.0 F5000.0
G0 X106.0 Y82.75 F5000.0
G0 Z1.0 F3000.0
DISPENSE MM=0.045 SPEED=30.0 RELATIVE=1
WAIT S=0.1
G0 Z0.05 F3000.0 ;position for liquid contact
G0 Z1.0 F5000.0
G0 X107.5 Y82.75 F5000.0
G0 Z1.0 F3000.0
DISPENSE MM=0.045 SPEED=30.0 RELATIVE=1
WAIT S=0.1
G0 Z0.05 F3000.0 ;position for liquid contact
G0 Z1.0 F5000.0
G0 X109.0 Y82.75 F5000.0
G0 Z1.0 F3000.0
DISPENSE MM=0.045 SPEED=30.0 RELATIVE=1
WAIT S=0.1
G0 Z0.05 F3000.0 ;position for liquid contact
G0 Z1.0 F5000.0
G0 X110.5 Y82.75 F5000.0
G0 Z1.0 F3000.0
DISPENSE MM=0.045 SPEED=30.0 RELATIVE=1
WAIT S=0.1
G0 Z0.05 F3000.0 ;position for liquid contact
G0 Z1.0 F5000.0
G0 X82.0 Y84.25 F5000.0
G0 Z1.0 F3000.0
WAIT S=0.2
DISPENSE MM=0.045 SPEED=30.0 RELATIVE=1
WAIT S=0.1
G0 Z0.05 F3000.0 ;position for liquid contact
G0 Z1.0 F5000.0
G0 X83.5 Y84.25 F5000.0
G0 Z1.0 F3000.0
DISPENSE MM=0.045 SPEED=30.0 RELATIVE=1
WAIT S=0.1
G0 Z0.05 F3000.0 ;position for liquid contact
G0 Z1.0 F5000.0
G0 X85.0 Y84.25 F5000.0
G0 Z1.0 F3000.0
DISPENSE MM=0.045 SPEED=30.0 RELATIVE=1
WAIT S=0.1
G0 Z0.05 F3000.0 ;position for liquid contact
G0 Z1.0 F5000.0
G0 X86.5 Y84.25 F5000.0
G0 Z1.0 F3000.0
DISPENSE MM=0.045 SPEED=30.0 RELATIVE=1
WAIT S=0.1
G0 Z0.05 F3000.0 ;position for liquid contact
G0 Z1.0 F5000.0
G0 X88.0 Y84.25 F5000.0
G0 Z1.0 F3000.0
DISPENSE MM=0.045 SPEED=30.0 RELATIVE=1
WAIT S=0.1
G0 Z0.05 F3000.0 ;position for liquid contact
G0 Z1.0 F5000.0
G0 X89.5 Y84.25 F5000.0
G0 Z1.0 F3000.0
DISPENSE MM=0.045 SPEED=30.0 RELATIVE=1
WAIT S=0.1
G0 Z0.05 F3000.0 ;position for liquid contact
G0 Z1.0 F5000.0
G0 X91.0 Y84.25 F5000.0
G0 Z1.0 F3000.0
DISPENSE MM=0.045 SPEED=30.0 RELATIVE=1
WAIT S=0.1
G0 Z0.05 F3000.0 ;position for liquid contact
G0 Z1.0 F5000.0
G0 X92.5 Y84.25 F5000.0
G0 Z1.0 F3000.0
DISPENSE MM=0.045 SPEED=30.0 RELATIVE=1
WAIT S=0.1
G0 Z0.05 F3000.0 ;position for liquid contact
G0 Z1.0 F5000.0
G0 X94.0 Y84.25 F5000.0
G0 Z1.0 F3000.0
DISPENSE MM=0.045 SPEED=30.0 RELATIVE=1
WAIT S=0.1
G0 Z0.05 F3000.0 ;position for liquid contact
G0 Z1.0 F5000.0
G0 X95.5 Y84.25 F5000.0
G0 Z1.0 F3000.0
DISPENSE MM=0.045 SPEED=30.0 RELATIVE=1
WAIT S=0.1
G0 Z0.05 F3000.0 ;position for liquid contact
G0 Z1.0 F5000.0
G0 X97.0 Y84.25 F5000.0
G0 Z1.0 F3000.0
DISPENSE MM=0.045 SPEED=30.0 RELATIVE=1
WAIT S=0.1
G0 Z0.05 F3000.0 ;position for liquid contact
G0 Z1.0 F5000.0
G0 X98.5 Y84.25 F5000.0
G0 Z1.0 F3000.0
DISPENSE MM=0.045 SPEED=30.0 RELATIVE=1
WAIT S=0.1
G0 Z0.05 F3000.0 ;position for liquid contact
G0 Z1.0 F5000.0
G0 X100.0 Y84.25 F5000.0
G0 Z1.0 F3000.0
DISPENSE MM=0.045 SPEED=30.0 RELATIVE=1
WAIT S=0.1
G0 Z0.05 F3000.0 ;position for liquid contact
G0 Z1.0 F5000.0
G0 X101.5 Y84.25 F5000.0
G0 Z1.0 F3000.0
DISPENSE MM=0.045 SPEED=30.0 RELATIVE=1
WAIT S=0.1
G0 Z0.05 F3000.0 ;position for liquid contact
G0 Z1.0 F5000.0
G0 X103.0 Y84.25 F5000.0
G0 Z1.0 F3000.0
DISPENSE MM=0.045 SPEED=30.0 RELATIVE=1
WAIT S=0.1
G0 Z0.05 F3000.0 ;position for liquid contact
G0 Z1.0 F5000.0
G0 X104.5 Y84.25 F5000.0
G0 Z1.0 F3000.0
DISPENSE MM=0.045 SPEED=30.0 RELATIVE=1
WAIT S=0.1
G0 Z0.05 F3000.0 ;position for liquid contact
G0 Z1.0 F5000.0
G0 X106.0 Y84.25 F5000.0
G0 Z1.0 F3000.0
DISPENSE MM=0.045 SPEED=30.0 RELATIVE=1
WAIT S=0.1
G0 Z0.05 F3000.0 ;position for liquid contact
G0 Z1.0 F5000.0
G0 X107.5 Y84.25 F5000.0
G0 Z1.0 F3000.0
DISPENSE MM=0.045 SPEED=30.0 RELATIVE=1
WAIT S=0.1
G0 Z0.05 F3000.0 ;position for liquid contact
G0 Z1.0 F5000.0
G0 X109.0 Y84.25 F5000.0
G0 Z1.0 F3000.0
DISPENSE MM=0.045 SPEED=30.0 RELATIVE=1
WAIT S=0.1
G0 Z0.05 F3000.0 ;position for liquid contact
G0 Z1.0 F5000.0
G0 X110.5 Y84.25 F5000.0
G0 Z1.0 F3000.0
DISPENSE MM=0.045 SPEED=30.0 RELATIVE=1
WAIT S=0.1
G0 Z0.05 F3000.0 ;position for liquid contact
G0 Z1.0 F5000.0
G0 X82.0 Y85.75 F5000.0
G0 Z1.0 F3000.0
WAIT S=0.2
DISPENSE MM=0.045 SPEED=30.0 RELATIVE=1
WAIT S=0.1
G0 Z0.05 F3000.0 ;position for liquid contact
G0 Z1.0 F5000.0
G0 X83.5 Y85.75 F5000.0
G0 Z1.0 F3000.0
DISPENSE MM=0.045 SPEED=30.0 RELATIVE=1
WAIT S=0.1
G0 Z0.05 F3000.0 ;position for liquid contact
G0 Z1.0 F5000.0
G0 X85.0 Y85.75 F5000.0
G0 Z1.0 F3000.0
DISPENSE MM=0.045 SPEED=30.0 RELATIVE=1
WAIT S=0.1
G0 Z0.05 F3000.0 ;position for liquid contact
G0 Z1.0 F5000.0
G0 X86.5 Y85.75 F5000.0
G0 Z1.0 F3000.0
DISPENSE MM=0.045 SPEED=30.0 RELATIVE=1
WAIT S=0.1
G0 Z0.05 F3000.0 ;position for liquid contact
G0 Z1.0 F5000.0
G0 X88.0 Y85.75 F5000.0
G0 Z1.0 F3000.0
DISPENSE MM=0.045 SPEED=30.0 RELATIVE=1
WAIT S=0.1
G0 Z0.05 F3000.0 ;position for liquid contact
G0 Z1.0 F5000.0
G0 X89.5 Y85.75 F5000.0
G0 Z1.0 F3000.0
DISPENSE MM=0.045 SPEED=30.0 RELATIVE=1
WAIT S=0.1
G0 Z0.05 F3000.0 ;position for liquid contact
G0 Z1.0 F5000.0
G0 X91.0 Y85.75 F5000.0
G0 Z1.0 F3000.0
DISPENSE MM=0.045 SPEED=30.0 RELATIVE=1
WAIT S=0.1
G0 Z0.05 F3000.0 ;position for liquid contact
G0 Z1.0 F5000.0
G0 X92.5 Y85.75 F5000.0
G0 Z1.0 F3000.0
DISPENSE MM=0.045 SPEED=30.0 RELATIVE=1
WAIT S=0.1
G0 Z0.05 F3000.0 ;position for liquid contact
G0 Z1.0 F5000.0
G0 X94.0 Y85.75 F5000.0
G0 Z1.0 F3000.0
DISPENSE MM=0.045 SPEED=30.0 RELATIVE=1
WAIT S=0.1
G0 Z0.05 F3000.0 ;position for liquid contact
G0 Z1.0 F5000.0
G0 X95.5 Y85.75 F5000.0
G0 Z1.0 F3000.0
DISPENSE MM=0.045 SPEED=30.0 RELATIVE=1
WAIT S=0.1
G0 Z0.05 F3000.0 ;position for liquid contact
G0 Z1.0 F5000.0
G0 X97.0 Y85.75 F5000.0
G0 Z1.0 F3000.0
DISPENSE MM=0.045 SPEED=30.0 RELATIVE=1
WAIT S=0.1
G0 Z0.05 F3000.0 ;position for liquid contact
G0 Z1.0 F5000.0
G0 X98.5 Y85.75 F5000.0
G0 Z1.0 F3000.0
DISPENSE MM=0.045 SPEED=30.0 RELATIVE=1
WAIT S=0.1
G0 Z0.05 F3000.0 ;position for liquid contact
G0 Z1.0 F5000.0
G0 X100.0 Y85.75 F5000.0
G0 Z1.0 F3000.0
DISPENSE MM=0.045 SPEED=30.0 RELATIVE=1
WAIT S=0.1
G0 Z0.05 F3000.0 ;position for liquid contact
G0 Z1.0 F5000.0
G0 X101.5 Y85.75 F5000.0
G0 Z1.0 F3000.0
DISPENSE MM=0.045 SPEED=30.0 RELATIVE=1
WAIT S=0.1
G0 Z0.05 F3000.0 ;position for liquid contact
G0 Z1.0 F5000.0
G0 X103.0 Y85.75 F5000.0
G0 Z1.0 F3000.0
DISPENSE MM=0.045 SPEED=30.0 RELATIVE=1
WAIT S=0.1
G0 Z0.05 F3000.0 ;position for liquid contact
G0 Z1.0 F5000.0
G0 X104.5 Y85.75 F5000.0
G0 Z1.0 F3000.0
DISPENSE MM=0.045 SPEED=30.0 RELATIVE=1
WAIT S=0.1
G0 Z0.05 F3000.0 ;position for liquid contact
G0 Z1.0 F5000.0
G0 X106.0 Y85.75 F5000.0
G0 Z1.0 F3000.0
DISPENSE MM=0.045 SPEED=30.0 RELATIVE=1
WAIT S=0.1
G0 Z0.05 F3000.0 ;position for liquid contact
G0 Z1.0 F5000.0
G0 X107.5 Y85.75 F5000.0
G0 Z1.0 F3000.0
DISPENSE MM=0.045 SPEED=30.0 RELATIVE=1
WAIT S=0.1
G0 Z0.05 F3000.0 ;position for liquid contact
G0 Z1.0 F5000.0
G0 X109.0 Y85.75 F5000.0
G0 Z1.0 F3000.0
DISPENSE MM=0.045 SPEED=30.0 RELATIVE=1
WAIT S=0.1
G0 Z0.05 F3000.0 ;position for liquid contact
G0 Z1.0 F5000.0
G0 X110.5 Y85.75 F5000.0
G0 Z1.0 F3000.0
DISPENSE MM=0.045 SPEED=30.0 RELATIVE=1
WAIT S=0.1
G0 Z0.05 F3000.0 ;position for liquid contact
G0 Z1.0 F5000.0
G0 X82.0 Y87.25 F5000.0
G0 Z1.0 F3000.0
WAIT S=0.2
DISPENSE MM=0.045 SPEED=30.0 RELATIVE=1
WAIT S=0.1
G0 Z0.05 F3000.0 ;position for liquid contact
G0 Z1.0 F5000.0
G0 X83.5 Y87.25 F5000.0
G0 Z1.0 F3000.0
DISPENSE MM=0.045 SPEED=30.0 RELATIVE=1
WAIT S=0.1
G0 Z0.05 F3000.0 ;position for liquid contact
G0 Z1.0 F5000.0
G0 X85.0 Y87.25 F5000.0
G0 Z1.0 F3000.0
DISPENSE MM=0.045 SPEED=30.0 RELATIVE=1
WAIT S=0.1
G0 Z0.05 F3000.0 ;position for liquid contact
G0 Z1.0 F5000.0
G0 X86.5 Y87.25 F5000.0
G0 Z1.0 F3000.0
DISPENSE MM=0.045 SPEED=30.0 RELATIVE=1
WAIT S=0.1
G0 Z0.05 F3000.0 ;position for liquid contact
G0 Z1.0 F5000.0
G0 X88.0 Y87.25 F5000.0
G0 Z1.0 F3000.0
DISPENSE MM=0.045 SPEED=30.0 RELATIVE=1
WAIT S=0.1
G0 Z0.05 F3000.0 ;position for liquid contact
G0 Z1.0 F5000.0
G0 X89.5 Y87.25 F5000.0
G0 Z1.0 F3000.0
DISPENSE MM=0.045 SPEED=30.0 RELATIVE=1
WAIT S=0.1
G0 Z0.05 F3000.0 ;position for liquid contact
G0 Z1.0 F5000.0
G0 X91.0 Y87.25 F5000.0
G0 Z1.0 F3000.0
DISPENSE MM=0.045 SPEED=30.0 RELATIVE=1
WAIT S=0.1
G0 Z0.05 F3000.0 ;position for liquid contact
G0 Z1.0 F5000.0
G0 X92.5 Y87.25 F5000.0
G0 Z1.0 F3000.0
DISPENSE MM=0.045 SPEED=30.0 RELATIVE=1
WAIT S=0.1
G0 Z0.05 F3000.0 ;position for liquid contact
G0 Z1.0 F5000.0
G0 X94.0 Y87.25 F5000.0
G0 Z1.0 F3000.0
DISPENSE MM=0.045 SPEED=30.0 RELATIVE=1
WAIT S=0.1
G0 Z0.05 F3000.0 ;position for liquid contact
G0 Z1.0 F5000.0
G0 X95.5 Y87.25 F5000.0
G0 Z1.0 F3000.0
DISPENSE MM=0.045 SPEED=30.0 RELATIVE=1
WAIT S=0.1
G0 Z0.05 F3000.0 ;position for liquid contact
G0 Z1.0 F5000.0
G0 X97.0 Y87.25 F5000.0
G0 Z1.0 F3000.0
DISPENSE MM=0.045 SPEED=30.0 RELATIVE=1
WAIT S=0.1
G0 Z0.05 F3000.0 ;position for liquid contact
G0 Z1.0 F5000.0
G0 X98.5 Y87.25 F5000.0
G0 Z1.0 F3000.0
DISPENSE MM=0.045 SPEED=30.0 RELATIVE=1
WAIT S=0.1
G0 Z0.05 F3000.0 ;position for liquid contact
G0 Z1.0 F5000.0
G0 X100.0 Y87.25 F5000.0
G0 Z1.0 F3000.0
DISPENSE MM=0.045 SPEED=30.0 RELATIVE=1
WAIT S=0.1
G0 Z0.05 F3000.0 ;position for liquid contact
G0 Z1.0 F5000.0
G0 X101.5 Y87.25 F5000.0
G0 Z1.0 F3000.0
DISPENSE MM=0.045 SPEED=30.0 RELATIVE=1
WAIT S=0.1
G0 Z0.05 F3000.0 ;position for liquid contact
G0 Z1.0 F5000.0
G0 X103.0 Y87.25 F5000.0
G0 Z1.0 F3000.0
DISPENSE MM=0.045 SPEED=30.0 RELATIVE=1
WAIT S=0.1
G0 Z0.05 F3000.0 ;position for liquid contact
G0 Z1.0 F5000.0
G0 X104.5 Y87.25 F5000.0
G0 Z1.0 F3000.0
DISPENSE MM=0.045 SPEED=30.0 RELATIVE=1
WAIT S=0.1
G0 Z0.05 F3000.0 ;position for liquid contact
G0 Z1.0 F5000.0
G0 X106.0 Y87.25 F5000.0
G0 Z1.0 F3000.0
DISPENSE MM=0.045 SPEED=30.0 RELATIVE=1
WAIT S=0.1
G0 Z0.05 F3000.0 ;position for liquid contact
G0 Z1.0 F5000.0
G0 X107.5 Y87.25 F5000.0
G0 Z1.0 F3000.0
DISPENSE MM=0.045 SPEED=30.0 RELATIVE=1
WAIT S=0.1
G0 Z0.05 F3000.0 ;position for liquid contact
G0 Z1.0 F5000.0
G0 X109.0 Y87.25 F5000.0
G0 Z1.0 F3000.0
DISPENSE MM=0.045 SPEED=30.0 RELATIVE=1
WAIT S=0.1
G0 Z0.05 F3000.0 ;position for liquid contact
G0 Z1.0 F5000.0
G0 X110.5 Y87.25 F5000.0
G0 Z1.0 F3000.0
DISPENSE MM=0.045 SPEED=30.0 RELATIVE=1
WAIT S=0.1
G0 Z0.05 F3000.0 ;position for liquid contact
G0 Z1.0 F5000.0
G0 X82.0 Y88.75 F5000.0
G0 Z1.0 F3000.0
WAIT S=0.2
DISPENSE MM=0.045 SPEED=30.0 RELATIVE=1
WAIT S=0.1
G0 Z0.05 F3000.0 ;position for liquid contact
G0 Z1.0 F5000.0
G0 X83.5 Y88.75 F5000.0
G0 Z1.0 F3000.0
DISPENSE MM=0.045 SPEED=30.0 RELATIVE=1
WAIT S=0.1
G0 Z0.05 F3000.0 ;position for liquid contact
G0 Z1.0 F5000.0
G0 X85.0 Y88.75 F5000.0
G0 Z1.0 F3000.0
DISPENSE MM=0.045 SPEED=30.0 RELATIVE=1
WAIT S=0.1
G0 Z0.05 F3000.0 ;position for liquid contact
G0 Z1.0 F5000.0
G0 X86.5 Y88.75 F5000.0
G0 Z1.0 F3000.0
DISPENSE MM=0.045 SPEED=30.0 RELATIVE=1
WAIT S=0.1
G0 Z0.05 F3000.0 ;position for liquid contact
G0 Z1.0 F5000.0
G0 X88.0 Y88.75 F5000.0
G0 Z1.0 F3000.0
DISPENSE MM=0.045 SPEED=30.0 RELATIVE=1
WAIT S=0.1
G0 Z0.05 F3000.0 ;position for liquid contact
G0 Z1.0 F5000.0
G0 X89.5 Y88.75 F5000.0
G0 Z1.0 F3000.0
DISPENSE MM=0.045 SPEED=30.0 RELATIVE=1
WAIT S=0.1
G0 Z0.05 F3000.0 ;position for liquid contact
G0 Z1.0 F5000.0
G0 X91.0 Y88.75 F5000.0
G0 Z1.0 F3000.0
DISPENSE MM=0.045 SPEED=30.0 RELATIVE=1
WAIT S=0.1
G0 Z0.05 F3000.0 ;position for liquid contact
G0 Z1.0 F5000.0
G0 X92.5 Y88.75 F5000.0
G0 Z1.0 F3000.0
DISPENSE MM=0.045 SPEED=30.0 RELATIVE=1
WAIT S=0.1
G0 Z0.05 F3000.0 ;position for liquid contact
G0 Z1.0 F5000.0
G0 X94.0 Y88.75 F5000.0
G0 Z1.0 F3000.0
DISPENSE MM=0.045 SPEED=30.0 RELATIVE=1
WAIT S=0.1
G0 Z0.05 F3000.0 ;position for liquid contact
G0 Z1.0 F5000.0
G0 X95.5 Y88.75 F5000.0
G0 Z1.0 F3000.0
DISPENSE MM=0.045 SPEED=30.0 RELATIVE=1
WAIT S=0.1
G0 Z0.05 F3000.0 ;position for liquid contact
G0 Z1.0 F5000.0
G0 X97.0 Y88.75 F5000.0
G0 Z1.0 F3000.0
DISPENSE MM=0.045 SPEED=30.0 RELATIVE=1
WAIT S=0.1
G0 Z0.05 F3000.0 ;position for liquid contact
G0 Z1.0 F5000.0
G0 X98.5 Y88.75 F5000.0
G0 Z1.0 F3000.0
DISPENSE MM=0.045 SPEED=30.0 RELATIVE=1
WAIT S=0.1
G0 Z0.05 F3000.0 ;position for liquid contact
G0 Z1.0 F5000.0
G0 X100.0 Y88.75 F5000.0
G0 Z1.0 F3000.0
DISPENSE MM=0.045 SPEED=30.0 RELATIVE=1
WAIT S=0.1
G0 Z0.05 F3000.0 ;position for liquid contact
G0 Z1.0 F5000.0
G0 X101.5 Y88.75 F5000.0
G0 Z1.0 F3000.0
DISPENSE MM=0.045 SPEED=30.0 RELATIVE=1
WAIT S=0.1
G0 Z0.05 F3000.0 ;position for liquid contact
G0 Z1.0 F5000.0
G0 X103.0 Y88.75 F5000.0
G0 Z1.0 F3000.0
DISPENSE MM=0.045 SPEED=30.0 RELATIVE=1
WAIT S=0.1
G0 Z0.05 F3000.0 ;position for liquid contact
G0 Z1.0 F5000.0
G0 X104.5 Y88.75 F5000.0
G0 Z1.0 F3000.0
DISPENSE MM=0.045 SPEED=30.0 RELATIVE=1
WAIT S=0.1
G0 Z0.05 F3000.0 ;position for liquid contact
G0 Z1.0 F5000.0
G0 X106.0 Y88.75 F5000.0
G0 Z1.0 F3000.0
DISPENSE MM=0.045 SPEED=30.0 RELATIVE=1
WAIT S=0.1
G0 Z0.05 F3000.0 ;position for liquid contact
G0 Z1.0 F5000.0
G0 X107.5 Y88.75 F5000.0
G0 Z1.0 F3000.0
DISPENSE MM=0.045 SPEED=30.0 RELATIVE=1
WAIT S=0.1
G0 Z0.05 F3000.0 ;position for liquid contact
G0 Z1.0 F5000.0
G0 X109.0 Y88.75 F5000.0
G0 Z1.0 F3000.0
DISPENSE MM=0.045 SPEED=30.0 RELATIVE=1
WAIT S=0.1
G0 Z0.05 F3000.0 ;position for liquid contact
G0 Z1.0 F5000.0
G0 X110.5 Y88.75 F5000.0
G0 Z1.0 F3000.0
DISPENSE MM=0.045 SPEED=30.0 RELATIVE=1
WAIT S=0.1
G0 Z0.05 F3000.0 ;position for liquid contact
G0 Z1.0 F5000.0
G0 X82.0 Y90.25 F5000.0
G0 Z1.0 F3000.0
WAIT S=0.2
DISPENSE MM=0.045 SPEED=30.0 RELATIVE=1
WAIT S=0.1
G0 Z0.05 F3000.0 ;position for liquid contact
G0 Z1.0 F5000.0
G0 X83.5 Y90.25 F5000.0
G0 Z1.0 F3000.0
DISPENSE MM=0.045 SPEED=30.0 RELATIVE=1
WAIT S=0.1
G0 Z0.05 F3000.0 ;position for liquid contact
G0 Z1.0 F5000.0
G0 X85.0 Y90.25 F5000.0
G0 Z1.0 F3000.0
DISPENSE MM=0.045 SPEED=30.0 RELATIVE=1
WAIT S=0.1
G0 Z0.05 F3000.0 ;position for liquid contact
G0 Z1.0 F5000.0
G0 X86.5 Y90.25 F5000.0
G0 Z1.0 F3000.0
DISPENSE MM=0.045 SPEED=30.0 RELATIVE=1
WAIT S=0.1
G0 Z0.05 F3000.0 ;position for liquid contact
G0 Z1.0 F5000.0
G0 X88.0 Y90.25 F5000.0
G0 Z1.0 F3000.0
DISPENSE MM=0.045 SPEED=30.0 RELATIVE=1
WAIT S=0.1
G0 Z0.05 F3000.0 ;position for liquid contact
G0 Z1.0 F5000.0
G0 X89.5 Y90.25 F5000.0
G0 Z1.0 F3000.0
DISPENSE MM=0.045 SPEED=30.0 RELATIVE=1
WAIT S=0.1
G0 Z0.05 F3000.0 ;position for liquid contact
G0 Z1.0 F5000.0
G0 X91.0 Y90.25 F5000.0
G0 Z1.0 F3000.0
DISPENSE MM=0.045 SPEED=30.0 RELATIVE=1
WAIT S=0.1
G0 Z0.05 F3000.0 ;position for liquid contact
G0 Z1.0 F5000.0
G0 X92.5 Y90.25 F5000.0
G0 Z1.0 F3000.0
DISPENSE MM=0.045 SPEED=30.0 RELATIVE=1
WAIT S=0.1
G0 Z0.05 F3000.0 ;position for liquid contact
G0 Z1.0 F5000.0
G0 X94.0 Y90.25 F5000.0
G0 Z1.0 F3000.0
DISPENSE MM=0.045 SPEED=30.0 RELATIVE=1
WAIT S=0.1
G0 Z0.05 F3000.0 ;position for liquid contact
G0 Z1.0 F5000.0
G0 X95.5 Y90.25 F5000.0
G0 Z1.0 F3000.0
DISPENSE MM=0.045 SPEED=30.0 RELATIVE=1
WAIT S=0.1
G0 Z0.05 F3000.0 ;position for liquid contact
G0 Z1.0 F5000.0
G0 X97.0 Y90.25 F5000.0
G0 Z1.0 F3000.0
DISPENSE MM=0.045 SPEED=30.0 RELATIVE=1
WAIT S=0.1
G0 Z0.05 F3000.0 ;position for liquid contact
G0 Z1.0 F5000.0
G0 X98.5 Y90.25 F5000.0
G0 Z1.0 F3000.0
DISPENSE MM=0.045 SPEED=30.0 RELATIVE=1
WAIT S=0.1
G0 Z0.05 F3000.0 ;position for liquid contact
G0 Z1.0 F5000.0
G0 X100.0 Y90.25 F5000.0
G0 Z1.0 F3000.0
DISPENSE MM=0.045 SPEED=30.0 RELATIVE=1
WAIT S=0.1
G0 Z0.05 F3000.0 ;position for liquid contact
G0 Z1.0 F5000.0
G0 X101.5 Y90.25 F5000.0
G0 Z1.0 F3000.0
DISPENSE MM=0.045 SPEED=30.0 RELATIVE=1
WAIT S=0.1
G0 Z0.05 F3000.0 ;position for liquid contact
G0 Z1.0 F5000.0
G0 X103.0 Y90.25 F5000.0
G0 Z1.0 F3000.0
DISPENSE MM=0.045 SPEED=30.0 RELATIVE=1
WAIT S=0.1
G0 Z0.05 F3000.0 ;position for liquid contact
G0 Z1.0 F5000.0
G0 X104.5 Y90.25 F5000.0
G0 Z1.0 F3000.0
DISPENSE MM=0.045 SPEED=30.0 RELATIVE=1
WAIT S=0.1
G0 Z0.05 F3000.0 ;position for liquid contact
G0 Z1.0 F5000.0
G0 X106.0 Y90.25 F5000.0
G0 Z1.0 F3000.0
DISPENSE MM=0.045 SPEED=30.0 RELATIVE=1
WAIT S=0.1
G0 Z0.05 F3000.0 ;position for liquid contact
G0 Z1.0 F5000.0
G0 X107.5 Y90.25 F5000.0
G0 Z1.0 F3000.0
DISPENSE MM=0.045 SPEED=30.0 RELATIVE=1
WAIT S=0.1
G0 Z0.05 F3000.0 ;position for liquid contact
G0 Z1.0 F5000.0
G0 X109.0 Y90.25 F5000.0
G0 Z1.0 F3000.0
DISPENSE MM=0.045 SPEED=30.0 RELATIVE=1
WAIT S=0.1
G0 Z0.05 F3000.0 ;position for liquid contact
G0 Z1.0 F5000.0
G0 X110.5 Y90.25 F5000.0
G0 Z1.0 F3000.0
DISPENSE MM=0.045 SPEED=30.0 RELATIVE=1
WAIT S=0.1
G0 Z0.05 F3000.0 ;position for liquid contact
G0 Z1.0 F5000.0
G0 X82.0 Y91.75 F5000.0
G0 Z1.0 F3000.0
WAIT S=0.2
DISPENSE MM=0.045 SPEED=30.0 RELATIVE=1
WAIT S=0.1
G0 Z0.05 F3000.0 ;position for liquid contact
G0 Z1.0 F5000.0
G0 X83.5 Y91.75 F5000.0
G0 Z1.0 F3000.0
DISPENSE MM=0.045 SPEED=30.0 RELATIVE=1
WAIT S=0.1
G0 Z0.05 F3000.0 ;position for liquid contact
G0 Z1.0 F5000.0
G0 X85.0 Y91.75 F5000.0
G0 Z1.0 F3000.0
DISPENSE MM=0.045 SPEED=30.0 RELATIVE=1
WAIT S=0.1
G0 Z0.05 F3000.0 ;position for liquid contact
G0 Z1.0 F5000.0
G0 X86.5 Y91.75 F5000.0
G0 Z1.0 F3000.0
DISPENSE MM=0.045 SPEED=30.0 RELATIVE=1
WAIT S=0.1
G0 Z0.05 F3000.0 ;position for liquid contact
G0 Z1.0 F5000.0
G0 X88.0 Y91.75 F5000.0
G0 Z1.0 F3000.0
DISPENSE MM=0.045 SPEED=30.0 RELATIVE=1
WAIT S=0.1
G0 Z0.05 F3000.0 ;position for liquid contact
G0 Z1.0 F5000.0
G0 X89.5 Y91.75 F5000.0
G0 Z1.0 F3000.0
DISPENSE MM=0.045 SPEED=30.0 RELATIVE=1
WAIT S=0.1
G0 Z0.05 F3000.0 ;position for liquid contact
G0 Z1.0 F5000.0
G0 X91.0 Y91.75 F5000.0
G0 Z1.0 F3000.0
DISPENSE MM=0.045 SPEED=30.0 RELATIVE=1
WAIT S=0.1
G0 Z0.05 F3000.0 ;position for liquid contact
G0 Z1.0 F5000.0
G0 X92.5 Y91.75 F5000.0
G0 Z1.0 F3000.0
DISPENSE MM=0.045 SPEED=30.0 RELATIVE=1
WAIT S=0.1
G0 Z0.05 F3000.0 ;position for liquid contact
G0 Z1.0 F5000.0
G0 X94.0 Y91.75 F5000.0
G0 Z1.0 F3000.0
DISPENSE MM=0.045 SPEED=30.0 RELATIVE=1
WAIT S=0.1
G0 Z0.05 F3000.0 ;position for liquid contact
G0 Z1.0 F5000.0
G0 X95.5 Y91.75 F5000.0
G0 Z1.0 F3000.0
DISPENSE MM=0.045 SPEED=30.0 RELATIVE=1
WAIT S=0.1
G0 Z0.05 F3000.0 ;position for liquid contact
G0 Z1.0 F5000.0
G0 X97.0 Y91.75 F5000.0
G0 Z1.0 F3000.0
DISPENSE MM=0.045 SPEED=30.0 RELATIVE=1
WAIT S=0.1
G0 Z0.05 F3000.0 ;position for liquid contact
G0 Z1.0 F5000.0
G0 X98.5 Y91.75 F5000.0
G0 Z1.0 F3000.0
DISPENSE MM=0.045 SPEED=30.0 RELATIVE=1
WAIT S=0.1
G0 Z0.05 F3000.0 ;position for liquid contact
G0 Z1.0 F5000.0
G0 X100.0 Y91.75 F5000.0
G0 Z1.0 F3000.0
DISPENSE MM=0.045 SPEED=30.0 RELATIVE=1
WAIT S=0.1
G0 Z0.05 F3000.0 ;position for liquid contact
G0 Z1.0 F5000.0
G0 X101.5 Y91.75 F5000.0
G0 Z1.0 F3000.0
DISPENSE MM=0.045 SPEED=30.0 RELATIVE=1
WAIT S=0.1
G0 Z0.05 F3000.0 ;position for liquid contact
G0 Z1.0 F5000.0
G0 X103.0 Y91.75 F5000.0
G0 Z1.0 F3000.0
DISPENSE MM=0.045 SPEED=30.0 RELATIVE=1
WAIT S=0.1
G0 Z0.05 F3000.0 ;position for liquid contact
G0 Z1.0 F5000.0
G0 X104.5 Y91.75 F5000.0
G0 Z1.0 F3000.0
DISPENSE MM=0.045 SPEED=30.0 RELATIVE=1
WAIT S=0.1
G0 Z0.05 F3000.0 ;position for liquid contact
G0 Z1.0 F5000.0
G0 X106.0 Y91.75 F5000.0
G0 Z1.0 F3000.0
DISPENSE MM=0.045 SPEED=30.0 RELATIVE=1
WAIT S=0.1
G0 Z0.05 F3000.0 ;position for liquid contact
G0 Z1.0 F5000.0
G0 X107.5 Y91.75 F5000.0
G0 Z1.0 F3000.0
DISPENSE MM=0.045 SPEED=30.0 RELATIVE=1
WAIT S=0.1
G0 Z0.05 F3000.0 ;position for liquid contact
G0 Z1.0 F5000.0
G0 X109.0 Y91.75 F5000.0
G0 Z1.0 F3000.0
DISPENSE MM=0.045 SPEED=30.0 RELATIVE=1
WAIT S=0.1
G0 Z0.05 F3000.0 ;position for liquid contact
G0 Z1.0 F5000.0
G0 X110.5 Y91.75 F5000.0
G0 Z1.0 F3000.0
DISPENSE MM=0.045 SPEED=30.0 RELATIVE=1
WAIT S=0.1
G0 Z0.05 F3000.0 ;position for liquid contact
G0 Z1.0 F5000.0
G0 X82.0 Y93.25 F5000.0
G0 Z1.0 F3000.0
WAIT S=0.2
DISPENSE MM=0.045 SPEED=30.0 RELATIVE=1
WAIT S=0.1
G0 Z0.05 F3000.0 ;position for liquid contact
G0 Z1.0 F5000.0
G0 X83.5 Y93.25 F5000.0
G0 Z1.0 F3000.0
DISPENSE MM=0.045 SPEED=30.0 RELATIVE=1
WAIT S=0.1
G0 Z0.05 F3000.0 ;position for liquid contact
G0 Z1.0 F5000.0
G0 X85.0 Y93.25 F5000.0
G0 Z1.0 F3000.0
DISPENSE MM=0.045 SPEED=30.0 RELATIVE=1
WAIT S=0.1
G0 Z0.05 F3000.0 ;position for liquid contact
G0 Z1.0 F5000.0
G0 X86.5 Y93.25 F5000.0
G0 Z1.0 F3000.0
DISPENSE MM=0.045 SPEED=30.0 RELATIVE=1
WAIT S=0.1
G0 Z0.05 F3000.0 ;position for liquid contact
G0 Z1.0 F5000.0
G0 X88.0 Y93.25 F5000.0
G0 Z1.0 F3000.0
DISPENSE MM=0.045 SPEED=30.0 RELATIVE=1
WAIT S=0.1
G0 Z0.05 F3000.0 ;position for liquid contact
G0 Z1.0 F5000.0
G0 X89.5 Y93.25 F5000.0
G0 Z1.0 F3000.0
DISPENSE MM=0.045 SPEED=30.0 RELATIVE=1
WAIT S=0.1
G0 Z0.05 F3000.0 ;position for liquid contact
G0 Z1.0 F5000.0
G0 X91.0 Y93.25 F5000.0
G0 Z1.0 F3000.0
DISPENSE MM=0.045 SPEED=30.0 RELATIVE=1
WAIT S=0.1
G0 Z0.05 F3000.0 ;position for liquid contact
G0 Z1.0 F5000.0
G0 X92.5 Y93.25 F5000.0
G0 Z1.0 F3000.0
DISPENSE MM=0.045 SPEED=30.0 RELATIVE=1
WAIT S=0.1
G0 Z0.05 F3000.0 ;position for liquid contact
G0 Z1.0 F5000.0
G0 X94.0 Y93.25 F5000.0
G0 Z1.0 F3000.0
DISPENSE MM=0.045 SPEED=30.0 RELATIVE=1
WAIT S=0.1
G0 Z0.05 F3000.0 ;position for liquid contact
G0 Z1.0 F5000.0
G0 X95.5 Y93.25 F5000.0
G0 Z1.0 F3000.0
DISPENSE MM=0.045 SPEED=30.0 RELATIVE=1
WAIT S=0.1
G0 Z0.05 F3000.0 ;position for liquid contact
G0 Z1.0 F5000.0
G0 X97.0 Y93.25 F5000.0
G0 Z1.0 F3000.0
DISPENSE MM=0.045 SPEED=30.0 RELATIVE=1
WAIT S=0.1
G0 Z0.05 F3000.0 ;position for liquid contact
G0 Z1.0 F5000.0
G0 X98.5 Y93.25 F5000.0
G0 Z1.0 F3000.0
DISPENSE MM=0.045 SPEED=30.0 RELATIVE=1
WAIT S=0.1
G0 Z0.05 F3000.0 ;position for liquid contact
G0 Z1.0 F5000.0
G0 X100.0 Y93.25 F5000.0
G0 Z1.0 F3000.0
DISPENSE MM=0.045 SPEED=30.0 RELATIVE=1
WAIT S=0.1
G0 Z0.05 F3000.0 ;position for liquid contact
G0 Z1.0 F5000.0
G0 X101.5 Y93.25 F5000.0
G0 Z1.0 F3000.0
DISPENSE MM=0.045 SPEED=30.0 RELATIVE=1
WAIT S=0.1
G0 Z0.05 F3000.0 ;position for liquid contact
G0 Z1.0 F5000.0
G0 X103.0 Y93.25 F5000.0
G0 Z1.0 F3000.0
DISPENSE MM=0.045 SPEED=30.0 RELATIVE=1
WAIT S=0.1
G0 Z0.05 F3000.0 ;position for liquid contact
G0 Z1.0 F5000.0
G0 X104.5 Y93.25 F5000.0
G0 Z1.0 F3000.0
DISPENSE MM=0.045 SPEED=30.0 RELATIVE=1
WAIT S=0.1
G0 Z0.05 F3000.0 ;position for liquid contact
G0 Z1.0 F5000.0
G0 X106.0 Y93.25 F5000.0
G0 Z1.0 F3000.0
DISPENSE MM=0.045 SPEED=30.0 RELATIVE=1
WAIT S=0.1
G0 Z0.05 F3000.0 ;position for liquid contact
G0 Z1.0 F5000.0
G0 X107.5 Y93.25 F5000.0
G0 Z1.0 F3000.0
DISPENSE MM=0.045 SPEED=30.0 RELATIVE=1
WAIT S=0.1
G0 Z0.05 F3000.0 ;position for liquid contact
G0 Z1.0 F5000.0
G0 X109.0 Y93.25 F5000.0
G0 Z1.0 F3000.0
DISPENSE MM=0.045 SPEED=30.0 RELATIVE=1
WAIT S=0.1
G0 Z0.05 F3000.0 ;position for liquid contact
G0 Z1.0 F5000.0
G0 X110.5 Y93.25 F5000.0
G0 Z1.0 F3000.0
DISPENSE MM=0.045 SPEED=30.0 RELATIVE=1
WAIT S=0.1
G0 Z0.05 F3000.0 ;position for liquid contact
G0 Z1.0 F5000.0
G0 X82.0 Y94.75 F5000.0
G0 Z1.0 F3000.0
WAIT S=0.2
DISPENSE MM=0.045 SPEED=30.0 RELATIVE=1
WAIT S=0.1
G0 Z0.05 F3000.0 ;position for liquid contact
G0 Z1.0 F5000.0
G0 X83.5 Y94.75 F5000.0
G0 Z1.0 F3000.0
DISPENSE MM=0.045 SPEED=30.0 RELATIVE=1
WAIT S=0.1
G0 Z0.05 F3000.0 ;position for liquid contact
G0 Z1.0 F5000.0
G0 X85.0 Y94.75 F5000.0
G0 Z1.0 F3000.0
DISPENSE MM=0.045 SPEED=30.0 RELATIVE=1
WAIT S=0.1
G0 Z0.05 F3000.0 ;position for liquid contact
G0 Z1.0 F5000.0
G0 X86.5 Y94.75 F5000.0
G0 Z1.0 F3000.0
DISPENSE MM=0.045 SPEED=30.0 RELATIVE=1
WAIT S=0.1
G0 Z0.05 F3000.0 ;position for liquid contact
G0 Z1.0 F5000.0
G0 X88.0 Y94.75 F5000.0
G0 Z1.0 F3000.0
DISPENSE MM=0.045 SPEED=30.0 RELATIVE=1
WAIT S=0.1
G0 Z0.05 F3000.0 ;position for liquid contact
G0 Z1.0 F5000.0
G0 X89.5 Y94.75 F5000.0
G0 Z1.0 F3000.0
DISPENSE MM=0.045 SPEED=30.0 RELATIVE=1
WAIT S=0.1
G0 Z0.05 F3000.0 ;position for liquid contact
G0 Z1.0 F5000.0
G0 X91.0 Y94.75 F5000.0
G0 Z1.0 F3000.0
DISPENSE MM=0.045 SPEED=30.0 RELATIVE=1
WAIT S=0.1
G0 Z0.05 F3000.0 ;position for liquid contact
G0 Z1.0 F5000.0
G0 X92.5 Y94.75 F5000.0
G0 Z1.0 F3000.0
DISPENSE MM=0.045 SPEED=30.0 RELATIVE=1
WAIT S=0.1
G0 Z0.05 F3000.0 ;position for liquid contact
G0 Z1.0 F5000.0
G0 X94.0 Y94.75 F5000.0
G0 Z1.0 F3000.0
DISPENSE MM=0.045 SPEED=30.0 RELATIVE=1
WAIT S=0.1
G0 Z0.05 F3000.0 ;position for liquid contact
G0 Z1.0 F5000.0
G0 X95.5 Y94.75 F5000.0
G0 Z1.0 F3000.0
DISPENSE MM=0.045 SPEED=30.0 RELATIVE=1
WAIT S=0.1
G0 Z0.05 F3000.0 ;position for liquid contact
G0 Z1.0 F5000.0
G0 X97.0 Y94.75 F5000.0
G0 Z1.0 F3000.0
DISPENSE MM=0.045 SPEED=30.0 RELATIVE=1
WAIT S=0.1
G0 Z0.05 F3000.0 ;position for liquid contact
G0 Z1.0 F5000.0
G0 X98.5 Y94.75 F5000.0
G0 Z1.0 F3000.0
DISPENSE MM=0.045 SPEED=30.0 RELATIVE=1
WAIT S=0.1
G0 Z0.05 F3000.0 ;position for liquid contact
G0 Z1.0 F5000.0
G0 X100.0 Y94.75 F5000.0
G0 Z1.0 F3000.0
DISPENSE MM=0.045 SPEED=30.0 RELATIVE=1
WAIT S=0.1
G0 Z0.05 F3000.0 ;position for liquid contact
G0 Z1.0 F5000.0
G0 X101.5 Y94.75 F5000.0
G0 Z1.0 F3000.0
DISPENSE MM=0.045 SPEED=30.0 RELATIVE=1
WAIT S=0.1
G0 Z0.05 F3000.0 ;position for liquid contact
G0 Z1.0 F5000.0
G0 X103.0 Y94.75 F5000.0
G0 Z1.0 F3000.0
DISPENSE MM=0.045 SPEED=30.0 RELATIVE=1
WAIT S=0.1
G0 Z0.05 F3000.0 ;position for liquid contact
G0 Z1.0 F5000.0
G0 X104.5 Y94.75 F5000.0
G0 Z1.0 F3000.0
DISPENSE MM=0.045 SPEED=30.0 RELATIVE=1
WAIT S=0.1
G0 Z0.05 F3000.0 ;position for liquid contact
G0 Z1.0 F5000.0
G0 X106.0 Y94.75 F5000.0
G0 Z1.0 F3000.0
DISPENSE MM=0.045 SPEED=30.0 RELATIVE=1
WAIT S=0.1
G0 Z0.05 F3000.0 ;position for liquid contact
G0 Z1.0 F5000.0
G0 X107.5 Y94.75 F5000.0
G0 Z1.0 F3000.0
DISPENSE MM=0.045 SPEED=30.0 RELATIVE=1
WAIT S=0.1
G0 Z0.05 F3000.0 ;position for liquid contact
G0 Z1.0 F5000.0
G0 X109.0 Y94.75 F5000.0
G0 Z1.0 F3000.0
DISPENSE MM=0.045 SPEED=30.0 RELATIVE=1
WAIT S=0.1
G0 Z0.05 F3000.0 ;position for liquid contact
G0 Z1.0 F5000.0
G0 X110.5 Y94.75 F5000.0
G0 Z1.0 F3000.0
DISPENSE MM=0.045 SPEED=30.0 RELATIVE=1
WAIT S=0.1
G0 Z0.05 F3000.0 ;position for liquid contact
G0 Z1.0 F5000.0
G0 X82.0 Y96.25 F5000.0
G0 Z1.0 F3000.0
WAIT S=0.2
DISPENSE MM=0.045 SPEED=30.0 RELATIVE=1
WAIT S=0.1
G0 Z0.05 F3000.0 ;position for liquid contact
G0 Z1.0 F5000.0
G0 X83.5 Y96.25 F5000.0
G0 Z1.0 F3000.0
DISPENSE MM=0.045 SPEED=30.0 RELATIVE=1
WAIT S=0.1
G0 Z0.05 F3000.0 ;position for liquid contact
G0 Z1.0 F5000.0
G0 X85.0 Y96.25 F5000.0
G0 Z1.0 F3000.0
DISPENSE MM=0.045 SPEED=30.0 RELATIVE=1
WAIT S=0.1
G0 Z0.05 F3000.0 ;position for liquid contact
G0 Z1.0 F5000.0
G0 X86.5 Y96.25 F5000.0
G0 Z1.0 F3000.0
DISPENSE MM=0.045 SPEED=30.0 RELATIVE=1
WAIT S=0.1
G0 Z0.05 F3000.0 ;position for liquid contact
G0 Z1.0 F5000.0
G0 X88.0 Y96.25 F5000.0
G0 Z1.0 F3000.0
DISPENSE MM=0.045 SPEED=30.0 RELATIVE=1
WAIT S=0.1
G0 Z0.05 F3000.0 ;position for liquid contact
G0 Z1.0 F5000.0
G0 X89.5 Y96.25 F5000.0
G0 Z1.0 F3000.0
DISPENSE MM=0.045 SPEED=30.0 RELATIVE=1
WAIT S=0.1
G0 Z0.05 F3000.0 ;position for liquid contact
G0 Z1.0 F5000.0
G0 X91.0 Y96.25 F5000.0
G0 Z1.0 F3000.0
DISPENSE MM=0.045 SPEED=30.0 RELATIVE=1
WAIT S=0.1
G0 Z0.05 F3000.0 ;position for liquid contact
G0 Z1.0 F5000.0
G0 X92.5 Y96.25 F5000.0
G0 Z1.0 F3000.0
DISPENSE MM=0.045 SPEED=30.0 RELATIVE=1
WAIT S=0.1
G0 Z0.05 F3000.0 ;position for liquid contact
G0 Z1.0 F5000.0
G0 X94.0 Y96.25 F5000.0
G0 Z1.0 F3000.0
DISPENSE MM=0.045 SPEED=30.0 RELATIVE=1
WAIT S=0.1
G0 Z0.05 F3000.0 ;position for liquid contact
G0 Z1.0 F5000.0
G0 X95.5 Y96.25 F5000.0
G0 Z1.0 F3000.0
DISPENSE MM=0.045 SPEED=30.0 RELATIVE=1
WAIT S=0.1
G0 Z0.05 F3000.0 ;position for liquid contact
G0 Z1.0 F5000.0
G0 X97.0 Y96.25 F5000.0
G0 Z1.0 F3000.0
DISPENSE MM=0.045 SPEED=30.0 RELATIVE=1
WAIT S=0.1
G0 Z0.05 F3000.0 ;position for liquid contact
G0 Z1.0 F5000.0
G0 X98.5 Y96.25 F5000.0
G0 Z1.0 F3000.0
DISPENSE MM=0.045 SPEED=30.0 RELATIVE=1
WAIT S=0.1
G0 Z0.05 F3000.0 ;position for liquid contact
G0 Z1.0 F5000.0
G0 X100.0 Y96.25 F5000.0
G0 Z1.0 F3000.0
DISPENSE MM=0.045 SPEED=30.0 RELATIVE=1
WAIT S=0.1
G0 Z0.05 F3000.0 ;position for liquid contact
G0 Z1.0 F5000.0
G0 X101.5 Y96.25 F5000.0
G0 Z1.0 F3000.0
DISPENSE MM=0.045 SPEED=30.0 RELATIVE=1
WAIT S=0.1
G0 Z0.05 F3000.0 ;position for liquid contact
G0 Z1.0 F5000.0
G0 X103.0 Y96.25 F5000.0
G0 Z1.0 F3000.0
DISPENSE MM=0.045 SPEED=30.0 RELATIVE=1
WAIT S=0.1
G0 Z0.05 F3000.0 ;position for liquid contact
G0 Z1.0 F5000.0
G0 X104.5 Y96.25 F5000.0
G0 Z1.0 F3000.0
DISPENSE MM=0.045 SPEED=30.0 RELATIVE=1
WAIT S=0.1
G0 Z0.05 F3000.0 ;position for liquid contact
G0 Z1.0 F5000.0
G0 X106.0 Y96.25 F5000.0
G0 Z1.0 F3000.0
DISPENSE MM=0.045 SPEED=30.0 RELATIVE=1
WAIT S=0.1
G0 Z0.05 F3000.0 ;position for liquid contact
G0 Z1.0 F5000.0
G0 X107.5 Y96.25 F5000.0
G0 Z1.0 F3000.0
DISPENSE MM=0.045 SPEED=30.0 RELATIVE=1
WAIT S=0.1
G0 Z0.05 F3000.0 ;position for liquid contact
G0 Z1.0 F5000.0
G0 X109.0 Y96.25 F5000.0
G0 Z1.0 F3000.0
DISPENSE MM=0.045 SPEED=30.0 RELATIVE=1
WAIT S=0.1
G0 Z0.05 F3000.0 ;position for liquid contact
G0 Z1.0 F5000.0
G0 X110.5 Y96.25 F5000.0
G0 Z1.0 F3000.0
DISPENSE MM=0.045 SPEED=30.0 RELATIVE=1
WAIT S=0.1
G0 Z0.05 F3000.0 ;position for liquid contact
G0 Z1.0 F5000.0
G0 X82.0 Y97.75 F5000.0
G0 Z1.0 F3000.0
WAIT S=0.2
DISPENSE MM=0.045 SPEED=30.0 RELATIVE=1
WAIT S=0.1
G0 Z0.05 F3000.0 ;position for liquid contact
G0 Z1.0 F5000.0
G0 X83.5 Y97.75 F5000.0
G0 Z1.0 F3000.0
DISPENSE MM=0.045 SPEED=30.0 RELATIVE=1
WAIT S=0.1
G0 Z0.05 F3000.0 ;position for liquid contact
G0 Z1.0 F5000.0
G0 X85.0 Y97.75 F5000.0
G0 Z1.0 F3000.0
DISPENSE MM=0.045 SPEED=30.0 RELATIVE=1
WAIT S=0.1
G0 Z0.05 F3000.0 ;position for liquid contact
G0 Z1.0 F5000.0
G0 X86.5 Y97.75 F5000.0
G0 Z1.0 F3000.0
DISPENSE MM=0.045 SPEED=30.0 RELATIVE=1
WAIT S=0.1
G0 Z0.05 F3000.0 ;position for liquid contact
G0 Z1.0 F5000.0
G0 X88.0 Y97.75 F5000.0
G0 Z1.0 F3000.0
DISPENSE MM=0.045 SPEED=30.0 RELATIVE=1
WAIT S=0.1
G0 Z0.05 F3000.0 ;position for liquid contact
G0 Z1.0 F5000.0
G0 X89.5 Y97.75 F5000.0
G0 Z1.0 F3000.0
DISPENSE MM=0.045 SPEED=30.0 RELATIVE=1
WAIT S=0.1
G0 Z0.05 F3000.0 ;position for liquid contact
G0 Z1.0 F5000.0
G0 X91.0 Y97.75 F5000.0
G0 Z1.0 F3000.0
DISPENSE MM=0.045 SPEED=30.0 RELATIVE=1
WAIT S=0.1
G0 Z0.05 F3000.0 ;position for liquid contact
G0 Z1.0 F5000.0
G0 X92.5 Y97.75 F5000.0
G0 Z1.0 F3000.0
DISPENSE MM=0.045 SPEED=30.0 RELATIVE=1
WAIT S=0.1
G0 Z0.05 F3000.0 ;position for liquid contact
G0 Z1.0 F5000.0
G0 X94.0 Y97.75 F5000.0
G0 Z1.0 F3000.0
DISPENSE MM=0.045 SPEED=30.0 RELATIVE=1
WAIT S=0.1
G0 Z0.05 F3000.0 ;position for liquid contact
G0 Z1.0 F5000.0
G0 X95.5 Y97.75 F5000.0
G0 Z1.0 F3000.0
DISPENSE MM=0.045 SPEED=30.0 RELATIVE=1
WAIT S=0.1
G0 Z0.05 F3000.0 ;position for liquid contact
G0 Z1.0 F5000.0
G0 X97.0 Y97.75 F5000.0
G0 Z1.0 F3000.0
DISPENSE MM=0.045 SPEED=30.0 RELATIVE=1
WAIT S=0.1
G0 Z0.05 F3000.0 ;position for liquid contact
G0 Z1.0 F5000.0
G0 X98.5 Y97.75 F5000.0
G0 Z1.0 F3000.0
DISPENSE MM=0.045 SPEED=30.0 RELATIVE=1
WAIT S=0.1
G0 Z0.05 F3000.0 ;position for liquid contact
G0 Z1.0 F5000.0
G0 X100.0 Y97.75 F5000.0
G0 Z1.0 F3000.0
DISPENSE MM=0.045 SPEED=30.0 RELATIVE=1
WAIT S=0.1
G0 Z0.05 F3000.0 ;position for liquid contact
G0 Z1.0 F5000.0
G0 X101.5 Y97.75 F5000.0
G0 Z1.0 F3000.0
DISPENSE MM=0.045 SPEED=30.0 RELATIVE=1
WAIT S=0.1
G0 Z0.05 F3000.0 ;position for liquid contact
G0 Z1.0 F5000.0
G0 X103.0 Y97.75 F5000.0
G0 Z1.0 F3000.0
DISPENSE MM=0.045 SPEED=30.0 RELATIVE=1
WAIT S=0.1
G0 Z0.05 F3000.0 ;position for liquid contact
G0 Z1.0 F5000.0
G0 X104.5 Y97.75 F5000.0
G0 Z1.0 F3000.0
DISPENSE MM=0.045 SPEED=30.0 RELATIVE=1
WAIT S=0.1
G0 Z0.05 F3000.0 ;position for liquid contact
G0 Z1.0 F5000.0
G0 X106.0 Y97.75 F5000.0
G0 Z1.0 F3000.0
DISPENSE MM=0.045 SPEED=30.0 RELATIVE=1
WAIT S=0.1
G0 Z0.05 F3000.0 ;position for liquid contact
G0 Z1.0 F5000.0
G0 X107.5 Y97.75 F5000.0
G0 Z1.0 F3000.0
DISPENSE MM=0.045 SPEED=30.0 RELATIVE=1
WAIT S=0.1
G0 Z0.05 F3000.0 ;position for liquid contact
G0 Z1.0 F5000.0
G0 X109.0 Y97.75 F5000.0
G0 Z1.0 F3000.0
DISPENSE MM=0.045 SPEED=30.0 RELATIVE=1
WAIT S=0.1
G0 Z0.05 F3000.0 ;position for liquid contact
G0 Z1.0 F5000.0
G0 X110.5 Y97.75 F5000.0
G0 Z1.0 F3000.0
DISPENSE MM=0.045 SPEED=30.0 RELATIVE=1
WAIT S=0.1
G0 Z0.05 F3000.0 ;position for liquid contact
G0 Z1.0 F5000.0
G0 X82.0 Y99.25 F5000.0
G0 Z1.0 F3000.0
WAIT S=0.2
DISPENSE MM=0.045 SPEED=30.0 RELATIVE=1
WAIT S=0.1
G0 Z0.05 F3000.0 ;position for liquid contact
G0 Z1.0 F5000.0
G0 X83.5 Y99.25 F5000.0
G0 Z1.0 F3000.0
DISPENSE MM=0.045 SPEED=30.0 RELATIVE=1
WAIT S=0.1
G0 Z0.05 F3000.0 ;position for liquid contact
G0 Z1.0 F5000.0
G0 X85.0 Y99.25 F5000.0
G0 Z1.0 F3000.0
DISPENSE MM=0.045 SPEED=30.0 RELATIVE=1
WAIT S=0.1
G0 Z0.05 F3000.0 ;position for liquid contact
G0 Z1.0 F5000.0
G0 X86.5 Y99.25 F5000.0
G0 Z1.0 F3000.0
DISPENSE MM=0.045 SPEED=30.0 RELATIVE=1
WAIT S=0.1
G0 Z0.05 F3000.0 ;position for liquid contact
G0 Z1.0 F5000.0
G0 X88.0 Y99.25 F5000.0
G0 Z1.0 F3000.0
DISPENSE MM=0.045 SPEED=30.0 RELATIVE=1
WAIT S=0.1
G0 Z0.05 F3000.0 ;position for liquid contact
G0 Z1.0 F5000.0
G0 X89.5 Y99.25 F5000.0
G0 Z1.0 F3000.0
DISPENSE MM=0.045 SPEED=30.0 RELATIVE=1
WAIT S=0.1
G0 Z0.05 F3000.0 ;position for liquid contact
G0 Z1.0 F5000.0
G0 X91.0 Y99.25 F5000.0
G0 Z1.0 F3000.0
DISPENSE MM=0.045 SPEED=30.0 RELATIVE=1
WAIT S=0.1
G0 Z0.05 F3000.0 ;position for liquid contact
G0 Z1.0 F5000.0
G0 X92.5 Y99.25 F5000.0
G0 Z1.0 F3000.0
DISPENSE MM=0.045 SPEED=30.0 RELATIVE=1
WAIT S=0.1
G0 Z0.05 F3000.0 ;position for liquid contact
G0 Z1.0 F5000.0
G0 X94.0 Y99.25 F5000.0
G0 Z1.0 F3000.0
DISPENSE MM=0.045 SPEED=30.0 RELATIVE=1
WAIT S=0.1
G0 Z0.05 F3000.0 ;position for liquid contact
G0 Z1.0 F5000.0
G0 X95.5 Y99.25 F5000.0
G0 Z1.0 F3000.0
DISPENSE MM=0.045 SPEED=30.0 RELATIVE=1
WAIT S=0.1
G0 Z0.05 F3000.0 ;position for liquid contact
G0 Z1.0 F5000.0
G0 X97.0 Y99.25 F5000.0
G0 Z1.0 F3000.0
DISPENSE MM=0.045 SPEED=30.0 RELATIVE=1
WAIT S=0.1
G0 Z0.05 F3000.0 ;position for liquid contact
G0 Z1.0 F5000.0
G0 X98.5 Y99.25 F5000.0
G0 Z1.0 F3000.0
DISPENSE MM=0.045 SPEED=30.0 RELATIVE=1
WAIT S=0.1
G0 Z0.05 F3000.0 ;position for liquid contact
G0 Z1.0 F5000.0
G0 X100.0 Y99.25 F5000.0
G0 Z1.0 F3000.0
DISPENSE MM=0.045 SPEED=30.0 RELATIVE=1
WAIT S=0.1
G0 Z0.05 F3000.0 ;position for liquid contact
G0 Z1.0 F5000.0
G0 X101.5 Y99.25 F5000.0
G0 Z1.0 F3000.0
DISPENSE MM=0.045 SPEED=30.0 RELATIVE=1
WAIT S=0.1
G0 Z0.05 F3000.0 ;position for liquid contact
G0 Z1.0 F5000.0
G0 X103.0 Y99.25 F5000.0
G0 Z1.0 F3000.0
DISPENSE MM=0.045 SPEED=30.0 RELATIVE=1
WAIT S=0.1
G0 Z0.05 F3000.0 ;position for liquid contact
G0 Z1.0 F5000.0
G0 X104.5 Y99.25 F5000.0
G0 Z1.0 F3000.0
DISPENSE MM=0.045 SPEED=30.0 RELATIVE=1
WAIT S=0.1
G0 Z0.05 F3000.0 ;position for liquid contact
G0 Z1.0 F5000.0
G0 X106.0 Y99.25 F5000.0
G0 Z1.0 F3000.0
DISPENSE MM=0.045 SPEED=30.0 RELATIVE=1
WAIT S=0.1
G0 Z0.05 F3000.0 ;position for liquid contact
G0 Z1.0 F5000.0
G0 X107.5 Y99.25 F5000.0
G0 Z1.0 F3000.0
DISPENSE MM=0.045 SPEED=30.0 RELATIVE=1
WAIT S=0.1
G0 Z0.05 F3000.0 ;position for liquid contact
G0 Z1.0 F5000.0
G0 X109.0 Y99.25 F5000.0
G0 Z1.0 F3000.0
DISPENSE MM=0.045 SPEED=30.0 RELATIVE=1
WAIT S=0.1
G0 Z0.05 F3000.0 ;position for liquid contact
G0 Z1.0 F5000.0
G0 X110.5 Y99.25 F5000.0
G0 Z1.0 F3000.0
DISPENSE MM=0.045 SPEED=30.0 RELATIVE=1
WAIT S=0.1
G0 Z0.05 F3000.0 ;position for liquid contact
G0 Z1.0 F5000.0
G0 X82.0 Y100.75 F5000.0
G0 Z1.0 F3000.0
WAIT S=0.2
DISPENSE MM=0.045 SPEED=30.0 RELATIVE=1
WAIT S=0.1
G0 Z0.05 F3000.0 ;position for liquid contact
G0 Z1.0 F5000.0
G0 X83.5 Y100.75 F5000.0
G0 Z1.0 F3000.0
DISPENSE MM=0.045 SPEED=30.0 RELATIVE=1
WAIT S=0.1
G0 Z0.05 F3000.0 ;position for liquid contact
G0 Z1.0 F5000.0
G0 X85.0 Y100.75 F5000.0
G0 Z1.0 F3000.0
DISPENSE MM=0.045 SPEED=30.0 RELATIVE=1
WAIT S=0.1
G0 Z0.05 F3000.0 ;position for liquid contact
G0 Z1.0 F5000.0
G0 X86.5 Y100.75 F5000.0
G0 Z1.0 F3000.0
DISPENSE MM=0.045 SPEED=30.0 RELATIVE=1
WAIT S=0.1
G0 Z0.05 F3000.0 ;position for liquid contact
G0 Z1.0 F5000.0
G0 X88.0 Y100.75 F5000.0
G0 Z1.0 F3000.0
DISPENSE MM=0.045 SPEED=30.0 RELATIVE=1
WAIT S=0.1
G0 Z0.05 F3000.0 ;position for liquid contact
G0 Z1.0 F5000.0
G0 X89.5 Y100.75 F5000.0
G0 Z1.0 F3000.0
DISPENSE MM=0.045 SPEED=30.0 RELATIVE=1
WAIT S=0.1
G0 Z0.05 F3000.0 ;position for liquid contact
G0 Z1.0 F5000.0
G0 X91.0 Y100.75 F5000.0
G0 Z1.0 F3000.0
DISPENSE MM=0.045 SPEED=30.0 RELATIVE=1
WAIT S=0.1
G0 Z0.05 F3000.0 ;position for liquid contact
G0 Z1.0 F5000.0
G0 X92.5 Y100.75 F5000.0
G0 Z1.0 F3000.0
DISPENSE MM=0.045 SPEED=30.0 RELATIVE=1
WAIT S=0.1
G0 Z0.05 F3000.0 ;position for liquid contact
G0 Z1.0 F5000.0
G0 X94.0 Y100.75 F5000.0
G0 Z1.0 F3000.0
DISPENSE MM=0.045 SPEED=30.0 RELATIVE=1
WAIT S=0.1
G0 Z0.05 F3000.0 ;position for liquid contact
G0 Z1.0 F5000.0
G0 X95.5 Y100.75 F5000.0
G0 Z1.0 F3000.0
DISPENSE MM=0.045 SPEED=30.0 RELATIVE=1
WAIT S=0.1
G0 Z0.05 F3000.0 ;position for liquid contact
G0 Z1.0 F5000.0
G0 X97.0 Y100.75 F5000.0
G0 Z1.0 F3000.0
DISPENSE MM=0.045 SPEED=30.0 RELATIVE=1
WAIT S=0.1
G0 Z0.05 F3000.0 ;position for liquid contact
G0 Z1.0 F5000.0
G0 X98.5 Y100.75 F5000.0
G0 Z1.0 F3000.0
DISPENSE MM=0.045 SPEED=30.0 RELATIVE=1
WAIT S=0.1
G0 Z0.05 F3000.0 ;position for liquid contact
G0 Z1.0 F5000.0
G0 X100.0 Y100.75 F5000.0
G0 Z1.0 F3000.0
DISPENSE MM=0.045 SPEED=30.0 RELATIVE=1
WAIT S=0.1
G0 Z0.05 F3000.0 ;position for liquid contact
G0 Z1.0 F5000.0
G0 X101.5 Y100.75 F5000.0
G0 Z1.0 F3000.0
DISPENSE MM=0.045 SPEED=30.0 RELATIVE=1
WAIT S=0.1
G0 Z0.05 F3000.0 ;position for liquid contact
G0 Z1.0 F5000.0
G0 X103.0 Y100.75 F5000.0
G0 Z1.0 F3000.0
DISPENSE MM=0.045 SPEED=30.0 RELATIVE=1
WAIT S=0.1
G0 Z0.05 F3000.0 ;position for liquid contact
G0 Z1.0 F5000.0
G0 X104.5 Y100.75 F5000.0
G0 Z1.0 F3000.0
DISPENSE MM=0.045 SPEED=30.0 RELATIVE=1
WAIT S=0.1
G0 Z0.05 F3000.0 ;position for liquid contact
G0 Z1.0 F5000.0
G0 X106.0 Y100.75 F5000.0
G0 Z1.0 F3000.0
DISPENSE MM=0.045 SPEED=30.0 RELATIVE=1
WAIT S=0.1
G0 Z0.05 F3000.0 ;position for liquid contact
G0 Z1.0 F5000.0
G0 X107.5 Y100.75 F5000.0
G0 Z1.0 F3000.0
DISPENSE MM=0.045 SPEED=30.0 RELATIVE=1
WAIT S=0.1
G0 Z0.05 F3000.0 ;position for liquid contact
G0 Z1.0 F5000.0
G0 X109.0 Y100.75 F5000.0
G0 Z1.0 F3000.0
DISPENSE MM=0.045 SPEED=30.0 RELATIVE=1
WAIT S=0.1
G0 Z0.05 F3000.0 ;position for liquid contact
G0 Z1.0 F5000.0
G0 X110.5 Y100.75 F5000.0
G0 Z1.0 F3000.0
DISPENSE MM=0.045 SPEED=30.0 RELATIVE=1
WAIT S=0.1
G0 Z0.05 F3000.0 ;position for liquid contact
G0 Z1.0 F5000.0
G0 X82.0 Y102.25 F5000.0
G0 Z1.0 F3000.0
WAIT S=0.2
DISPENSE MM=0.045 SPEED=30.0 RELATIVE=1
WAIT S=0.1
G0 Z0.05 F3000.0 ;position for liquid contact
G0 Z1.0 F5000.0
G0 X83.5 Y102.25 F5000.0
G0 Z1.0 F3000.0
DISPENSE MM=0.045 SPEED=30.0 RELATIVE=1
WAIT S=0.1
G0 Z0.05 F3000.0 ;position for liquid contact
G0 Z1.0 F5000.0
G0 X85.0 Y102.25 F5000.0
G0 Z1.0 F3000.0
DISPENSE MM=0.045 SPEED=30.0 RELATIVE=1
WAIT S=0.1
G0 Z0.05 F3000.0 ;position for liquid contact
G0 Z1.0 F5000.0
G0 X86.5 Y102.25 F5000.0
G0 Z1.0 F3000.0
DISPENSE MM=0.045 SPEED=30.0 RELATIVE=1
WAIT S=0.1
G0 Z0.05 F3000.0 ;position for liquid contact
G0 Z1.0 F5000.0
G0 X88.0 Y102.25 F5000.0
G0 Z1.0 F3000.0
DISPENSE MM=0.045 SPEED=30.0 RELATIVE=1
WAIT S=0.1
G0 Z0.05 F3000.0 ;position for liquid contact
G0 Z1.0 F5000.0
G0 X89.5 Y102.25 F5000.0
G0 Z1.0 F3000.0
DISPENSE MM=0.045 SPEED=30.0 RELATIVE=1
WAIT S=0.1
G0 Z0.05 F3000.0 ;position for liquid contact
G0 Z1.0 F5000.0
G0 X91.0 Y102.25 F5000.0
G0 Z1.0 F3000.0
DISPENSE MM=0.045 SPEED=30.0 RELATIVE=1
WAIT S=0.1
G0 Z0.05 F3000.0 ;position for liquid contact
G0 Z1.0 F5000.0
G0 X92.5 Y102.25 F5000.0
G0 Z1.0 F3000.0
DISPENSE MM=0.045 SPEED=30.0 RELATIVE=1
WAIT S=0.1
G0 Z0.05 F3000.0 ;position for liquid contact
G0 Z1.0 F5000.0
G0 X94.0 Y102.25 F5000.0
G0 Z1.0 F3000.0
DISPENSE MM=0.045 SPEED=30.0 RELATIVE=1
WAIT S=0.1
G0 Z0.05 F3000.0 ;position for liquid contact
G0 Z1.0 F5000.0
G0 X95.5 Y102.25 F5000.0
G0 Z1.0 F3000.0
DISPENSE MM=0.045 SPEED=30.0 RELATIVE=1
WAIT S=0.1
G0 Z0.05 F3000.0 ;position for liquid contact
G0 Z1.0 F5000.0
G0 X97.0 Y102.25 F5000.0
G0 Z1.0 F3000.0
DISPENSE MM=0.045 SPEED=30.0 RELATIVE=1
WAIT S=0.1
G0 Z0.05 F3000.0 ;position for liquid contact
G0 Z1.0 F5000.0
G0 X98.5 Y102.25 F5000.0
G0 Z1.0 F3000.0
DISPENSE MM=0.045 SPEED=30.0 RELATIVE=1
WAIT S=0.1
G0 Z0.05 F3000.0 ;position for liquid contact
G0 Z1.0 F5000.0
G0 X100.0 Y102.25 F5000.0
G0 Z1.0 F3000.0
DISPENSE MM=0.045 SPEED=30.0 RELATIVE=1
WAIT S=0.1
G0 Z0.05 F3000.0 ;position for liquid contact
G0 Z1.0 F5000.0
G0 X101.5 Y102.25 F5000.0
G0 Z1.0 F3000.0
DISPENSE MM=0.045 SPEED=30.0 RELATIVE=1
WAIT S=0.1
G0 Z0.05 F3000.0 ;position for liquid contact
G0 Z1.0 F5000.0
G0 X103.0 Y102.25 F5000.0
G0 Z1.0 F3000.0
DISPENSE MM=0.045 SPEED=30.0 RELATIVE=1
WAIT S=0.1
G0 Z0.05 F3000.0 ;position for liquid contact
G0 Z1.0 F5000.0
G0 X104.5 Y102.25 F5000.0
G0 Z1.0 F3000.0
DISPENSE MM=0.045 SPEED=30.0 RELATIVE=1
WAIT S=0.1
G0 Z0.05 F3000.0 ;position for liquid contact
G0 Z1.0 F5000.0
G0 X106.0 Y102.25 F5000.0
G0 Z1.0 F3000.0
DISPENSE MM=0.045 SPEED=30.0 RELATIVE=1
WAIT S=0.1
G0 Z0.05 F3000.0 ;position for liquid contact
G0 Z1.0 F5000.0
G0 X107.5 Y102.25 F5000.0
G0 Z1.0 F3000.0
DISPENSE MM=0.045 SPEED=30.0 RELATIVE=1
WAIT S=0.1
G0 Z0.05 F3000.0 ;position for liquid contact
G0 Z1.0 F5000.0
G0 X109.0 Y102.25 F5000.0
G0 Z1.0 F3000.0
DISPENSE MM=0.045 SPEED=30.0 RELATIVE=1
WAIT S=0.1
G0 Z0.05 F3000.0 ;position for liquid contact
G0 Z1.0 F5000.0
G0 X110.5 Y102.25 F5000.0
G0 Z1.0 F3000.0
DISPENSE MM=0.045 SPEED=30.0 RELATIVE=1
WAIT S=0.1
G0 Z0.05 F3000.0 ;position for liquid contact
G0 Z1.0 F5000.0
G0 X82.0 Y103.75 F5000.0
G0 Z1.0 F3000.0
WAIT S=0.2
DISPENSE MM=0.045 SPEED=30.0 RELATIVE=1
WAIT S=0.1
G0 Z0.05 F3000.0 ;position for liquid contact
G0 Z1.0 F5000.0
G0 X83.5 Y103.75 F5000.0
G0 Z1.0 F3000.0
DISPENSE MM=0.045 SPEED=30.0 RELATIVE=1
WAIT S=0.1
G0 Z0.05 F3000.0 ;position for liquid contact
G0 Z1.0 F5000.0
G0 X85.0 Y103.75 F5000.0
G0 Z1.0 F3000.0
DISPENSE MM=0.045 SPEED=30.0 RELATIVE=1
WAIT S=0.1
G0 Z0.05 F3000.0 ;position for liquid contact
G0 Z1.0 F5000.0
G0 X86.5 Y103.75 F5000.0
G0 Z1.0 F3000.0
DISPENSE MM=0.045 SPEED=30.0 RELATIVE=1
WAIT S=0.1
G0 Z0.05 F3000.0 ;position for liquid contact
G0 Z1.0 F5000.0
G0 X88.0 Y103.75 F5000.0
G0 Z1.0 F3000.0
DISPENSE MM=0.045 SPEED=30.0 RELATIVE=1
WAIT S=0.1
G0 Z0.05 F3000.0 ;position for liquid contact
G0 Z1.0 F5000.0
G0 X89.5 Y103.75 F5000.0
G0 Z1.0 F3000.0
DISPENSE MM=0.045 SPEED=30.0 RELATIVE=1
WAIT S=0.1
G0 Z0.05 F3000.0 ;position for liquid contact
G0 Z1.0 F5000.0
G0 X91.0 Y103.75 F5000.0
G0 Z1.0 F3000.0
DISPENSE MM=0.045 SPEED=30.0 RELATIVE=1
WAIT S=0.1
G0 Z0.05 F3000.0 ;position for liquid contact
G0 Z1.0 F5000.0
G0 X92.5 Y103.75 F5000.0
G0 Z1.0 F3000.0
DISPENSE MM=0.045 SPEED=30.0 RELATIVE=1
WAIT S=0.1
G0 Z0.05 F3000.0 ;position for liquid contact
G0 Z1.0 F5000.0
G0 X94.0 Y103.75 F5000.0
G0 Z1.0 F3000.0
DISPENSE MM=0.045 SPEED=30.0 RELATIVE=1
WAIT S=0.1
G0 Z0.05 F3000.0 ;position for liquid contact
G0 Z1.0 F5000.0
G0 X95.5 Y103.75 F5000.0
G0 Z1.0 F3000.0
DISPENSE MM=0.045 SPEED=30.0 RELATIVE=1
WAIT S=0.1
G0 Z0.05 F3000.0 ;position for liquid contact
G0 Z1.0 F5000.0
G0 X97.0 Y103.75 F5000.0
G0 Z1.0 F3000.0
DISPENSE MM=0.045 SPEED=30.0 RELATIVE=1
WAIT S=0.1
G0 Z0.05 F3000.0 ;position for liquid contact
G0 Z1.0 F5000.0
G0 X98.5 Y103.75 F5000.0
G0 Z1.0 F3000.0
DISPENSE MM=0.045 SPEED=30.0 RELATIVE=1
WAIT S=0.1
G0 Z0.05 F3000.0 ;position for liquid contact
G0 Z1.0 F5000.0
G0 X100.0 Y103.75 F5000.0
G0 Z1.0 F3000.0
DISPENSE MM=0.045 SPEED=30.0 RELATIVE=1
WAIT S=0.1
G0 Z0.05 F3000.0 ;position for liquid contact
G0 Z1.0 F5000.0
G0 X101.5 Y103.75 F5000.0
G0 Z1.0 F3000.0
DISPENSE MM=0.045 SPEED=30.0 RELATIVE=1
WAIT S=0.1
G0 Z0.05 F3000.0 ;position for liquid contact
G0 Z1.0 F5000.0
G0 X103.0 Y103.75 F5000.0
G0 Z1.0 F3000.0
DISPENSE MM=0.045 SPEED=30.0 RELATIVE=1
WAIT S=0.1
G0 Z0.05 F3000.0 ;position for liquid contact
G0 Z1.0 F5000.0
G0 X104.5 Y103.75 F5000.0
G0 Z1.0 F3000.0
DISPENSE MM=0.045 SPEED=30.0 RELATIVE=1
WAIT S=0.1
G0 Z0.05 F3000.0 ;position for liquid contact
G0 Z1.0 F5000.0
G0 X106.0 Y103.75 F5000.0
G0 Z1.0 F3000.0
DISPENSE MM=0.045 SPEED=30.0 RELATIVE=1
WAIT S=0.1
G0 Z0.05 F3000.0 ;position for liquid contact
G0 Z1.0 F5000.0
G0 X107.5 Y103.75 F5000.0
G0 Z1.0 F3000.0
DISPENSE MM=0.045 SPEED=30.0 RELATIVE=1
WAIT S=0.1
G0 Z0.05 F3000.0 ;position for liquid contact
G0 Z1.0 F5000.0
G0 X109.0 Y103.75 F5000.0
G0 Z1.0 F3000.0
DISPENSE MM=0.045 SPEED=30.0 RELATIVE=1
WAIT S=0.1
G0 Z0.05 F3000.0 ;position for liquid contact
G0 Z1.0 F5000.0
G0 X110.5 Y103.75 F5000.0
G0 Z1.0 F3000.0
DISPENSE MM=0.045 SPEED=30.0 RELATIVE=1
WAIT S=0.1
G0 Z0.05 F3000.0 ;position for liquid contact
G0 Z1.0 F5000.0
G0 X82.0 Y105.25 F5000.0
G0 Z1.0 F3000.0
WAIT S=0.2
DISPENSE MM=0.045 SPEED=30.0 RELATIVE=1
WAIT S=0.1
G0 Z0.05 F3000.0 ;position for liquid contact
G0 Z1.0 F5000.0
G0 X83.5 Y105.25 F5000.0
G0 Z1.0 F3000.0
DISPENSE MM=0.045 SPEED=30.0 RELATIVE=1
WAIT S=0.1
G0 Z0.05 F3000.0 ;position for liquid contact
G0 Z1.0 F5000.0
G0 X85.0 Y105.25 F5000.0
G0 Z1.0 F3000.0
DISPENSE MM=0.045 SPEED=30.0 RELATIVE=1
WAIT S=0.1
G0 Z0.05 F3000.0 ;position for liquid contact
G0 Z1.0 F5000.0
G0 X86.5 Y105.25 F5000.0
G0 Z1.0 F3000.0
DISPENSE MM=0.045 SPEED=30.0 RELATIVE=1
WAIT S=0.1
G0 Z0.05 F3000.0 ;position for liquid contact
G0 Z1.0 F5000.0
G0 X88.0 Y105.25 F5000.0
G0 Z1.0 F3000.0
DISPENSE MM=0.045 SPEED=30.0 RELATIVE=1
WAIT S=0.1
G0 Z0.05 F3000.0 ;position for liquid contact
G0 Z1.0 F5000.0
G0 X89.5 Y105.25 F5000.0
G0 Z1.0 F3000.0
DISPENSE MM=0.045 SPEED=30.0 RELATIVE=1
WAIT S=0.1
G0 Z0.05 F3000.0 ;position for liquid contact
G0 Z1.0 F5000.0
G0 X91.0 Y105.25 F5000.0
G0 Z1.0 F3000.0
DISPENSE MM=0.045 SPEED=30.0 RELATIVE=1
WAIT S=0.1
G0 Z0.05 F3000.0 ;position for liquid contact
G0 Z1.0 F5000.0
G0 X92.5 Y105.25 F5000.0
G0 Z1.0 F3000.0
DISPENSE MM=0.045 SPEED=30.0 RELATIVE=1
WAIT S=0.1
G0 Z0.05 F3000.0 ;position for liquid contact
G0 Z1.0 F5000.0
G0 X94.0 Y105.25 F5000.0
G0 Z1.0 F3000.0
DISPENSE MM=0.045 SPEED=30.0 RELATIVE=1
WAIT S=0.1
G0 Z0.05 F3000.0 ;position for liquid contact
G0 Z1.0 F5000.0
G0 X95.5 Y105.25 F5000.0
G0 Z1.0 F3000.0
DISPENSE MM=0.045 SPEED=30.0 RELATIVE=1
WAIT S=0.1
G0 Z0.05 F3000.0 ;position for liquid contact
G0 Z1.0 F5000.0
G0 X97.0 Y105.25 F5000.0
G0 Z1.0 F3000.0
DISPENSE MM=0.045 SPEED=30.0 RELATIVE=1
WAIT S=0.1
G0 Z0.05 F3000.0 ;position for liquid contact
G0 Z1.0 F5000.0
G0 X98.5 Y105.25 F5000.0
G0 Z1.0 F3000.0
DISPENSE MM=0.045 SPEED=30.0 RELATIVE=1
WAIT S=0.1
G0 Z0.05 F3000.0 ;position for liquid contact
G0 Z1.0 F5000.0
G0 X100.0 Y105.25 F5000.0
G0 Z1.0 F3000.0
DISPENSE MM=0.045 SPEED=30.0 RELATIVE=1
WAIT S=0.1
G0 Z0.05 F3000.0 ;position for liquid contact
G0 Z1.0 F5000.0
G0 X101.5 Y105.25 F5000.0
G0 Z1.0 F3000.0
DISPENSE MM=0.045 SPEED=30.0 RELATIVE=1
WAIT S=0.1
G0 Z0.05 F3000.0 ;position for liquid contact
G0 Z1.0 F5000.0
G0 X103.0 Y105.25 F5000.0
G0 Z1.0 F3000.0
DISPENSE MM=0.045 SPEED=30.0 RELATIVE=1
WAIT S=0.1
G0 Z0.05 F3000.0 ;position for liquid contact
G0 Z1.0 F5000.0
G0 X104.5 Y105.25 F5000.0
G0 Z1.0 F3000.0
DISPENSE MM=0.045 SPEED=30.0 RELATIVE=1
WAIT S=0.1
G0 Z0.05 F3000.0 ;position for liquid contact
G0 Z1.0 F5000.0
G0 X106.0 Y105.25 F5000.0
G0 Z1.0 F3000.0
DISPENSE MM=0.045 SPEED=30.0 RELATIVE=1
WAIT S=0.1
G0 Z0.05 F3000.0 ;position for liquid contact
G0 Z1.0 F5000.0
G0 X107.5 Y105.25 F5000.0
G0 Z1.0 F3000.0
DISPENSE MM=0.045 SPEED=30.0 RELATIVE=1
WAIT S=0.1
G0 Z0.05 F3000.0 ;position for liquid contact
G0 Z1.0 F5000.0
G0 X109.0 Y105.25 F5000.0
G0 Z1.0 F3000.0
DISPENSE MM=0.045 SPEED=30.0 RELATIVE=1
WAIT S=0.1
G0 Z0.05 F3000.0 ;position for liquid contact
G0 Z1.0 F5000.0
G0 X110.5 Y105.25 F5000.0
G0 Z1.0 F3000.0
DISPENSE MM=0.045 SPEED=30.0 RELATIVE=1
WAIT S=0.1
G0 Z0.05 F3000.0 ;position for liquid contact
G0 Z1.0 F5000.0
G0 X82.0 Y106.75 F5000.0
G0 Z1.0 F3000.0
WAIT S=0.2
DISPENSE MM=0.045 SPEED=30.0 RELATIVE=1
WAIT S=0.1
G0 Z0.05 F3000.0 ;position for liquid contact
G0 Z1.0 F5000.0
G0 X83.5 Y106.75 F5000.0
G0 Z1.0 F3000.0
DISPENSE MM=0.045 SPEED=30.0 RELATIVE=1
WAIT S=0.1
G0 Z0.05 F3000.0 ;position for liquid contact
G0 Z1.0 F5000.0
G0 X85.0 Y106.75 F5000.0
G0 Z1.0 F3000.0
DISPENSE MM=0.045 SPEED=30.0 RELATIVE=1
WAIT S=0.1
G0 Z0.05 F3000.0 ;position for liquid contact
G0 Z1.0 F5000.0
G0 X86.5 Y106.75 F5000.0
G0 Z1.0 F3000.0
DISPENSE MM=0.045 SPEED=30.0 RELATIVE=1
WAIT S=0.1
G0 Z0.05 F3000.0 ;position for liquid contact
G0 Z1.0 F5000.0
G0 X88.0 Y106.75 F5000.0
G0 Z1.0 F3000.0
DISPENSE MM=0.045 SPEED=30.0 RELATIVE=1
WAIT S=0.1
G0 Z0.05 F3000.0 ;position for liquid contact
G0 Z1.0 F5000.0
G0 X89.5 Y106.75 F5000.0
G0 Z1.0 F3000.0
DISPENSE MM=0.045 SPEED=30.0 RELATIVE=1
WAIT S=0.1
G0 Z0.05 F3000.0 ;position for liquid contact
G0 Z1.0 F5000.0
G0 X91.0 Y106.75 F5000.0
G0 Z1.0 F3000.0
DISPENSE MM=0.045 SPEED=30.0 RELATIVE=1
WAIT S=0.1
G0 Z0.05 F3000.0 ;position for liquid contact
G0 Z1.0 F5000.0
G0 X92.5 Y106.75 F5000.0
G0 Z1.0 F3000.0
DISPENSE MM=0.045 SPEED=30.0 RELATIVE=1
WAIT S=0.1
G0 Z0.05 F3000.0 ;position for liquid contact
G0 Z1.0 F5000.0
G0 X94.0 Y106.75 F5000.0
G0 Z1.0 F3000.0
DISPENSE MM=0.045 SPEED=30.0 RELATIVE=1
WAIT S=0.1
G0 Z0.05 F3000.0 ;position for liquid contact
G0 Z1.0 F5000.0
G0 X95.5 Y106.75 F5000.0
G0 Z1.0 F3000.0
DISPENSE MM=0.045 SPEED=30.0 RELATIVE=1
WAIT S=0.1
G0 Z0.05 F3000.0 ;position for liquid contact
G0 Z1.0 F5000.0
G0 X97.0 Y106.75 F5000.0
G0 Z1.0 F3000.0
DISPENSE MM=0.045 SPEED=30.0 RELATIVE=1
WAIT S=0.1
G0 Z0.05 F3000.0 ;position for liquid contact
G0 Z1.0 F5000.0
G0 X98.5 Y106.75 F5000.0
G0 Z1.0 F3000.0
DISPENSE MM=0.045 SPEED=30.0 RELATIVE=1
WAIT S=0.1
G0 Z0.05 F3000.0 ;position for liquid contact
G0 Z1.0 F5000.0
G0 X100.0 Y106.75 F5000.0
G0 Z1.0 F3000.0
DISPENSE MM=0.045 SPEED=30.0 RELATIVE=1
WAIT S=0.1
G0 Z0.05 F3000.0 ;position for liquid contact
G0 Z1.0 F5000.0
G0 X101.5 Y106.75 F5000.0
G0 Z1.0 F3000.0
DISPENSE MM=0.045 SPEED=30.0 RELATIVE=1
WAIT S=0.1
G0 Z0.05 F3000.0 ;position for liquid contact
G0 Z1.0 F5000.0
G0 X103.0 Y106.75 F5000.0
G0 Z1.0 F3000.0
DISPENSE MM=0.045 SPEED=30.0 RELATIVE=1
WAIT S=0.1
G0 Z0.05 F3000.0 ;position for liquid contact
G0 Z1.0 F5000.0
G0 X104.5 Y106.75 F5000.0
G0 Z1.0 F3000.0
DISPENSE MM=0.045 SPEED=30.0 RELATIVE=1
WAIT S=0.1
G0 Z0.05 F3000.0 ;position for liquid contact
G0 Z1.0 F5000.0
G0 X106.0 Y106.75 F5000.0
G0 Z1.0 F3000.0
DISPENSE MM=0.045 SPEED=30.0 RELATIVE=1
WAIT S=0.1
G0 Z0.05 F3000.0 ;position for liquid contact
G0 Z1.0 F5000.0
G0 X107.5 Y106.75 F5000.0
G0 Z1.0 F3000.0
DISPENSE MM=0.045 SPEED=30.0 RELATIVE=1
WAIT S=0.1
G0 Z0.05 F3000.0 ;position for liquid contact
G0 Z1.0 F5000.0
G0 X109.0 Y106.75 F5000.0
G0 Z1.0 F3000.0
DISPENSE MM=0.045 SPEED=30.0 RELATIVE=1
WAIT S=0.1
G0 Z0.05 F3000.0 ;position for liquid contact
G0 Z1.0 F5000.0
G0 X110.5 Y106.75 F5000.0
G0 Z1.0 F3000.0
DISPENSE MM=0.045 SPEED=30.0 RELATIVE=1
WAIT S=0.1
G0 Z0.05 F3000.0 ;position for liquid contact
G0 Z1.0 F5000.0
G0 X82.0 Y108.25 F5000.0
G0 Z1.0 F3000.0
WAIT S=0.2
DISPENSE MM=0.045 SPEED=30.0 RELATIVE=1
WAIT S=0.1
G0 Z0.05 F3000.0 ;position for liquid contact
G0 Z1.0 F5000.0
G0 X83.5 Y108.25 F5000.0
G0 Z1.0 F3000.0
DISPENSE MM=0.045 SPEED=30.0 RELATIVE=1
WAIT S=0.1
G0 Z0.05 F3000.0 ;position for liquid contact
G0 Z1.0 F5000.0
G0 X85.0 Y108.25 F5000.0
G0 Z1.0 F3000.0
DISPENSE MM=0.045 SPEED=30.0 RELATIVE=1
WAIT S=0.1
G0 Z0.05 F3000.0 ;position for liquid contact
G0 Z1.0 F5000.0
G0 X86.5 Y108.25 F5000.0
G0 Z1.0 F3000.0
DISPENSE MM=0.045 SPEED=30.0 RELATIVE=1
WAIT S=0.1
G0 Z0.05 F3000.0 ;position for liquid contact
G0 Z1.0 F5000.0
G0 X88.0 Y108.25 F5000.0
G0 Z1.0 F3000.0
DISPENSE MM=0.045 SPEED=30.0 RELATIVE=1
WAIT S=0.1
G0 Z0.05 F3000.0 ;position for liquid contact
G0 Z1.0 F5000.0
G0 X89.5 Y108.25 F5000.0
G0 Z1.0 F3000.0
DISPENSE MM=0.045 SPEED=30.0 RELATIVE=1
WAIT S=0.1
G0 Z0.05 F3000.0 ;position for liquid contact
G0 Z1.0 F5000.0
G0 X91.0 Y108.25 F5000.0
G0 Z1.0 F3000.0
DISPENSE MM=0.045 SPEED=30.0 RELATIVE=1
WAIT S=0.1
G0 Z0.05 F3000.0 ;position for liquid contact
G0 Z1.0 F5000.0
G0 X92.5 Y108.25 F5000.0
G0 Z1.0 F3000.0
DISPENSE MM=0.045 SPEED=30.0 RELATIVE=1
WAIT S=0.1
G0 Z0.05 F3000.0 ;position for liquid contact
G0 Z1.0 F5000.0
G0 X94.0 Y108.25 F5000.0
G0 Z1.0 F3000.0
DISPENSE MM=0.045 SPEED=30.0 RELATIVE=1
WAIT S=0.1
G0 Z0.05 F3000.0 ;position for liquid contact
G0 Z1.0 F5000.0
G0 X95.5 Y108.25 F5000.0
G0 Z1.0 F3000.0
DISPENSE MM=0.045 SPEED=30.0 RELATIVE=1
WAIT S=0.1
G0 Z0.05 F3000.0 ;position for liquid contact
G0 Z1.0 F5000.0
G0 X97.0 Y108.25 F5000.0
G0 Z1.0 F3000.0
DISPENSE MM=0.045 SPEED=30.0 RELATIVE=1
WAIT S=0.1
G0 Z0.05 F3000.0 ;position for liquid contact
G0 Z1.0 F5000.0
G0 X98.5 Y108.25 F5000.0
G0 Z1.0 F3000.0
DISPENSE MM=0.045 SPEED=30.0 RELATIVE=1
WAIT S=0.1
G0 Z0.05 F3000.0 ;position for liquid contact
G0 Z1.0 F5000.0
G0 X100.0 Y108.25 F5000.0
G0 Z1.0 F3000.0
DISPENSE MM=0.045 SPEED=30.0 RELATIVE=1
WAIT S=0.1
G0 Z0.05 F3000.0 ;position for liquid contact
G0 Z1.0 F5000.0
G0 X101.5 Y108.25 F5000.0
G0 Z1.0 F3000.0
DISPENSE MM=0.045 SPEED=30.0 RELATIVE=1
WAIT S=0.1
G0 Z0.05 F3000.0 ;position for liquid contact
G0 Z1.0 F5000.0
G0 X103.0 Y108.25 F5000.0
G0 Z1.0 F3000.0
DISPENSE MM=0.045 SPEED=30.0 RELATIVE=1
WAIT S=0.1
G0 Z0.05 F3000.0 ;position for liquid contact
G0 Z1.0 F5000.0
G0 X104.5 Y108.25 F5000.0
G0 Z1.0 F3000.0
DISPENSE MM=0.045 SPEED=30.0 RELATIVE=1
WAIT S=0.1
G0 Z0.05 F3000.0 ;position for liquid contact
G0 Z1.0 F5000.0
G0 X106.0 Y108.25 F5000.0
G0 Z1.0 F3000.0
DISPENSE MM=0.045 SPEED=30.0 RELATIVE=1
WAIT S=0.1
G0 Z0.05 F3000.0 ;position for liquid contact
G0 Z1.0 F5000.0
G0 X107.5 Y108.25 F5000.0
G0 Z1.0 F3000.0
DISPENSE MM=0.045 SPEED=30.0 RELATIVE=1
WAIT S=0.1
G0 Z0.05 F3000.0 ;position for liquid contact
G0 Z1.0 F5000.0
G0 X109.0 Y108.25 F5000.0
G0 Z1.0 F3000.0
DISPENSE MM=0.045 SPEED=30.0 RELATIVE=1
WAIT S=0.1
G0 Z0.05 F3000.0 ;position for liquid contact
G0 Z1.0 F5000.0
G0 X110.5 Y108.25 F5000.0
G0 Z1.0 F3000.0
DISPENSE MM=0.045 SPEED=30.0 RELATIVE=1
WAIT S=0.1
G0 Z0.05 F3000.0 ;position for liquid contact
G0 Z1.0 F5000.0

; Washing sequence
G0 Z40.0 F5000
G0 X218.0 Y16.0 F5000
G0 Z-5.0 F500
G0 X219.0 F2000.0
G0 X218.0 F2000.0
G0 X219.0 F2000.0
G0 X218.0 F2000.0
G0 X219.0 F2000.0
G0 X218.0 F2000.0
G0 X219.0 F2000.0
G0 X218.0 F2000.0
G0 X219.0 F2000.0
G0 X218.0 F2000.0
G0 X219.0 F2000.0
G0 X218.0 F2000.0
G0 X219.0 F2000.0
G0 X218.0 F2000.0
G0 X219.0 F2000.0
G0 X218.0 F2000.0
G0 X219.0 F2000.0
G0 X218.0 F2000.0
G0 X219.0 F2000.0
G0 X218.0 F2000.0
G0 X219.0 F2000.0
G0 X218.0 F2000.0
G0 X219.0 F2000.0
G0 X218.0 F2000.0
G0 X219.0 F2000.0
G0 X218.0 F2000.0
G0 X219.0 F2000.0
G0 X218.0 F2000.0
G0 X219.0 F2000.0
G0 X218.0 F2000.0
G0 X219.0 F2000.0
G0 X218.0 F2000.0
G0 X219.0 F2000.0
G0 X218.0 F2000.0
G0 X219.0 F2000.0
G0 X218.0 F2000.0
G0 X219.0 F2000.0
G0 X218.0 F2000.0
G0 X219.0 F2000.0
G0 X218.0 F2000.0
G0 X219.0 F2000.0
G0 X218.0 F2000.0
G0 X219.0 F2000.0
G0 X218.0 F2000.0
G0 X219.0 F2000.0
G0 X218.0 F2000.0
G0 X219.0 F2000.0
G0 X218.0 F2000.0
G0 X219.0 F2000.0
G0 X218.0 F2000.0
G0 X219.0 F2000.0
G0 X218.0 F2000.0
G0 X219.0 F2000.0
G0 X218.0 F2000.0
G0 X219.0 F2000.0
G0 X218.0 F2000.0
G0 X219.0 F2000.0
G0 X218.0 F2000.0
G0 X219.0 F2000.0
G0 X218.0 F2000.0
G0 X219.0 F2000.0
G0 X218.0 F2000.0
G0 X219.0 F2000.0
G0 X218.0 F2000.0
G0 X219.0 F2000.0
G0 X218.0 F2000.0
G0 X219.0 F2000.0
G0 X218.0 F2000.0
G0 X219.0 F2000.0
G0 X218.0 F2000.0
G0 X219.0 F2000.0
G0 X218.0 F2000.0
G0 X219.0 F2000.0
G0 X218.0 F2000.0
G0 X219.0 F2000.0
G0 X218.0 F2000.0
G0 X219.0 F2000.0
G0 X218.0 F2000.0
G0 X219.0 F2000.0
G0 X218.0 F2000.0
G0 X219.0 F2000.0
G0 X218.0 F2000.0
G0 X219.0 F2000.0
G0 X218.0 F2000.0
G0 X219.0 F2000.0
G0 X218.0 F2000.0
G0 X219.0 F2000.0
G0 X218.0 F2000.0
G0 X219.0 F2000.0
G0 X218.0 F2000.0
G0 X219.0 F2000.0
G0 X218.0 F2000.0
G0 X219.0 F2000.0
G0 X218.0 F2000.0
G0 X219.0 F2000.0
G0 X218.0 F2000.0
G0 X219.0 F2000.0
G0 X218.0 F2000.0
G0 X219.0 F2000.0
G0 X218.0 F2000.0
G0 Z40.0 F5000

G0 Z40.0 F5000.0 ; dispensing leftovers
G0 X218.0 Y15.0 F5000.0
G0 Z-17.0 F3000.0
DISPENSE MM=0.0 SPEED=30.0
WAIT S=1.0
ASPIRATE MM=50.0 SPEED=30.0 ; rinse aspiration
WAIT S=0.5
DISPENSE MM=0.0 SPEED=30.0 ; rinse dispense
ASPIRATE MM=50.0 SPEED=30.0 ; rinse aspiration
WAIT S=0.5
DISPENSE MM=0.0 SPEED=30.0 ; rinse dispense
ASPIRATE MM=50.0 SPEED=30.0 ; rinse aspiration
WAIT S=0.5
DISPENSE MM=0.0 SPEED=30.0 ; rinse dispense
ASPIRATE MM=50.0 SPEED=30.0 ; rinse aspiration
WAIT S=0.5
DISPENSE MM=0.0 SPEED=30.0 ; rinse dispense
ASPIRATE MM=50.0 SPEED=30.0 ; rinse aspiration
WAIT S=0.5
DISPENSE MM=0.0 SPEED=30.0 ; rinse dispense
WAIT S=2.0

G0 Z40.0 F5000.0 ; dispensing leftovers
ASPIRATE MM=50.0 SPEED=30.0 ; rinse aspiration
WAIT S=0.5
DISPENSE MM=0.0 SPEED=30.0 ; rinse dispense
ASPIRATE MM=50.0 SPEED=30.0 ; rinse aspiration
WAIT S=0.5
DISPENSE MM=0.0 SPEED=30.0 ; rinse dispense
ASPIRATE MM=50.0 SPEED=30.0 ; rinse aspiration
WAIT S=0.5
DISPENSE MM=0.0 SPEED=30.0 ; rinse dispense
ASPIRATE MM=50.0 SPEED=30.0 ; rinse aspiration
WAIT S=0.5
DISPENSE MM=0.0 SPEED=30.0 ; rinse dispense
ASPIRATE MM=50.0 SPEED=30.0 ; rinse aspiration
WAIT S=0.5
DISPENSE MM=0.0 SPEED=30.0 ; rinse dispense
WAIT S=2.0
G0 Z40.0 F5000.0
G0 Z40.0 F5000.0
G0 X16.0 Y208.0 F5000.0
G0 Z-17.0  F3000.0
ASPIRATE MM=20.945 SPEED=1.0; Filling the syringe
WAIT S=10.0
DISPENSE MM=10.0 SPEED=15.0 RELATIVE=1; Prevent backlash the syringe
WAIT S=2.0
G0 Z40.0 F5000.0

; Washing sequence
G0 Z40.0 F5000
G0 X218.0 Y16.0 F5000
G0 Z-5.0 F500
G0 X219.0 F2000.0
G0 X218.0 F2000.0
G0 X219.0 F2000.0
G0 X218.0 F2000.0
G0 X219.0 F2000.0
G0 X218.0 F2000.0
G0 X219.0 F2000.0
G0 X218.0 F2000.0
G0 X219.0 F2000.0
G0 X218.0 F2000.0
G0 X219.0 F2000.0
G0 X218.0 F2000.0
G0 X219.0 F2000.0
G0 X218.0 F2000.0
G0 X219.0 F2000.0
G0 X218.0 F2000.0
G0 X219.0 F2000.0
G0 X218.0 F2000.0
G0 X219.0 F2000.0
G0 X218.0 F2000.0
G0 X219.0 F2000.0
G0 X218.0 F2000.0
G0 X219.0 F2000.0
G0 X218.0 F2000.0
G0 X219.0 F2000.0
G0 X218.0 F2000.0
G0 X219.0 F2000.0
G0 X218.0 F2000.0
G0 X219.0 F2000.0
G0 X218.0 F2000.0
G0 X219.0 F2000.0
G0 X218.0 F2000.0
G0 X219.0 F2000.0
G0 X218.0 F2000.0
G0 X219.0 F2000.0
G0 X218.0 F2000.0
G0 X219.0 F2000.0
G0 X218.0 F2000.0
G0 X219.0 F2000.0
G0 X218.0 F2000.0
G0 X219.0 F2000.0
G0 X218.0 F2000.0
G0 X219.0 F2000.0
G0 X218.0 F2000.0
G0 X219.0 F2000.0
G0 X218.0 F2000.0
G0 X219.0 F2000.0
G0 X218.0 F2000.0
G0 X219.0 F2000.0
G0 X218.0 F2000.0
G0 X219.0 F2000.0
G0 X218.0 F2000.0
G0 X219.0 F2000.0
G0 X218.0 F2000.0
G0 X219.0 F2000.0
G0 X218.0 F2000.0
G0 X219.0 F2000.0
G0 X218.0 F2000.0
G0 X219.0 F2000.0
G0 X218.0 F2000.0
G0 X219.0 F2000.0
G0 X218.0 F2000.0
G0 X219.0 F2000.0
G0 X218.0 F2000.0
G0 X219.0 F2000.0
G0 X218.0 F2000.0
G0 X219.0 F2000.0
G0 X218.0 F2000.0
G0 X219.0 F2000.0
G0 X218.0 F2000.0
G0 X219.0 F2000.0
G0 X218.0 F2000.0
G0 X219.0 F2000.0
G0 X218.0 F2000.0
G0 X219.0 F2000.0
G0 X218.0 F2000.0
G0 X219.0 F2000.0
G0 X218.0 F2000.0
G0 X219.0 F2000.0
G0 X218.0 F2000.0
G0 X219.0 F2000.0
G0 X218.0 F2000.0
G0 X219.0 F2000.0
G0 X218.0 F2000.0
G0 X219.0 F2000.0
G0 X218.0 F2000.0
G0 X219.0 F2000.0
G0 X218.0 F2000.0
G0 X219.0 F2000.0
G0 X218.0 F2000.0
G0 X219.0 F2000.0
G0 X218.0 F2000.0
G0 X219.0 F2000.0
G0 X218.0 F2000.0
G0 X219.0 F2000.0
G0 X218.0 F2000.0
G0 X219.0 F2000.0
G0 X218.0 F2000.0
G0 X219.0 F2000.0
G0 X218.0 F2000.0
G0 Z40.0 F5000


; Create cleaning sequence
G0 X87.0 Y69.0 F5000
WAIT S=0.2
DISPENSE MM=0.045 SPEED=500 RELATIVE=1
WAIT S=0.5
G0 Z0.05 F500 ;position for liquid contact
G0 Z1.0 F5000
G0 X90.0 Y69.0 F5000
DISPENSE MM=0.045 SPEED=500 RELATIVE=1
WAIT S=0.5
G0 Z0.05 F500 ;position for liquid contact
G0 Z1.0 F5000
G0 X93.0 Y69.0 F5000
DISPENSE MM=0.045 SPEED=500 RELATIVE=1
WAIT S=0.5
G0 Z0.05 F500 ;position for liquid contact
G0 Z1.0 F5000
G0 X96.0 Y69.0 F5000
DISPENSE MM=0.045 SPEED=500 RELATIVE=1
WAIT S=0.5
G0 Z0.05 F500 ;position for liquid contact
G0 Z1.0 F5000
G0 X99.0 Y69.0 F5000
DISPENSE MM=0.045 SPEED=500 RELATIVE=1
WAIT S=0.5
G0 Z0.05 F500 ;position for liquid contact
G0 Z1.0 F5000
G0 X102.0 Y69.0 F5000
DISPENSE MM=0.045 SPEED=500 RELATIVE=1
WAIT S=0.5
G0 Z0.05 F500 ;position for liquid contact
G0 Z1.0 F5000
G0 X105.0 Y69.0 F5000
DISPENSE MM=0.045 SPEED=500 RELATIVE=1
WAIT S=0.5
G0 Z0.05 F500 ;position for liquid contact
G0 Z1.0 F5000
G0 X108.0 Y69.0 F5000
DISPENSE MM=0.045 SPEED=500 RELATIVE=1
WAIT S=0.5
G0 Z0.05 F500 ;position for liquid contact
G0 Z1.0 F5000
G0 X111.0 Y69.0 F5000
DISPENSE MM=0.045 SPEED=500 RELATIVE=1
WAIT S=0.5
G0 Z0.05 F500 ;position for liquid contact
G0 Z1.0 F5000
G0 X114.0 Y69.0 F5000
DISPENSE MM=0.045 SPEED=500 RELATIVE=1
WAIT S=0.5
G0 Z0.05 F500 ;position for liquid contact
G0 Z1.0 F5000
G0 X87.0 Y71.0 F5000
WAIT S=0.2
DISPENSE MM=0.045 SPEED=500 RELATIVE=1
WAIT S=0.5
G0 Z0.05 F500 ;position for liquid contact
G0 Z1.0 F5000
G0 X90.0 Y71.0 F5000
DISPENSE MM=0.045 SPEED=500 RELATIVE=1
WAIT S=0.5
G0 Z0.05 F500 ;position for liquid contact
G0 Z1.0 F5000
G0 X93.0 Y71.0 F5000
DISPENSE MM=0.045 SPEED=500 RELATIVE=1
WAIT S=0.5
G0 Z0.05 F500 ;position for liquid contact
G0 Z1.0 F5000
G0 X96.0 Y71.0 F5000
DISPENSE MM=0.045 SPEED=500 RELATIVE=1
WAIT S=0.5
G0 Z0.05 F500 ;position for liquid contact
G0 Z1.0 F5000
G0 X99.0 Y71.0 F5000
DISPENSE MM=0.045 SPEED=500 RELATIVE=1
WAIT S=0.5
G0 Z0.05 F500 ;position for liquid contact
G0 Z1.0 F5000
G0 X102.0 Y71.0 F5000
DISPENSE MM=0.045 SPEED=500 RELATIVE=1
WAIT S=0.5
G0 Z0.05 F500 ;position for liquid contact
G0 Z1.0 F5000
G0 X105.0 Y71.0 F5000
DISPENSE MM=0.045 SPEED=500 RELATIVE=1
WAIT S=0.5
G0 Z0.05 F500 ;position for liquid contact
G0 Z1.0 F5000
G0 X108.0 Y71.0 F5000
DISPENSE MM=0.045 SPEED=500 RELATIVE=1
WAIT S=0.5
G0 Z0.05 F500 ;position for liquid contact
G0 Z1.0 F5000
G0 X111.0 Y71.0 F5000
DISPENSE MM=0.045 SPEED=500 RELATIVE=1
WAIT S=0.5
G0 Z0.05 F500 ;position for liquid contact
G0 Z1.0 F5000
G0 X114.0 Y71.0 F5000
DISPENSE MM=0.045 SPEED=500 RELATIVE=1
WAIT S=0.5
G0 Z0.05 F500 ;position for liquid contact
G0 Z1.0 F5000



G0 X82.75 Y79.0 F5000.0
G0 Z1.0 F3000.0
WAIT S=0.2
DISPENSE MM=0.025 SPEED=30.0 RELATIVE=1
WAIT S=0.2
G0 Z0.05 F3000.0 ;position for liquid contact
G0 Z1.0 F5000.0
G0 X84.25 Y79.0 F5000.0
G0 Z1.0 F3000.0
DISPENSE MM=0.025 SPEED=30.0 RELATIVE=1
WAIT S=0.2
G0 Z0.05 F3000.0 ;position for liquid contact
G0 Z1.0 F5000.0
G0 X85.75 Y79.0 F5000.0
G0 Z1.0 F3000.0
DISPENSE MM=0.025 SPEED=30.0 RELATIVE=1
WAIT S=0.2
G0 Z0.05 F3000.0 ;position for liquid contact
G0 Z1.0 F5000.0
G0 X87.25 Y79.0 F5000.0
G0 Z1.0 F3000.0
DISPENSE MM=0.025 SPEED=30.0 RELATIVE=1
WAIT S=0.2
G0 Z0.05 F3000.0 ;position for liquid contact
G0 Z1.0 F5000.0
G0 X88.75 Y79.0 F5000.0
G0 Z1.0 F3000.0
DISPENSE MM=0.025 SPEED=30.0 RELATIVE=1
WAIT S=0.2
G0 Z0.05 F3000.0 ;position for liquid contact
G0 Z1.0 F5000.0
G0 X90.25 Y79.0 F5000.0
G0 Z1.0 F3000.0
DISPENSE MM=0.025 SPEED=30.0 RELATIVE=1
WAIT S=0.2
G0 Z0.05 F3000.0 ;position for liquid contact
G0 Z1.0 F5000.0
G0 X91.75 Y79.0 F5000.0
G0 Z1.0 F3000.0
DISPENSE MM=0.025 SPEED=30.0 RELATIVE=1
WAIT S=0.2
G0 Z0.05 F3000.0 ;position for liquid contact
G0 Z1.0 F5000.0
G0 X93.25 Y79.0 F5000.0
G0 Z1.0 F3000.0
DISPENSE MM=0.025 SPEED=30.0 RELATIVE=1
WAIT S=0.2
G0 Z0.05 F3000.0 ;position for liquid contact
G0 Z1.0 F5000.0
G0 X94.75 Y79.0 F5000.0
G0 Z1.0 F3000.0
DISPENSE MM=0.025 SPEED=30.0 RELATIVE=1
WAIT S=0.2
G0 Z0.05 F3000.0 ;position for liquid contact
G0 Z1.0 F5000.0
G0 X96.25 Y79.0 F5000.0
G0 Z1.0 F3000.0
DISPENSE MM=0.025 SPEED=30.0 RELATIVE=1
WAIT S=0.2
G0 Z0.05 F3000.0 ;position for liquid contact
G0 Z1.0 F5000.0
G0 X97.75 Y79.0 F5000.0
G0 Z1.0 F3000.0
DISPENSE MM=0.025 SPEED=30.0 RELATIVE=1
WAIT S=0.2
G0 Z0.05 F3000.0 ;position for liquid contact
G0 Z1.0 F5000.0
G0 X99.25 Y79.0 F5000.0
G0 Z1.0 F3000.0
DISPENSE MM=0.025 SPEED=30.0 RELATIVE=1
WAIT S=0.2
G0 Z0.05 F3000.0 ;position for liquid contact
G0 Z1.0 F5000.0
G0 X100.75 Y79.0 F5000.0
G0 Z1.0 F3000.0
DISPENSE MM=0.025 SPEED=30.0 RELATIVE=1
WAIT S=0.2
G0 Z0.05 F3000.0 ;position for liquid contact
G0 Z1.0 F5000.0
G0 X102.25 Y79.0 F5000.0
G0 Z1.0 F3000.0
DISPENSE MM=0.025 SPEED=30.0 RELATIVE=1
WAIT S=0.2
G0 Z0.05 F3000.0 ;position for liquid contact
G0 Z1.0 F5000.0
G0 X103.75 Y79.0 F5000.0
G0 Z1.0 F3000.0
DISPENSE MM=0.025 SPEED=30.0 RELATIVE=1
WAIT S=0.2
G0 Z0.05 F3000.0 ;position for liquid contact
G0 Z1.0 F5000.0
G0 X105.25 Y79.0 F5000.0
G0 Z1.0 F3000.0
DISPENSE MM=0.025 SPEED=30.0 RELATIVE=1
WAIT S=0.2
G0 Z0.05 F3000.0 ;position for liquid contact
G0 Z1.0 F5000.0
G0 X106.75 Y79.0 F5000.0
G0 Z1.0 F3000.0
DISPENSE MM=0.025 SPEED=30.0 RELATIVE=1
WAIT S=0.2
G0 Z0.05 F3000.0 ;position for liquid contact
G0 Z1.0 F5000.0
G0 X108.25 Y79.0 F5000.0
G0 Z1.0 F3000.0
DISPENSE MM=0.025 SPEED=30.0 RELATIVE=1
WAIT S=0.2
G0 Z0.05 F3000.0 ;position for liquid contact
G0 Z1.0 F5000.0
G0 X109.75 Y79.0 F5000.0
G0 Z1.0 F3000.0
DISPENSE MM=0.025 SPEED=30.0 RELATIVE=1
WAIT S=0.2
G0 Z0.05 F3000.0 ;position for liquid contact
G0 Z1.0 F5000.0
G0 X111.25 Y79.0 F5000.0
G0 Z1.0 F3000.0
DISPENSE MM=0.025 SPEED=30.0 RELATIVE=1
WAIT S=0.2
G0 Z0.05 F3000.0 ;position for liquid contact
G0 Z1.0 F5000.0
G0 X82.75 Y80.5 F5000.0
G0 Z1.0 F3000.0
WAIT S=0.2
DISPENSE MM=0.025 SPEED=30.0 RELATIVE=1
WAIT S=0.2
G0 Z0.05 F3000.0 ;position for liquid contact
G0 Z1.0 F5000.0
G0 X84.25 Y80.5 F5000.0
G0 Z1.0 F3000.0
DISPENSE MM=0.025 SPEED=30.0 RELATIVE=1
WAIT S=0.2
G0 Z0.05 F3000.0 ;position for liquid contact
G0 Z1.0 F5000.0
G0 X85.75 Y80.5 F5000.0
G0 Z1.0 F3000.0
DISPENSE MM=0.025 SPEED=30.0 RELATIVE=1
WAIT S=0.2
G0 Z0.05 F3000.0 ;position for liquid contact
G0 Z1.0 F5000.0
G0 X87.25 Y80.5 F5000.0
G0 Z1.0 F3000.0
DISPENSE MM=0.025 SPEED=30.0 RELATIVE=1
WAIT S=0.2
G0 Z0.05 F3000.0 ;position for liquid contact
G0 Z1.0 F5000.0
G0 X88.75 Y80.5 F5000.0
G0 Z1.0 F3000.0
DISPENSE MM=0.025 SPEED=30.0 RELATIVE=1
WAIT S=0.2
G0 Z0.05 F3000.0 ;position for liquid contact
G0 Z1.0 F5000.0
G0 X90.25 Y80.5 F5000.0
G0 Z1.0 F3000.0
DISPENSE MM=0.025 SPEED=30.0 RELATIVE=1
WAIT S=0.2
G0 Z0.05 F3000.0 ;position for liquid contact
G0 Z1.0 F5000.0
G0 X91.75 Y80.5 F5000.0
G0 Z1.0 F3000.0
DISPENSE MM=0.025 SPEED=30.0 RELATIVE=1
WAIT S=0.2
G0 Z0.05 F3000.0 ;position for liquid contact
G0 Z1.0 F5000.0
G0 X93.25 Y80.5 F5000.0
G0 Z1.0 F3000.0
DISPENSE MM=0.025 SPEED=30.0 RELATIVE=1
WAIT S=0.2
G0 Z0.05 F3000.0 ;position for liquid contact
G0 Z1.0 F5000.0
G0 X94.75 Y80.5 F5000.0
G0 Z1.0 F3000.0
DISPENSE MM=0.025 SPEED=30.0 RELATIVE=1
WAIT S=0.2
G0 Z0.05 F3000.0 ;position for liquid contact
G0 Z1.0 F5000.0
G0 X96.25 Y80.5 F5000.0
G0 Z1.0 F3000.0
DISPENSE MM=0.025 SPEED=30.0 RELATIVE=1
WAIT S=0.2
G0 Z0.05 F3000.0 ;position for liquid contact
G0 Z1.0 F5000.0
G0 X97.75 Y80.5 F5000.0
G0 Z1.0 F3000.0
DISPENSE MM=0.025 SPEED=30.0 RELATIVE=1
WAIT S=0.2
G0 Z0.05 F3000.0 ;position for liquid contact
G0 Z1.0 F5000.0
G0 X99.25 Y80.5 F5000.0
G0 Z1.0 F3000.0
DISPENSE MM=0.025 SPEED=30.0 RELATIVE=1
WAIT S=0.2
G0 Z0.05 F3000.0 ;position for liquid contact
G0 Z1.0 F5000.0
G0 X100.75 Y80.5 F5000.0
G0 Z1.0 F3000.0
DISPENSE MM=0.025 SPEED=30.0 RELATIVE=1
WAIT S=0.2
G0 Z0.05 F3000.0 ;position for liquid contact
G0 Z1.0 F5000.0
G0 X102.25 Y80.5 F5000.0
G0 Z1.0 F3000.0
DISPENSE MM=0.025 SPEED=30.0 RELATIVE=1
WAIT S=0.2
G0 Z0.05 F3000.0 ;position for liquid contact
G0 Z1.0 F5000.0
G0 X103.75 Y80.5 F5000.0
G0 Z1.0 F3000.0
DISPENSE MM=0.025 SPEED=30.0 RELATIVE=1
WAIT S=0.2
G0 Z0.05 F3000.0 ;position for liquid contact
G0 Z1.0 F5000.0
G0 X105.25 Y80.5 F5000.0
G0 Z1.0 F3000.0
DISPENSE MM=0.025 SPEED=30.0 RELATIVE=1
WAIT S=0.2
G0 Z0.05 F3000.0 ;position for liquid contact
G0 Z1.0 F5000.0
G0 X106.75 Y80.5 F5000.0
G0 Z1.0 F3000.0
DISPENSE MM=0.025 SPEED=30.0 RELATIVE=1
WAIT S=0.2
G0 Z0.05 F3000.0 ;position for liquid contact
G0 Z1.0 F5000.0
G0 X108.25 Y80.5 F5000.0
G0 Z1.0 F3000.0
DISPENSE MM=0.025 SPEED=30.0 RELATIVE=1
WAIT S=0.2
G0 Z0.05 F3000.0 ;position for liquid contact
G0 Z1.0 F5000.0
G0 X109.75 Y80.5 F5000.0
G0 Z1.0 F3000.0
DISPENSE MM=0.025 SPEED=30.0 RELATIVE=1
WAIT S=0.2
G0 Z0.05 F3000.0 ;position for liquid contact
G0 Z1.0 F5000.0
G0 X111.25 Y80.5 F5000.0
G0 Z1.0 F3000.0
DISPENSE MM=0.025 SPEED=30.0 RELATIVE=1
WAIT S=0.2
G0 Z0.05 F3000.0 ;position for liquid contact
G0 Z1.0 F5000.0
G0 X82.75 Y82.0 F5000.0
G0 Z1.0 F3000.0
WAIT S=0.2
DISPENSE MM=0.025 SPEED=30.0 RELATIVE=1
WAIT S=0.2
G0 Z0.05 F3000.0 ;position for liquid contact
G0 Z1.0 F5000.0
G0 X84.25 Y82.0 F5000.0
G0 Z1.0 F3000.0
DISPENSE MM=0.025 SPEED=30.0 RELATIVE=1
WAIT S=0.2
G0 Z0.05 F3000.0 ;position for liquid contact
G0 Z1.0 F5000.0
G0 X85.75 Y82.0 F5000.0
G0 Z1.0 F3000.0
DISPENSE MM=0.025 SPEED=30.0 RELATIVE=1
WAIT S=0.2
G0 Z0.05 F3000.0 ;position for liquid contact
G0 Z1.0 F5000.0
G0 X87.25 Y82.0 F5000.0
G0 Z1.0 F3000.0
DISPENSE MM=0.025 SPEED=30.0 RELATIVE=1
WAIT S=0.2
G0 Z0.05 F3000.0 ;position for liquid contact
G0 Z1.0 F5000.0
G0 X88.75 Y82.0 F5000.0
G0 Z1.0 F3000.0
DISPENSE MM=0.025 SPEED=30.0 RELATIVE=1
WAIT S=0.2
G0 Z0.05 F3000.0 ;position for liquid contact
G0 Z1.0 F5000.0
G0 X90.25 Y82.0 F5000.0
G0 Z1.0 F3000.0
DISPENSE MM=0.025 SPEED=30.0 RELATIVE=1
WAIT S=0.2
G0 Z0.05 F3000.0 ;position for liquid contact
G0 Z1.0 F5000.0
G0 X91.75 Y82.0 F5000.0
G0 Z1.0 F3000.0
DISPENSE MM=0.025 SPEED=30.0 RELATIVE=1
WAIT S=0.2
G0 Z0.05 F3000.0 ;position for liquid contact
G0 Z1.0 F5000.0
G0 X93.25 Y82.0 F5000.0
G0 Z1.0 F3000.0
DISPENSE MM=0.025 SPEED=30.0 RELATIVE=1
WAIT S=0.2
G0 Z0.05 F3000.0 ;position for liquid contact
G0 Z1.0 F5000.0
G0 X94.75 Y82.0 F5000.0
G0 Z1.0 F3000.0
DISPENSE MM=0.025 SPEED=30.0 RELATIVE=1
WAIT S=0.2
G0 Z0.05 F3000.0 ;position for liquid contact
G0 Z1.0 F5000.0
G0 X96.25 Y82.0 F5000.0
G0 Z1.0 F3000.0
DISPENSE MM=0.025 SPEED=30.0 RELATIVE=1
WAIT S=0.2
G0 Z0.05 F3000.0 ;position for liquid contact
G0 Z1.0 F5000.0
G0 X97.75 Y82.0 F5000.0
G0 Z1.0 F3000.0
DISPENSE MM=0.025 SPEED=30.0 RELATIVE=1
WAIT S=0.2
G0 Z0.05 F3000.0 ;position for liquid contact
G0 Z1.0 F5000.0
G0 X99.25 Y82.0 F5000.0
G0 Z1.0 F3000.0
DISPENSE MM=0.025 SPEED=30.0 RELATIVE=1
WAIT S=0.2
G0 Z0.05 F3000.0 ;position for liquid contact
G0 Z1.0 F5000.0
G0 X100.75 Y82.0 F5000.0
G0 Z1.0 F3000.0
DISPENSE MM=0.025 SPEED=30.0 RELATIVE=1
WAIT S=0.2
G0 Z0.05 F3000.0 ;position for liquid contact
G0 Z1.0 F5000.0
G0 X102.25 Y82.0 F5000.0
G0 Z1.0 F3000.0
DISPENSE MM=0.025 SPEED=30.0 RELATIVE=1
WAIT S=0.2
G0 Z0.05 F3000.0 ;position for liquid contact
G0 Z1.0 F5000.0
G0 X103.75 Y82.0 F5000.0
G0 Z1.0 F3000.0
DISPENSE MM=0.025 SPEED=30.0 RELATIVE=1
WAIT S=0.2
G0 Z0.05 F3000.0 ;position for liquid contact
G0 Z1.0 F5000.0
G0 X105.25 Y82.0 F5000.0
G0 Z1.0 F3000.0
DISPENSE MM=0.025 SPEED=30.0 RELATIVE=1
WAIT S=0.2
G0 Z0.05 F3000.0 ;position for liquid contact
G0 Z1.0 F5000.0
G0 X106.75 Y82.0 F5000.0
G0 Z1.0 F3000.0
DISPENSE MM=0.025 SPEED=30.0 RELATIVE=1
WAIT S=0.2
G0 Z0.05 F3000.0 ;position for liquid contact
G0 Z1.0 F5000.0
G0 X108.25 Y82.0 F5000.0
G0 Z1.0 F3000.0
DISPENSE MM=0.025 SPEED=30.0 RELATIVE=1
WAIT S=0.2
G0 Z0.05 F3000.0 ;position for liquid contact
G0 Z1.0 F5000.0
G0 X109.75 Y82.0 F5000.0
G0 Z1.0 F3000.0
DISPENSE MM=0.025 SPEED=30.0 RELATIVE=1
WAIT S=0.2
G0 Z0.05 F3000.0 ;position for liquid contact
G0 Z1.0 F5000.0
G0 X111.25 Y82.0 F5000.0
G0 Z1.0 F3000.0
DISPENSE MM=0.025 SPEED=30.0 RELATIVE=1
WAIT S=0.2
G0 Z0.05 F3000.0 ;position for liquid contact
G0 Z1.0 F5000.0
G0 X82.75 Y83.5 F5000.0
G0 Z1.0 F3000.0
WAIT S=0.2
DISPENSE MM=0.025 SPEED=30.0 RELATIVE=1
WAIT S=0.2
G0 Z0.05 F3000.0 ;position for liquid contact
G0 Z1.0 F5000.0
G0 X84.25 Y83.5 F5000.0
G0 Z1.0 F3000.0
DISPENSE MM=0.025 SPEED=30.0 RELATIVE=1
WAIT S=0.2
G0 Z0.05 F3000.0 ;position for liquid contact
G0 Z1.0 F5000.0
G0 X85.75 Y83.5 F5000.0
G0 Z1.0 F3000.0
DISPENSE MM=0.025 SPEED=30.0 RELATIVE=1
WAIT S=0.2
G0 Z0.05 F3000.0 ;position for liquid contact
G0 Z1.0 F5000.0
G0 X87.25 Y83.5 F5000.0
G0 Z1.0 F3000.0
DISPENSE MM=0.025 SPEED=30.0 RELATIVE=1
WAIT S=0.2
G0 Z0.05 F3000.0 ;position for liquid contact
G0 Z1.0 F5000.0
G0 X88.75 Y83.5 F5000.0
G0 Z1.0 F3000.0
DISPENSE MM=0.025 SPEED=30.0 RELATIVE=1
WAIT S=0.2
G0 Z0.05 F3000.0 ;position for liquid contact
G0 Z1.0 F5000.0
G0 X90.25 Y83.5 F5000.0
G0 Z1.0 F3000.0
DISPENSE MM=0.025 SPEED=30.0 RELATIVE=1
WAIT S=0.2
G0 Z0.05 F3000.0 ;position for liquid contact
G0 Z1.0 F5000.0
G0 X91.75 Y83.5 F5000.0
G0 Z1.0 F3000.0
DISPENSE MM=0.025 SPEED=30.0 RELATIVE=1
WAIT S=0.2
G0 Z0.05 F3000.0 ;position for liquid contact
G0 Z1.0 F5000.0
G0 X93.25 Y83.5 F5000.0
G0 Z1.0 F3000.0
DISPENSE MM=0.025 SPEED=30.0 RELATIVE=1
WAIT S=0.2
G0 Z0.05 F3000.0 ;position for liquid contact
G0 Z1.0 F5000.0
G0 X94.75 Y83.5 F5000.0
G0 Z1.0 F3000.0
DISPENSE MM=0.025 SPEED=30.0 RELATIVE=1
WAIT S=0.2
G0 Z0.05 F3000.0 ;position for liquid contact
G0 Z1.0 F5000.0
G0 X96.25 Y83.5 F5000.0
G0 Z1.0 F3000.0
DISPENSE MM=0.025 SPEED=30.0 RELATIVE=1
WAIT S=0.2
G0 Z0.05 F3000.0 ;position for liquid contact
G0 Z1.0 F5000.0
G0 X97.75 Y83.5 F5000.0
G0 Z1.0 F3000.0
DISPENSE MM=0.025 SPEED=30.0 RELATIVE=1
WAIT S=0.2
G0 Z0.05 F3000.0 ;position for liquid contact
G0 Z1.0 F5000.0
G0 X99.25 Y83.5 F5000.0
G0 Z1.0 F3000.0
DISPENSE MM=0.025 SPEED=30.0 RELATIVE=1
WAIT S=0.2
G0 Z0.05 F3000.0 ;position for liquid contact
G0 Z1.0 F5000.0
G0 X100.75 Y83.5 F5000.0
G0 Z1.0 F3000.0
DISPENSE MM=0.025 SPEED=30.0 RELATIVE=1
WAIT S=0.2
G0 Z0.05 F3000.0 ;position for liquid contact
G0 Z1.0 F5000.0
G0 X102.25 Y83.5 F5000.0
G0 Z1.0 F3000.0
DISPENSE MM=0.025 SPEED=30.0 RELATIVE=1
WAIT S=0.2
G0 Z0.05 F3000.0 ;position for liquid contact
G0 Z1.0 F5000.0
G0 X103.75 Y83.5 F5000.0
G0 Z1.0 F3000.0
DISPENSE MM=0.025 SPEED=30.0 RELATIVE=1
WAIT S=0.2
G0 Z0.05 F3000.0 ;position for liquid contact
G0 Z1.0 F5000.0
G0 X105.25 Y83.5 F5000.0
G0 Z1.0 F3000.0
DISPENSE MM=0.025 SPEED=30.0 RELATIVE=1
WAIT S=0.2
G0 Z0.05 F3000.0 ;position for liquid contact
G0 Z1.0 F5000.0
G0 X106.75 Y83.5 F5000.0
G0 Z1.0 F3000.0
DISPENSE MM=0.025 SPEED=30.0 RELATIVE=1
WAIT S=0.2
G0 Z0.05 F3000.0 ;position for liquid contact
G0 Z1.0 F5000.0
G0 X108.25 Y83.5 F5000.0
G0 Z1.0 F3000.0
DISPENSE MM=0.025 SPEED=30.0 RELATIVE=1
WAIT S=0.2
G0 Z0.05 F3000.0 ;position for liquid contact
G0 Z1.0 F5000.0
G0 X109.75 Y83.5 F5000.0
G0 Z1.0 F3000.0
DISPENSE MM=0.025 SPEED=30.0 RELATIVE=1
WAIT S=0.2
G0 Z0.05 F3000.0 ;position for liquid contact
G0 Z1.0 F5000.0
G0 X111.25 Y83.5 F5000.0
G0 Z1.0 F3000.0
DISPENSE MM=0.025 SPEED=30.0 RELATIVE=1
WAIT S=0.2
G0 Z0.05 F3000.0 ;position for liquid contact
G0 Z1.0 F5000.0
G0 X82.75 Y85.0 F5000.0
G0 Z1.0 F3000.0
WAIT S=0.2
DISPENSE MM=0.025 SPEED=30.0 RELATIVE=1
WAIT S=0.2
G0 Z0.05 F3000.0 ;position for liquid contact
G0 Z1.0 F5000.0
G0 X84.25 Y85.0 F5000.0
G0 Z1.0 F3000.0
DISPENSE MM=0.025 SPEED=30.0 RELATIVE=1
WAIT S=0.2
G0 Z0.05 F3000.0 ;position for liquid contact
G0 Z1.0 F5000.0
G0 X85.75 Y85.0 F5000.0
G0 Z1.0 F3000.0
DISPENSE MM=0.025 SPEED=30.0 RELATIVE=1
WAIT S=0.2
G0 Z0.05 F3000.0 ;position for liquid contact
G0 Z1.0 F5000.0
G0 X87.25 Y85.0 F5000.0
G0 Z1.0 F3000.0
DISPENSE MM=0.025 SPEED=30.0 RELATIVE=1
WAIT S=0.2
G0 Z0.05 F3000.0 ;position for liquid contact
G0 Z1.0 F5000.0
G0 X88.75 Y85.0 F5000.0
G0 Z1.0 F3000.0
DISPENSE MM=0.025 SPEED=30.0 RELATIVE=1
WAIT S=0.2
G0 Z0.05 F3000.0 ;position for liquid contact
G0 Z1.0 F5000.0
G0 X90.25 Y85.0 F5000.0
G0 Z1.0 F3000.0
DISPENSE MM=0.025 SPEED=30.0 RELATIVE=1
WAIT S=0.2
G0 Z0.05 F3000.0 ;position for liquid contact
G0 Z1.0 F5000.0
G0 X91.75 Y85.0 F5000.0
G0 Z1.0 F3000.0
DISPENSE MM=0.025 SPEED=30.0 RELATIVE=1
WAIT S=0.2
G0 Z0.05 F3000.0 ;position for liquid contact
G0 Z1.0 F5000.0
G0 X93.25 Y85.0 F5000.0
G0 Z1.0 F3000.0
DISPENSE MM=0.025 SPEED=30.0 RELATIVE=1
WAIT S=0.2
G0 Z0.05 F3000.0 ;position for liquid contact
G0 Z1.0 F5000.0
G0 X94.75 Y85.0 F5000.0
G0 Z1.0 F3000.0
DISPENSE MM=0.025 SPEED=30.0 RELATIVE=1
WAIT S=0.2
G0 Z0.05 F3000.0 ;position for liquid contact
G0 Z1.0 F5000.0
G0 X96.25 Y85.0 F5000.0
G0 Z1.0 F3000.0
DISPENSE MM=0.025 SPEED=30.0 RELATIVE=1
WAIT S=0.2
G0 Z0.05 F3000.0 ;position for liquid contact
G0 Z1.0 F5000.0
G0 X97.75 Y85.0 F5000.0
G0 Z1.0 F3000.0
DISPENSE MM=0.025 SPEED=30.0 RELATIVE=1
WAIT S=0.2
G0 Z0.05 F3000.0 ;position for liquid contact
G0 Z1.0 F5000.0
G0 X99.25 Y85.0 F5000.0
G0 Z1.0 F3000.0
DISPENSE MM=0.025 SPEED=30.0 RELATIVE=1
WAIT S=0.2
G0 Z0.05 F3000.0 ;position for liquid contact
G0 Z1.0 F5000.0
G0 X100.75 Y85.0 F5000.0
G0 Z1.0 F3000.0
DISPENSE MM=0.025 SPEED=30.0 RELATIVE=1
WAIT S=0.2
G0 Z0.05 F3000.0 ;position for liquid contact
G0 Z1.0 F5000.0
G0 X102.25 Y85.0 F5000.0
G0 Z1.0 F3000.0
DISPENSE MM=0.025 SPEED=30.0 RELATIVE=1
WAIT S=0.2
G0 Z0.05 F3000.0 ;position for liquid contact
G0 Z1.0 F5000.0
G0 X103.75 Y85.0 F5000.0
G0 Z1.0 F3000.0
DISPENSE MM=0.025 SPEED=30.0 RELATIVE=1
WAIT S=0.2
G0 Z0.05 F3000.0 ;position for liquid contact
G0 Z1.0 F5000.0
G0 X105.25 Y85.0 F5000.0
G0 Z1.0 F3000.0
DISPENSE MM=0.025 SPEED=30.0 RELATIVE=1
WAIT S=0.2
G0 Z0.05 F3000.0 ;position for liquid contact
G0 Z1.0 F5000.0
G0 X106.75 Y85.0 F5000.0
G0 Z1.0 F3000.0
DISPENSE MM=0.025 SPEED=30.0 RELATIVE=1
WAIT S=0.2
G0 Z0.05 F3000.0 ;position for liquid contact
G0 Z1.0 F5000.0
G0 X108.25 Y85.0 F5000.0
G0 Z1.0 F3000.0
DISPENSE MM=0.025 SPEED=30.0 RELATIVE=1
WAIT S=0.2
G0 Z0.05 F3000.0 ;position for liquid contact
G0 Z1.0 F5000.0
G0 X109.75 Y85.0 F5000.0
G0 Z1.0 F3000.0
DISPENSE MM=0.025 SPEED=30.0 RELATIVE=1
WAIT S=0.2
G0 Z0.05 F3000.0 ;position for liquid contact
G0 Z1.0 F5000.0
G0 X111.25 Y85.0 F5000.0
G0 Z1.0 F3000.0
DISPENSE MM=0.025 SPEED=30.0 RELATIVE=1
WAIT S=0.2
G0 Z0.05 F3000.0 ;position for liquid contact
G0 Z1.0 F5000.0
G0 X82.75 Y86.5 F5000.0
G0 Z1.0 F3000.0
WAIT S=0.2
DISPENSE MM=0.025 SPEED=30.0 RELATIVE=1
WAIT S=0.2
G0 Z0.05 F3000.0 ;position for liquid contact
G0 Z1.0 F5000.0
G0 X84.25 Y86.5 F5000.0
G0 Z1.0 F3000.0
DISPENSE MM=0.025 SPEED=30.0 RELATIVE=1
WAIT S=0.2
G0 Z0.05 F3000.0 ;position for liquid contact
G0 Z1.0 F5000.0
G0 X85.75 Y86.5 F5000.0
G0 Z1.0 F3000.0
DISPENSE MM=0.025 SPEED=30.0 RELATIVE=1
WAIT S=0.2
G0 Z0.05 F3000.0 ;position for liquid contact
G0 Z1.0 F5000.0
G0 X87.25 Y86.5 F5000.0
G0 Z1.0 F3000.0
DISPENSE MM=0.025 SPEED=30.0 RELATIVE=1
WAIT S=0.2
G0 Z0.05 F3000.0 ;position for liquid contact
G0 Z1.0 F5000.0
G0 X88.75 Y86.5 F5000.0
G0 Z1.0 F3000.0
DISPENSE MM=0.025 SPEED=30.0 RELATIVE=1
WAIT S=0.2
G0 Z0.05 F3000.0 ;position for liquid contact
G0 Z1.0 F5000.0
G0 X90.25 Y86.5 F5000.0
G0 Z1.0 F3000.0
DISPENSE MM=0.025 SPEED=30.0 RELATIVE=1
WAIT S=0.2
G0 Z0.05 F3000.0 ;position for liquid contact
G0 Z1.0 F5000.0
G0 X91.75 Y86.5 F5000.0
G0 Z1.0 F3000.0
DISPENSE MM=0.025 SPEED=30.0 RELATIVE=1
WAIT S=0.2
G0 Z0.05 F3000.0 ;position for liquid contact
G0 Z1.0 F5000.0
G0 X93.25 Y86.5 F5000.0
G0 Z1.0 F3000.0
DISPENSE MM=0.025 SPEED=30.0 RELATIVE=1
WAIT S=0.2
G0 Z0.05 F3000.0 ;position for liquid contact
G0 Z1.0 F5000.0
G0 X94.75 Y86.5 F5000.0
G0 Z1.0 F3000.0
DISPENSE MM=0.025 SPEED=30.0 RELATIVE=1
WAIT S=0.2
G0 Z0.05 F3000.0 ;position for liquid contact
G0 Z1.0 F5000.0
G0 X96.25 Y86.5 F5000.0
G0 Z1.0 F3000.0
DISPENSE MM=0.025 SPEED=30.0 RELATIVE=1
WAIT S=0.2
G0 Z0.05 F3000.0 ;position for liquid contact
G0 Z1.0 F5000.0
G0 X97.75 Y86.5 F5000.0
G0 Z1.0 F3000.0
DISPENSE MM=0.025 SPEED=30.0 RELATIVE=1
WAIT S=0.2
G0 Z0.05 F3000.0 ;position for liquid contact
G0 Z1.0 F5000.0
G0 X99.25 Y86.5 F5000.0
G0 Z1.0 F3000.0
DISPENSE MM=0.025 SPEED=30.0 RELATIVE=1
WAIT S=0.2
G0 Z0.05 F3000.0 ;position for liquid contact
G0 Z1.0 F5000.0
G0 X100.75 Y86.5 F5000.0
G0 Z1.0 F3000.0
DISPENSE MM=0.025 SPEED=30.0 RELATIVE=1
WAIT S=0.2
G0 Z0.05 F3000.0 ;position for liquid contact
G0 Z1.0 F5000.0
G0 X102.25 Y86.5 F5000.0
G0 Z1.0 F3000.0
DISPENSE MM=0.025 SPEED=30.0 RELATIVE=1
WAIT S=0.2
G0 Z0.05 F3000.0 ;position for liquid contact
G0 Z1.0 F5000.0
G0 X103.75 Y86.5 F5000.0
G0 Z1.0 F3000.0
DISPENSE MM=0.025 SPEED=30.0 RELATIVE=1
WAIT S=0.2
G0 Z0.05 F3000.0 ;position for liquid contact
G0 Z1.0 F5000.0
G0 X105.25 Y86.5 F5000.0
G0 Z1.0 F3000.0
DISPENSE MM=0.025 SPEED=30.0 RELATIVE=1
WAIT S=0.2
G0 Z0.05 F3000.0 ;position for liquid contact
G0 Z1.0 F5000.0
G0 X106.75 Y86.5 F5000.0
G0 Z1.0 F3000.0
DISPENSE MM=0.025 SPEED=30.0 RELATIVE=1
WAIT S=0.2
G0 Z0.05 F3000.0 ;position for liquid contact
G0 Z1.0 F5000.0
G0 X108.25 Y86.5 F5000.0
G0 Z1.0 F3000.0
DISPENSE MM=0.025 SPEED=30.0 RELATIVE=1
WAIT S=0.2
G0 Z0.05 F3000.0 ;position for liquid contact
G0 Z1.0 F5000.0
G0 X109.75 Y86.5 F5000.0
G0 Z1.0 F3000.0
DISPENSE MM=0.025 SPEED=30.0 RELATIVE=1
WAIT S=0.2
G0 Z0.05 F3000.0 ;position for liquid contact
G0 Z1.0 F5000.0
G0 X111.25 Y86.5 F5000.0
G0 Z1.0 F3000.0
DISPENSE MM=0.025 SPEED=30.0 RELATIVE=1
WAIT S=0.2
G0 Z0.05 F3000.0 ;position for liquid contact
G0 Z1.0 F5000.0
G0 X82.75 Y88.0 F5000.0
G0 Z1.0 F3000.0
WAIT S=0.2
DISPENSE MM=0.025 SPEED=30.0 RELATIVE=1
WAIT S=0.2
G0 Z0.05 F3000.0 ;position for liquid contact
G0 Z1.0 F5000.0
G0 X84.25 Y88.0 F5000.0
G0 Z1.0 F3000.0
DISPENSE MM=0.025 SPEED=30.0 RELATIVE=1
WAIT S=0.2
G0 Z0.05 F3000.0 ;position for liquid contact
G0 Z1.0 F5000.0
G0 X85.75 Y88.0 F5000.0
G0 Z1.0 F3000.0
DISPENSE MM=0.025 SPEED=30.0 RELATIVE=1
WAIT S=0.2
G0 Z0.05 F3000.0 ;position for liquid contact
G0 Z1.0 F5000.0
G0 X87.25 Y88.0 F5000.0
G0 Z1.0 F3000.0
DISPENSE MM=0.025 SPEED=30.0 RELATIVE=1
WAIT S=0.2
G0 Z0.05 F3000.0 ;position for liquid contact
G0 Z1.0 F5000.0
G0 X88.75 Y88.0 F5000.0
G0 Z1.0 F3000.0
DISPENSE MM=0.025 SPEED=30.0 RELATIVE=1
WAIT S=0.2
G0 Z0.05 F3000.0 ;position for liquid contact
G0 Z1.0 F5000.0
G0 X90.25 Y88.0 F5000.0
G0 Z1.0 F3000.0
DISPENSE MM=0.025 SPEED=30.0 RELATIVE=1
WAIT S=0.2
G0 Z0.05 F3000.0 ;position for liquid contact
G0 Z1.0 F5000.0
G0 X91.75 Y88.0 F5000.0
G0 Z1.0 F3000.0
DISPENSE MM=0.025 SPEED=30.0 RELATIVE=1
WAIT S=0.2
G0 Z0.05 F3000.0 ;position for liquid contact
G0 Z1.0 F5000.0
G0 X93.25 Y88.0 F5000.0
G0 Z1.0 F3000.0
DISPENSE MM=0.025 SPEED=30.0 RELATIVE=1
WAIT S=0.2
G0 Z0.05 F3000.0 ;position for liquid contact
G0 Z1.0 F5000.0
G0 X94.75 Y88.0 F5000.0
G0 Z1.0 F3000.0
DISPENSE MM=0.025 SPEED=30.0 RELATIVE=1
WAIT S=0.2
G0 Z0.05 F3000.0 ;position for liquid contact
G0 Z1.0 F5000.0
G0 X96.25 Y88.0 F5000.0
G0 Z1.0 F3000.0
DISPENSE MM=0.025 SPEED=30.0 RELATIVE=1
WAIT S=0.2
G0 Z0.05 F3000.0 ;position for liquid contact
G0 Z1.0 F5000.0
G0 X97.75 Y88.0 F5000.0
G0 Z1.0 F3000.0
DISPENSE MM=0.025 SPEED=30.0 RELATIVE=1
WAIT S=0.2
G0 Z0.05 F3000.0 ;position for liquid contact
G0 Z1.0 F5000.0
G0 X99.25 Y88.0 F5000.0
G0 Z1.0 F3000.0
DISPENSE MM=0.025 SPEED=30.0 RELATIVE=1
WAIT S=0.2
G0 Z0.05 F3000.0 ;position for liquid contact
G0 Z1.0 F5000.0
G0 X100.75 Y88.0 F5000.0
G0 Z1.0 F3000.0
DISPENSE MM=0.025 SPEED=30.0 RELATIVE=1
WAIT S=0.2
G0 Z0.05 F3000.0 ;position for liquid contact
G0 Z1.0 F5000.0
G0 X102.25 Y88.0 F5000.0
G0 Z1.0 F3000.0
DISPENSE MM=0.025 SPEED=30.0 RELATIVE=1
WAIT S=0.2
G0 Z0.05 F3000.0 ;position for liquid contact
G0 Z1.0 F5000.0
G0 X103.75 Y88.0 F5000.0
G0 Z1.0 F3000.0
DISPENSE MM=0.025 SPEED=30.0 RELATIVE=1
WAIT S=0.2
G0 Z0.05 F3000.0 ;position for liquid contact
G0 Z1.0 F5000.0
G0 X105.25 Y88.0 F5000.0
G0 Z1.0 F3000.0
DISPENSE MM=0.025 SPEED=30.0 RELATIVE=1
WAIT S=0.2
G0 Z0.05 F3000.0 ;position for liquid contact
G0 Z1.0 F5000.0
G0 X106.75 Y88.0 F5000.0
G0 Z1.0 F3000.0
DISPENSE MM=0.025 SPEED=30.0 RELATIVE=1
WAIT S=0.2
G0 Z0.05 F3000.0 ;position for liquid contact
G0 Z1.0 F5000.0
G0 X108.25 Y88.0 F5000.0
G0 Z1.0 F3000.0
DISPENSE MM=0.025 SPEED=30.0 RELATIVE=1
WAIT S=0.2
G0 Z0.05 F3000.0 ;position for liquid contact
G0 Z1.0 F5000.0
G0 X109.75 Y88.0 F5000.0
G0 Z1.0 F3000.0
DISPENSE MM=0.025 SPEED=30.0 RELATIVE=1
WAIT S=0.2
G0 Z0.05 F3000.0 ;position for liquid contact
G0 Z1.0 F5000.0
G0 X111.25 Y88.0 F5000.0
G0 Z1.0 F3000.0
DISPENSE MM=0.025 SPEED=30.0 RELATIVE=1
WAIT S=0.2
G0 Z0.05 F3000.0 ;position for liquid contact
G0 Z1.0 F5000.0
G0 X82.75 Y89.5 F5000.0
G0 Z1.0 F3000.0
WAIT S=0.2
DISPENSE MM=0.025 SPEED=30.0 RELATIVE=1
WAIT S=0.2
G0 Z0.05 F3000.0 ;position for liquid contact
G0 Z1.0 F5000.0
G0 X84.25 Y89.5 F5000.0
G0 Z1.0 F3000.0
DISPENSE MM=0.025 SPEED=30.0 RELATIVE=1
WAIT S=0.2
G0 Z0.05 F3000.0 ;position for liquid contact
G0 Z1.0 F5000.0
G0 X85.75 Y89.5 F5000.0
G0 Z1.0 F3000.0
DISPENSE MM=0.025 SPEED=30.0 RELATIVE=1
WAIT S=0.2
G0 Z0.05 F3000.0 ;position for liquid contact
G0 Z1.0 F5000.0
G0 X87.25 Y89.5 F5000.0
G0 Z1.0 F3000.0
DISPENSE MM=0.025 SPEED=30.0 RELATIVE=1
WAIT S=0.2
G0 Z0.05 F3000.0 ;position for liquid contact
G0 Z1.0 F5000.0
G0 X88.75 Y89.5 F5000.0
G0 Z1.0 F3000.0
DISPENSE MM=0.025 SPEED=30.0 RELATIVE=1
WAIT S=0.2
G0 Z0.05 F3000.0 ;position for liquid contact
G0 Z1.0 F5000.0
G0 X90.25 Y89.5 F5000.0
G0 Z1.0 F3000.0
DISPENSE MM=0.025 SPEED=30.0 RELATIVE=1
WAIT S=0.2
G0 Z0.05 F3000.0 ;position for liquid contact
G0 Z1.0 F5000.0
G0 X91.75 Y89.5 F5000.0
G0 Z1.0 F3000.0
DISPENSE MM=0.025 SPEED=30.0 RELATIVE=1
WAIT S=0.2
G0 Z0.05 F3000.0 ;position for liquid contact
G0 Z1.0 F5000.0
G0 X93.25 Y89.5 F5000.0
G0 Z1.0 F3000.0
DISPENSE MM=0.025 SPEED=30.0 RELATIVE=1
WAIT S=0.2
G0 Z0.05 F3000.0 ;position for liquid contact
G0 Z1.0 F5000.0
G0 X94.75 Y89.5 F5000.0
G0 Z1.0 F3000.0
DISPENSE MM=0.025 SPEED=30.0 RELATIVE=1
WAIT S=0.2
G0 Z0.05 F3000.0 ;position for liquid contact
G0 Z1.0 F5000.0
G0 X96.25 Y89.5 F5000.0
G0 Z1.0 F3000.0
DISPENSE MM=0.025 SPEED=30.0 RELATIVE=1
WAIT S=0.2
G0 Z0.05 F3000.0 ;position for liquid contact
G0 Z1.0 F5000.0
G0 X97.75 Y89.5 F5000.0
G0 Z1.0 F3000.0
DISPENSE MM=0.025 SPEED=30.0 RELATIVE=1
WAIT S=0.2
G0 Z0.05 F3000.0 ;position for liquid contact
G0 Z1.0 F5000.0
G0 X99.25 Y89.5 F5000.0
G0 Z1.0 F3000.0
DISPENSE MM=0.025 SPEED=30.0 RELATIVE=1
WAIT S=0.2
G0 Z0.05 F3000.0 ;position for liquid contact
G0 Z1.0 F5000.0
G0 X100.75 Y89.5 F5000.0
G0 Z1.0 F3000.0
DISPENSE MM=0.025 SPEED=30.0 RELATIVE=1
WAIT S=0.2
G0 Z0.05 F3000.0 ;position for liquid contact
G0 Z1.0 F5000.0
G0 X102.25 Y89.5 F5000.0
G0 Z1.0 F3000.0
DISPENSE MM=0.025 SPEED=30.0 RELATIVE=1
WAIT S=0.2
G0 Z0.05 F3000.0 ;position for liquid contact
G0 Z1.0 F5000.0
G0 X103.75 Y89.5 F5000.0
G0 Z1.0 F3000.0
DISPENSE MM=0.025 SPEED=30.0 RELATIVE=1
WAIT S=0.2
G0 Z0.05 F3000.0 ;position for liquid contact
G0 Z1.0 F5000.0
G0 X105.25 Y89.5 F5000.0
G0 Z1.0 F3000.0
DISPENSE MM=0.025 SPEED=30.0 RELATIVE=1
WAIT S=0.2
G0 Z0.05 F3000.0 ;position for liquid contact
G0 Z1.0 F5000.0
G0 X106.75 Y89.5 F5000.0
G0 Z1.0 F3000.0
DISPENSE MM=0.025 SPEED=30.0 RELATIVE=1
WAIT S=0.2
G0 Z0.05 F3000.0 ;position for liquid contact
G0 Z1.0 F5000.0
G0 X108.25 Y89.5 F5000.0
G0 Z1.0 F3000.0
DISPENSE MM=0.025 SPEED=30.0 RELATIVE=1
WAIT S=0.2
G0 Z0.05 F3000.0 ;position for liquid contact
G0 Z1.0 F5000.0
G0 X109.75 Y89.5 F5000.0
G0 Z1.0 F3000.0
DISPENSE MM=0.025 SPEED=30.0 RELATIVE=1
WAIT S=0.2
G0 Z0.05 F3000.0 ;position for liquid contact
G0 Z1.0 F5000.0
G0 X111.25 Y89.5 F5000.0
G0 Z1.0 F3000.0
DISPENSE MM=0.025 SPEED=30.0 RELATIVE=1
WAIT S=0.2
G0 Z0.05 F3000.0 ;position for liquid contact
G0 Z1.0 F5000.0
G0 X82.75 Y91.0 F5000.0
G0 Z1.0 F3000.0
WAIT S=0.2
DISPENSE MM=0.025 SPEED=30.0 RELATIVE=1
WAIT S=0.2
G0 Z0.05 F3000.0 ;position for liquid contact
G0 Z1.0 F5000.0
G0 X84.25 Y91.0 F5000.0
G0 Z1.0 F3000.0
DISPENSE MM=0.025 SPEED=30.0 RELATIVE=1
WAIT S=0.2
G0 Z0.05 F3000.0 ;position for liquid contact
G0 Z1.0 F5000.0
G0 X85.75 Y91.0 F5000.0
G0 Z1.0 F3000.0
DISPENSE MM=0.025 SPEED=30.0 RELATIVE=1
WAIT S=0.2
G0 Z0.05 F3000.0 ;position for liquid contact
G0 Z1.0 F5000.0
G0 X87.25 Y91.0 F5000.0
G0 Z1.0 F3000.0
DISPENSE MM=0.025 SPEED=30.0 RELATIVE=1
WAIT S=0.2
G0 Z0.05 F3000.0 ;position for liquid contact
G0 Z1.0 F5000.0
G0 X88.75 Y91.0 F5000.0
G0 Z1.0 F3000.0
DISPENSE MM=0.025 SPEED=30.0 RELATIVE=1
WAIT S=0.2
G0 Z0.05 F3000.0 ;position for liquid contact
G0 Z1.0 F5000.0
G0 X90.25 Y91.0 F5000.0
G0 Z1.0 F3000.0
DISPENSE MM=0.025 SPEED=30.0 RELATIVE=1
WAIT S=0.2
G0 Z0.05 F3000.0 ;position for liquid contact
G0 Z1.0 F5000.0
G0 X91.75 Y91.0 F5000.0
G0 Z1.0 F3000.0
DISPENSE MM=0.025 SPEED=30.0 RELATIVE=1
WAIT S=0.2
G0 Z0.05 F3000.0 ;position for liquid contact
G0 Z1.0 F5000.0
G0 X93.25 Y91.0 F5000.0
G0 Z1.0 F3000.0
DISPENSE MM=0.025 SPEED=30.0 RELATIVE=1
WAIT S=0.2
G0 Z0.05 F3000.0 ;position for liquid contact
G0 Z1.0 F5000.0
G0 X94.75 Y91.0 F5000.0
G0 Z1.0 F3000.0
DISPENSE MM=0.025 SPEED=30.0 RELATIVE=1
WAIT S=0.2
G0 Z0.05 F3000.0 ;position for liquid contact
G0 Z1.0 F5000.0
G0 X96.25 Y91.0 F5000.0
G0 Z1.0 F3000.0
DISPENSE MM=0.025 SPEED=30.0 RELATIVE=1
WAIT S=0.2
G0 Z0.05 F3000.0 ;position for liquid contact
G0 Z1.0 F5000.0
G0 X97.75 Y91.0 F5000.0
G0 Z1.0 F3000.0
DISPENSE MM=0.025 SPEED=30.0 RELATIVE=1
WAIT S=0.2
G0 Z0.05 F3000.0 ;position for liquid contact
G0 Z1.0 F5000.0
G0 X99.25 Y91.0 F5000.0
G0 Z1.0 F3000.0
DISPENSE MM=0.025 SPEED=30.0 RELATIVE=1
WAIT S=0.2
G0 Z0.05 F3000.0 ;position for liquid contact
G0 Z1.0 F5000.0
G0 X100.75 Y91.0 F5000.0
G0 Z1.0 F3000.0
DISPENSE MM=0.025 SPEED=30.0 RELATIVE=1
WAIT S=0.2
G0 Z0.05 F3000.0 ;position for liquid contact
G0 Z1.0 F5000.0
G0 X102.25 Y91.0 F5000.0
G0 Z1.0 F3000.0
DISPENSE MM=0.025 SPEED=30.0 RELATIVE=1
WAIT S=0.2
G0 Z0.05 F3000.0 ;position for liquid contact
G0 Z1.0 F5000.0
G0 X103.75 Y91.0 F5000.0
G0 Z1.0 F3000.0
DISPENSE MM=0.025 SPEED=30.0 RELATIVE=1
WAIT S=0.2
G0 Z0.05 F3000.0 ;position for liquid contact
G0 Z1.0 F5000.0
G0 X105.25 Y91.0 F5000.0
G0 Z1.0 F3000.0
DISPENSE MM=0.025 SPEED=30.0 RELATIVE=1
WAIT S=0.2
G0 Z0.05 F3000.0 ;position for liquid contact
G0 Z1.0 F5000.0
G0 X106.75 Y91.0 F5000.0
G0 Z1.0 F3000.0
DISPENSE MM=0.025 SPEED=30.0 RELATIVE=1
WAIT S=0.2
G0 Z0.05 F3000.0 ;position for liquid contact
G0 Z1.0 F5000.0
G0 X108.25 Y91.0 F5000.0
G0 Z1.0 F3000.0
DISPENSE MM=0.025 SPEED=30.0 RELATIVE=1
WAIT S=0.2
G0 Z0.05 F3000.0 ;position for liquid contact
G0 Z1.0 F5000.0
G0 X109.75 Y91.0 F5000.0
G0 Z1.0 F3000.0
DISPENSE MM=0.025 SPEED=30.0 RELATIVE=1
WAIT S=0.2
G0 Z0.05 F3000.0 ;position for liquid contact
G0 Z1.0 F5000.0
G0 X111.25 Y91.0 F5000.0
G0 Z1.0 F3000.0
DISPENSE MM=0.025 SPEED=30.0 RELATIVE=1
WAIT S=0.2
G0 Z0.05 F3000.0 ;position for liquid contact
G0 Z1.0 F5000.0
G0 X82.75 Y92.5 F5000.0
G0 Z1.0 F3000.0
WAIT S=0.2
DISPENSE MM=0.025 SPEED=30.0 RELATIVE=1
WAIT S=0.2
G0 Z0.05 F3000.0 ;position for liquid contact
G0 Z1.0 F5000.0
G0 X84.25 Y92.5 F5000.0
G0 Z1.0 F3000.0
DISPENSE MM=0.025 SPEED=30.0 RELATIVE=1
WAIT S=0.2
G0 Z0.05 F3000.0 ;position for liquid contact
G0 Z1.0 F5000.0
G0 X85.75 Y92.5 F5000.0
G0 Z1.0 F3000.0
DISPENSE MM=0.025 SPEED=30.0 RELATIVE=1
WAIT S=0.2
G0 Z0.05 F3000.0 ;position for liquid contact
G0 Z1.0 F5000.0
G0 X87.25 Y92.5 F5000.0
G0 Z1.0 F3000.0
DISPENSE MM=0.025 SPEED=30.0 RELATIVE=1
WAIT S=0.2
G0 Z0.05 F3000.0 ;position for liquid contact
G0 Z1.0 F5000.0
G0 X88.75 Y92.5 F5000.0
G0 Z1.0 F3000.0
DISPENSE MM=0.025 SPEED=30.0 RELATIVE=1
WAIT S=0.2
G0 Z0.05 F3000.0 ;position for liquid contact
G0 Z1.0 F5000.0
G0 X90.25 Y92.5 F5000.0
G0 Z1.0 F3000.0
DISPENSE MM=0.025 SPEED=30.0 RELATIVE=1
WAIT S=0.2
G0 Z0.05 F3000.0 ;position for liquid contact
G0 Z1.0 F5000.0
G0 X91.75 Y92.5 F5000.0
G0 Z1.0 F3000.0
DISPENSE MM=0.025 SPEED=30.0 RELATIVE=1
WAIT S=0.2
G0 Z0.05 F3000.0 ;position for liquid contact
G0 Z1.0 F5000.0
G0 X93.25 Y92.5 F5000.0
G0 Z1.0 F3000.0
DISPENSE MM=0.025 SPEED=30.0 RELATIVE=1
WAIT S=0.2
G0 Z0.05 F3000.0 ;position for liquid contact
G0 Z1.0 F5000.0
G0 X94.75 Y92.5 F5000.0
G0 Z1.0 F3000.0
DISPENSE MM=0.025 SPEED=30.0 RELATIVE=1
WAIT S=0.2
G0 Z0.05 F3000.0 ;position for liquid contact
G0 Z1.0 F5000.0
G0 X96.25 Y92.5 F5000.0
G0 Z1.0 F3000.0
DISPENSE MM=0.025 SPEED=30.0 RELATIVE=1
WAIT S=0.2
G0 Z0.05 F3000.0 ;position for liquid contact
G0 Z1.0 F5000.0
G0 X97.75 Y92.5 F5000.0
G0 Z1.0 F3000.0
DISPENSE MM=0.025 SPEED=30.0 RELATIVE=1
WAIT S=0.2
G0 Z0.05 F3000.0 ;position for liquid contact
G0 Z1.0 F5000.0
G0 X99.25 Y92.5 F5000.0
G0 Z1.0 F3000.0
DISPENSE MM=0.025 SPEED=30.0 RELATIVE=1
WAIT S=0.2
G0 Z0.05 F3000.0 ;position for liquid contact
G0 Z1.0 F5000.0
G0 X100.75 Y92.5 F5000.0
G0 Z1.0 F3000.0
DISPENSE MM=0.025 SPEED=30.0 RELATIVE=1
WAIT S=0.2
G0 Z0.05 F3000.0 ;position for liquid contact
G0 Z1.0 F5000.0
G0 X102.25 Y92.5 F5000.0
G0 Z1.0 F3000.0
DISPENSE MM=0.025 SPEED=30.0 RELATIVE=1
WAIT S=0.2
G0 Z0.05 F3000.0 ;position for liquid contact
G0 Z1.0 F5000.0
G0 X103.75 Y92.5 F5000.0
G0 Z1.0 F3000.0
DISPENSE MM=0.025 SPEED=30.0 RELATIVE=1
WAIT S=0.2
G0 Z0.05 F3000.0 ;position for liquid contact
G0 Z1.0 F5000.0
G0 X105.25 Y92.5 F5000.0
G0 Z1.0 F3000.0
DISPENSE MM=0.025 SPEED=30.0 RELATIVE=1
WAIT S=0.2
G0 Z0.05 F3000.0 ;position for liquid contact
G0 Z1.0 F5000.0
G0 X106.75 Y92.5 F5000.0
G0 Z1.0 F3000.0
DISPENSE MM=0.025 SPEED=30.0 RELATIVE=1
WAIT S=0.2
G0 Z0.05 F3000.0 ;position for liquid contact
G0 Z1.0 F5000.0
G0 X108.25 Y92.5 F5000.0
G0 Z1.0 F3000.0
DISPENSE MM=0.025 SPEED=30.0 RELATIVE=1
WAIT S=0.2
G0 Z0.05 F3000.0 ;position for liquid contact
G0 Z1.0 F5000.0
G0 X109.75 Y92.5 F5000.0
G0 Z1.0 F3000.0
DISPENSE MM=0.025 SPEED=30.0 RELATIVE=1
WAIT S=0.2
G0 Z0.05 F3000.0 ;position for liquid contact
G0 Z1.0 F5000.0
G0 X111.25 Y92.5 F5000.0
G0 Z1.0 F3000.0
DISPENSE MM=0.025 SPEED=30.0 RELATIVE=1
WAIT S=0.2
G0 Z0.05 F3000.0 ;position for liquid contact
G0 Z1.0 F5000.0
G0 X82.75 Y94.0 F5000.0
G0 Z1.0 F3000.0
WAIT S=0.2
DISPENSE MM=0.025 SPEED=30.0 RELATIVE=1
WAIT S=0.2
G0 Z0.05 F3000.0 ;position for liquid contact
G0 Z1.0 F5000.0
G0 X84.25 Y94.0 F5000.0
G0 Z1.0 F3000.0
DISPENSE MM=0.025 SPEED=30.0 RELATIVE=1
WAIT S=0.2
G0 Z0.05 F3000.0 ;position for liquid contact
G0 Z1.0 F5000.0
G0 X85.75 Y94.0 F5000.0
G0 Z1.0 F3000.0
DISPENSE MM=0.025 SPEED=30.0 RELATIVE=1
WAIT S=0.2
G0 Z0.05 F3000.0 ;position for liquid contact
G0 Z1.0 F5000.0
G0 X87.25 Y94.0 F5000.0
G0 Z1.0 F3000.0
DISPENSE MM=0.025 SPEED=30.0 RELATIVE=1
WAIT S=0.2
G0 Z0.05 F3000.0 ;position for liquid contact
G0 Z1.0 F5000.0
G0 X88.75 Y94.0 F5000.0
G0 Z1.0 F3000.0
DISPENSE MM=0.025 SPEED=30.0 RELATIVE=1
WAIT S=0.2
G0 Z0.05 F3000.0 ;position for liquid contact
G0 Z1.0 F5000.0
G0 X90.25 Y94.0 F5000.0
G0 Z1.0 F3000.0
DISPENSE MM=0.025 SPEED=30.0 RELATIVE=1
WAIT S=0.2
G0 Z0.05 F3000.0 ;position for liquid contact
G0 Z1.0 F5000.0
G0 X91.75 Y94.0 F5000.0
G0 Z1.0 F3000.0
DISPENSE MM=0.025 SPEED=30.0 RELATIVE=1
WAIT S=0.2
G0 Z0.05 F3000.0 ;position for liquid contact
G0 Z1.0 F5000.0
G0 X93.25 Y94.0 F5000.0
G0 Z1.0 F3000.0
DISPENSE MM=0.025 SPEED=30.0 RELATIVE=1
WAIT S=0.2
G0 Z0.05 F3000.0 ;position for liquid contact
G0 Z1.0 F5000.0
G0 X94.75 Y94.0 F5000.0
G0 Z1.0 F3000.0
DISPENSE MM=0.025 SPEED=30.0 RELATIVE=1
WAIT S=0.2
G0 Z0.05 F3000.0 ;position for liquid contact
G0 Z1.0 F5000.0
G0 X96.25 Y94.0 F5000.0
G0 Z1.0 F3000.0
DISPENSE MM=0.025 SPEED=30.0 RELATIVE=1
WAIT S=0.2
G0 Z0.05 F3000.0 ;position for liquid contact
G0 Z1.0 F5000.0
G0 X97.75 Y94.0 F5000.0
G0 Z1.0 F3000.0
DISPENSE MM=0.025 SPEED=30.0 RELATIVE=1
WAIT S=0.2
G0 Z0.05 F3000.0 ;position for liquid contact
G0 Z1.0 F5000.0
G0 X99.25 Y94.0 F5000.0
G0 Z1.0 F3000.0
DISPENSE MM=0.025 SPEED=30.0 RELATIVE=1
WAIT S=0.2
G0 Z0.05 F3000.0 ;position for liquid contact
G0 Z1.0 F5000.0
G0 X100.75 Y94.0 F5000.0
G0 Z1.0 F3000.0
DISPENSE MM=0.025 SPEED=30.0 RELATIVE=1
WAIT S=0.2
G0 Z0.05 F3000.0 ;position for liquid contact
G0 Z1.0 F5000.0
G0 X102.25 Y94.0 F5000.0
G0 Z1.0 F3000.0
DISPENSE MM=0.025 SPEED=30.0 RELATIVE=1
WAIT S=0.2
G0 Z0.05 F3000.0 ;position for liquid contact
G0 Z1.0 F5000.0
G0 X103.75 Y94.0 F5000.0
G0 Z1.0 F3000.0
DISPENSE MM=0.025 SPEED=30.0 RELATIVE=1
WAIT S=0.2
G0 Z0.05 F3000.0 ;position for liquid contact
G0 Z1.0 F5000.0
G0 X105.25 Y94.0 F5000.0
G0 Z1.0 F3000.0
DISPENSE MM=0.025 SPEED=30.0 RELATIVE=1
WAIT S=0.2
G0 Z0.05 F3000.0 ;position for liquid contact
G0 Z1.0 F5000.0
G0 X106.75 Y94.0 F5000.0
G0 Z1.0 F3000.0
DISPENSE MM=0.025 SPEED=30.0 RELATIVE=1
WAIT S=0.2
G0 Z0.05 F3000.0 ;position for liquid contact
G0 Z1.0 F5000.0
G0 X108.25 Y94.0 F5000.0
G0 Z1.0 F3000.0
DISPENSE MM=0.025 SPEED=30.0 RELATIVE=1
WAIT S=0.2
G0 Z0.05 F3000.0 ;position for liquid contact
G0 Z1.0 F5000.0
G0 X109.75 Y94.0 F5000.0
G0 Z1.0 F3000.0
DISPENSE MM=0.025 SPEED=30.0 RELATIVE=1
WAIT S=0.2
G0 Z0.05 F3000.0 ;position for liquid contact
G0 Z1.0 F5000.0
G0 X111.25 Y94.0 F5000.0
G0 Z1.0 F3000.0
DISPENSE MM=0.025 SPEED=30.0 RELATIVE=1
WAIT S=0.2
G0 Z0.05 F3000.0 ;position for liquid contact
G0 Z1.0 F5000.0
G0 X82.75 Y95.5 F5000.0
G0 Z1.0 F3000.0
WAIT S=0.2
DISPENSE MM=0.025 SPEED=30.0 RELATIVE=1
WAIT S=0.2
G0 Z0.05 F3000.0 ;position for liquid contact
G0 Z1.0 F5000.0
G0 X84.25 Y95.5 F5000.0
G0 Z1.0 F3000.0
DISPENSE MM=0.025 SPEED=30.0 RELATIVE=1
WAIT S=0.2
G0 Z0.05 F3000.0 ;position for liquid contact
G0 Z1.0 F5000.0
G0 X85.75 Y95.5 F5000.0
G0 Z1.0 F3000.0
DISPENSE MM=0.025 SPEED=30.0 RELATIVE=1
WAIT S=0.2
G0 Z0.05 F3000.0 ;position for liquid contact
G0 Z1.0 F5000.0
G0 X87.25 Y95.5 F5000.0
G0 Z1.0 F3000.0
DISPENSE MM=0.025 SPEED=30.0 RELATIVE=1
WAIT S=0.2
G0 Z0.05 F3000.0 ;position for liquid contact
G0 Z1.0 F5000.0
G0 X88.75 Y95.5 F5000.0
G0 Z1.0 F3000.0
DISPENSE MM=0.025 SPEED=30.0 RELATIVE=1
WAIT S=0.2
G0 Z0.05 F3000.0 ;position for liquid contact
G0 Z1.0 F5000.0
G0 X90.25 Y95.5 F5000.0
G0 Z1.0 F3000.0
DISPENSE MM=0.025 SPEED=30.0 RELATIVE=1
WAIT S=0.2
G0 Z0.05 F3000.0 ;position for liquid contact
G0 Z1.0 F5000.0
G0 X91.75 Y95.5 F5000.0
G0 Z1.0 F3000.0
DISPENSE MM=0.025 SPEED=30.0 RELATIVE=1
WAIT S=0.2
G0 Z0.05 F3000.0 ;position for liquid contact
G0 Z1.0 F5000.0
G0 X93.25 Y95.5 F5000.0
G0 Z1.0 F3000.0
DISPENSE MM=0.025 SPEED=30.0 RELATIVE=1
WAIT S=0.2
G0 Z0.05 F3000.0 ;position for liquid contact
G0 Z1.0 F5000.0
G0 X94.75 Y95.5 F5000.0
G0 Z1.0 F3000.0
DISPENSE MM=0.025 SPEED=30.0 RELATIVE=1
WAIT S=0.2
G0 Z0.05 F3000.0 ;position for liquid contact
G0 Z1.0 F5000.0
G0 X96.25 Y95.5 F5000.0
G0 Z1.0 F3000.0
DISPENSE MM=0.025 SPEED=30.0 RELATIVE=1
WAIT S=0.2
G0 Z0.05 F3000.0 ;position for liquid contact
G0 Z1.0 F5000.0
G0 X97.75 Y95.5 F5000.0
G0 Z1.0 F3000.0
DISPENSE MM=0.025 SPEED=30.0 RELATIVE=1
WAIT S=0.2
G0 Z0.05 F3000.0 ;position for liquid contact
G0 Z1.0 F5000.0
G0 X99.25 Y95.5 F5000.0
G0 Z1.0 F3000.0
DISPENSE MM=0.025 SPEED=30.0 RELATIVE=1
WAIT S=0.2
G0 Z0.05 F3000.0 ;position for liquid contact
G0 Z1.0 F5000.0
G0 X100.75 Y95.5 F5000.0
G0 Z1.0 F3000.0
DISPENSE MM=0.025 SPEED=30.0 RELATIVE=1
WAIT S=0.2
G0 Z0.05 F3000.0 ;position for liquid contact
G0 Z1.0 F5000.0
G0 X102.25 Y95.5 F5000.0
G0 Z1.0 F3000.0
DISPENSE MM=0.025 SPEED=30.0 RELATIVE=1
WAIT S=0.2
G0 Z0.05 F3000.0 ;position for liquid contact
G0 Z1.0 F5000.0
G0 X103.75 Y95.5 F5000.0
G0 Z1.0 F3000.0
DISPENSE MM=0.025 SPEED=30.0 RELATIVE=1
WAIT S=0.2
G0 Z0.05 F3000.0 ;position for liquid contact
G0 Z1.0 F5000.0
G0 X105.25 Y95.5 F5000.0
G0 Z1.0 F3000.0
DISPENSE MM=0.025 SPEED=30.0 RELATIVE=1
WAIT S=0.2
G0 Z0.05 F3000.0 ;position for liquid contact
G0 Z1.0 F5000.0
G0 X106.75 Y95.5 F5000.0
G0 Z1.0 F3000.0
DISPENSE MM=0.025 SPEED=30.0 RELATIVE=1
WAIT S=0.2
G0 Z0.05 F3000.0 ;position for liquid contact
G0 Z1.0 F5000.0
G0 X108.25 Y95.5 F5000.0
G0 Z1.0 F3000.0
DISPENSE MM=0.025 SPEED=30.0 RELATIVE=1
WAIT S=0.2
G0 Z0.05 F3000.0 ;position for liquid contact
G0 Z1.0 F5000.0
G0 X109.75 Y95.5 F5000.0
G0 Z1.0 F3000.0
DISPENSE MM=0.025 SPEED=30.0 RELATIVE=1
WAIT S=0.2
G0 Z0.05 F3000.0 ;position for liquid contact
G0 Z1.0 F5000.0
G0 X111.25 Y95.5 F5000.0
G0 Z1.0 F3000.0
DISPENSE MM=0.025 SPEED=30.0 RELATIVE=1
WAIT S=0.2
G0 Z0.05 F3000.0 ;position for liquid contact
G0 Z1.0 F5000.0
G0 X82.75 Y97.0 F5000.0
G0 Z1.0 F3000.0
WAIT S=0.2
DISPENSE MM=0.025 SPEED=30.0 RELATIVE=1
WAIT S=0.2
G0 Z0.05 F3000.0 ;position for liquid contact
G0 Z1.0 F5000.0
G0 X84.25 Y97.0 F5000.0
G0 Z1.0 F3000.0
DISPENSE MM=0.025 SPEED=30.0 RELATIVE=1
WAIT S=0.2
G0 Z0.05 F3000.0 ;position for liquid contact
G0 Z1.0 F5000.0
G0 X85.75 Y97.0 F5000.0
G0 Z1.0 F3000.0
DISPENSE MM=0.025 SPEED=30.0 RELATIVE=1
WAIT S=0.2
G0 Z0.05 F3000.0 ;position for liquid contact
G0 Z1.0 F5000.0
G0 X87.25 Y97.0 F5000.0
G0 Z1.0 F3000.0
DISPENSE MM=0.025 SPEED=30.0 RELATIVE=1
WAIT S=0.2
G0 Z0.05 F3000.0 ;position for liquid contact
G0 Z1.0 F5000.0
G0 X88.75 Y97.0 F5000.0
G0 Z1.0 F3000.0
DISPENSE MM=0.025 SPEED=30.0 RELATIVE=1
WAIT S=0.2
G0 Z0.05 F3000.0 ;position for liquid contact
G0 Z1.0 F5000.0
G0 X90.25 Y97.0 F5000.0
G0 Z1.0 F3000.0
DISPENSE MM=0.025 SPEED=30.0 RELATIVE=1
WAIT S=0.2
G0 Z0.05 F3000.0 ;position for liquid contact
G0 Z1.0 F5000.0
G0 X91.75 Y97.0 F5000.0
G0 Z1.0 F3000.0
DISPENSE MM=0.025 SPEED=30.0 RELATIVE=1
WAIT S=0.2
G0 Z0.05 F3000.0 ;position for liquid contact
G0 Z1.0 F5000.0
G0 X93.25 Y97.0 F5000.0
G0 Z1.0 F3000.0
DISPENSE MM=0.025 SPEED=30.0 RELATIVE=1
WAIT S=0.2
G0 Z0.05 F3000.0 ;position for liquid contact
G0 Z1.0 F5000.0
G0 X94.75 Y97.0 F5000.0
G0 Z1.0 F3000.0
DISPENSE MM=0.025 SPEED=30.0 RELATIVE=1
WAIT S=0.2
G0 Z0.05 F3000.0 ;position for liquid contact
G0 Z1.0 F5000.0
G0 X96.25 Y97.0 F5000.0
G0 Z1.0 F3000.0
DISPENSE MM=0.025 SPEED=30.0 RELATIVE=1
WAIT S=0.2
G0 Z0.05 F3000.0 ;position for liquid contact
G0 Z1.0 F5000.0
G0 X97.75 Y97.0 F5000.0
G0 Z1.0 F3000.0
DISPENSE MM=0.025 SPEED=30.0 RELATIVE=1
WAIT S=0.2
G0 Z0.05 F3000.0 ;position for liquid contact
G0 Z1.0 F5000.0
G0 X99.25 Y97.0 F5000.0
G0 Z1.0 F3000.0
DISPENSE MM=0.025 SPEED=30.0 RELATIVE=1
WAIT S=0.2
G0 Z0.05 F3000.0 ;position for liquid contact
G0 Z1.0 F5000.0
G0 X100.75 Y97.0 F5000.0
G0 Z1.0 F3000.0
DISPENSE MM=0.025 SPEED=30.0 RELATIVE=1
WAIT S=0.2
G0 Z0.05 F3000.0 ;position for liquid contact
G0 Z1.0 F5000.0
G0 X102.25 Y97.0 F5000.0
G0 Z1.0 F3000.0
DISPENSE MM=0.025 SPEED=30.0 RELATIVE=1
WAIT S=0.2
G0 Z0.05 F3000.0 ;position for liquid contact
G0 Z1.0 F5000.0
G0 X103.75 Y97.0 F5000.0
G0 Z1.0 F3000.0
DISPENSE MM=0.025 SPEED=30.0 RELATIVE=1
WAIT S=0.2
G0 Z0.05 F3000.0 ;position for liquid contact
G0 Z1.0 F5000.0
G0 X105.25 Y97.0 F5000.0
G0 Z1.0 F3000.0
DISPENSE MM=0.025 SPEED=30.0 RELATIVE=1
WAIT S=0.2
G0 Z0.05 F3000.0 ;position for liquid contact
G0 Z1.0 F5000.0
G0 X106.75 Y97.0 F5000.0
G0 Z1.0 F3000.0
DISPENSE MM=0.025 SPEED=30.0 RELATIVE=1
WAIT S=0.2
G0 Z0.05 F3000.0 ;position for liquid contact
G0 Z1.0 F5000.0
G0 X108.25 Y97.0 F5000.0
G0 Z1.0 F3000.0
DISPENSE MM=0.025 SPEED=30.0 RELATIVE=1
WAIT S=0.2
G0 Z0.05 F3000.0 ;position for liquid contact
G0 Z1.0 F5000.0
G0 X109.75 Y97.0 F5000.0
G0 Z1.0 F3000.0
DISPENSE MM=0.025 SPEED=30.0 RELATIVE=1
WAIT S=0.2
G0 Z0.05 F3000.0 ;position for liquid contact
G0 Z1.0 F5000.0
G0 X111.25 Y97.0 F5000.0
G0 Z1.0 F3000.0
DISPENSE MM=0.025 SPEED=30.0 RELATIVE=1
WAIT S=0.2
G0 Z0.05 F3000.0 ;position for liquid contact
G0 Z1.0 F5000.0
G0 X82.75 Y98.5 F5000.0
G0 Z1.0 F3000.0
WAIT S=0.2
DISPENSE MM=0.025 SPEED=30.0 RELATIVE=1
WAIT S=0.2
G0 Z0.05 F3000.0 ;position for liquid contact
G0 Z1.0 F5000.0
G0 X84.25 Y98.5 F5000.0
G0 Z1.0 F3000.0
DISPENSE MM=0.025 SPEED=30.0 RELATIVE=1
WAIT S=0.2
G0 Z0.05 F3000.0 ;position for liquid contact
G0 Z1.0 F5000.0
G0 X85.75 Y98.5 F5000.0
G0 Z1.0 F3000.0
DISPENSE MM=0.025 SPEED=30.0 RELATIVE=1
WAIT S=0.2
G0 Z0.05 F3000.0 ;position for liquid contact
G0 Z1.0 F5000.0
G0 X87.25 Y98.5 F5000.0
G0 Z1.0 F3000.0
DISPENSE MM=0.025 SPEED=30.0 RELATIVE=1
WAIT S=0.2
G0 Z0.05 F3000.0 ;position for liquid contact
G0 Z1.0 F5000.0
G0 X88.75 Y98.5 F5000.0
G0 Z1.0 F3000.0
DISPENSE MM=0.025 SPEED=30.0 RELATIVE=1
WAIT S=0.2
G0 Z0.05 F3000.0 ;position for liquid contact
G0 Z1.0 F5000.0
G0 X90.25 Y98.5 F5000.0
G0 Z1.0 F3000.0
DISPENSE MM=0.025 SPEED=30.0 RELATIVE=1
WAIT S=0.2
G0 Z0.05 F3000.0 ;position for liquid contact
G0 Z1.0 F5000.0
G0 X91.75 Y98.5 F5000.0
G0 Z1.0 F3000.0
DISPENSE MM=0.025 SPEED=30.0 RELATIVE=1
WAIT S=0.2
G0 Z0.05 F3000.0 ;position for liquid contact
G0 Z1.0 F5000.0
G0 X93.25 Y98.5 F5000.0
G0 Z1.0 F3000.0
DISPENSE MM=0.025 SPEED=30.0 RELATIVE=1
WAIT S=0.2
G0 Z0.05 F3000.0 ;position for liquid contact
G0 Z1.0 F5000.0
G0 X94.75 Y98.5 F5000.0
G0 Z1.0 F3000.0
DISPENSE MM=0.025 SPEED=30.0 RELATIVE=1
WAIT S=0.2
G0 Z0.05 F3000.0 ;position for liquid contact
G0 Z1.0 F5000.0
G0 X96.25 Y98.5 F5000.0
G0 Z1.0 F3000.0
DISPENSE MM=0.025 SPEED=30.0 RELATIVE=1
WAIT S=0.2
G0 Z0.05 F3000.0 ;position for liquid contact
G0 Z1.0 F5000.0
G0 X97.75 Y98.5 F5000.0
G0 Z1.0 F3000.0
DISPENSE MM=0.025 SPEED=30.0 RELATIVE=1
WAIT S=0.2
G0 Z0.05 F3000.0 ;position for liquid contact
G0 Z1.0 F5000.0
G0 X99.25 Y98.5 F5000.0
G0 Z1.0 F3000.0
DISPENSE MM=0.025 SPEED=30.0 RELATIVE=1
WAIT S=0.2
G0 Z0.05 F3000.0 ;position for liquid contact
G0 Z1.0 F5000.0
G0 X100.75 Y98.5 F5000.0
G0 Z1.0 F3000.0
DISPENSE MM=0.025 SPEED=30.0 RELATIVE=1
WAIT S=0.2
G0 Z0.05 F3000.0 ;position for liquid contact
G0 Z1.0 F5000.0
G0 X102.25 Y98.5 F5000.0
G0 Z1.0 F3000.0
DISPENSE MM=0.025 SPEED=30.0 RELATIVE=1
WAIT S=0.2
G0 Z0.05 F3000.0 ;position for liquid contact
G0 Z1.0 F5000.0
G0 X103.75 Y98.5 F5000.0
G0 Z1.0 F3000.0
DISPENSE MM=0.025 SPEED=30.0 RELATIVE=1
WAIT S=0.2
G0 Z0.05 F3000.0 ;position for liquid contact
G0 Z1.0 F5000.0
G0 X105.25 Y98.5 F5000.0
G0 Z1.0 F3000.0
DISPENSE MM=0.025 SPEED=30.0 RELATIVE=1
WAIT S=0.2
G0 Z0.05 F3000.0 ;position for liquid contact
G0 Z1.0 F5000.0
G0 X106.75 Y98.5 F5000.0
G0 Z1.0 F3000.0
DISPENSE MM=0.025 SPEED=30.0 RELATIVE=1
WAIT S=0.2
G0 Z0.05 F3000.0 ;position for liquid contact
G0 Z1.0 F5000.0
G0 X108.25 Y98.5 F5000.0
G0 Z1.0 F3000.0
DISPENSE MM=0.025 SPEED=30.0 RELATIVE=1
WAIT S=0.2
G0 Z0.05 F3000.0 ;position for liquid contact
G0 Z1.0 F5000.0
G0 X109.75 Y98.5 F5000.0
G0 Z1.0 F3000.0
DISPENSE MM=0.025 SPEED=30.0 RELATIVE=1
WAIT S=0.2
G0 Z0.05 F3000.0 ;position for liquid contact
G0 Z1.0 F5000.0
G0 X111.25 Y98.5 F5000.0
G0 Z1.0 F3000.0
DISPENSE MM=0.025 SPEED=30.0 RELATIVE=1
WAIT S=0.2
G0 Z0.05 F3000.0 ;position for liquid contact
G0 Z1.0 F5000.0
G0 X82.75 Y100.0 F5000.0
G0 Z1.0 F3000.0
WAIT S=0.2
DISPENSE MM=0.025 SPEED=30.0 RELATIVE=1
WAIT S=0.2
G0 Z0.05 F3000.0 ;position for liquid contact
G0 Z1.0 F5000.0
G0 X84.25 Y100.0 F5000.0
G0 Z1.0 F3000.0
DISPENSE MM=0.025 SPEED=30.0 RELATIVE=1
WAIT S=0.2
G0 Z0.05 F3000.0 ;position for liquid contact
G0 Z1.0 F5000.0
G0 X85.75 Y100.0 F5000.0
G0 Z1.0 F3000.0
DISPENSE MM=0.025 SPEED=30.0 RELATIVE=1
WAIT S=0.2
G0 Z0.05 F3000.0 ;position for liquid contact
G0 Z1.0 F5000.0
G0 X87.25 Y100.0 F5000.0
G0 Z1.0 F3000.0
DISPENSE MM=0.025 SPEED=30.0 RELATIVE=1
WAIT S=0.2
G0 Z0.05 F3000.0 ;position for liquid contact
G0 Z1.0 F5000.0
G0 X88.75 Y100.0 F5000.0
G0 Z1.0 F3000.0
DISPENSE MM=0.025 SPEED=30.0 RELATIVE=1
WAIT S=0.2
G0 Z0.05 F3000.0 ;position for liquid contact
G0 Z1.0 F5000.0
G0 X90.25 Y100.0 F5000.0
G0 Z1.0 F3000.0
DISPENSE MM=0.025 SPEED=30.0 RELATIVE=1
WAIT S=0.2
G0 Z0.05 F3000.0 ;position for liquid contact
G0 Z1.0 F5000.0
G0 X91.75 Y100.0 F5000.0
G0 Z1.0 F3000.0
DISPENSE MM=0.025 SPEED=30.0 RELATIVE=1
WAIT S=0.2
G0 Z0.05 F3000.0 ;position for liquid contact
G0 Z1.0 F5000.0
G0 X93.25 Y100.0 F5000.0
G0 Z1.0 F3000.0
DISPENSE MM=0.025 SPEED=30.0 RELATIVE=1
WAIT S=0.2
G0 Z0.05 F3000.0 ;position for liquid contact
G0 Z1.0 F5000.0
G0 X94.75 Y100.0 F5000.0
G0 Z1.0 F3000.0
DISPENSE MM=0.025 SPEED=30.0 RELATIVE=1
WAIT S=0.2
G0 Z0.05 F3000.0 ;position for liquid contact
G0 Z1.0 F5000.0
G0 X96.25 Y100.0 F5000.0
G0 Z1.0 F3000.0
DISPENSE MM=0.025 SPEED=30.0 RELATIVE=1
WAIT S=0.2
G0 Z0.05 F3000.0 ;position for liquid contact
G0 Z1.0 F5000.0
G0 X97.75 Y100.0 F5000.0
G0 Z1.0 F3000.0
DISPENSE MM=0.025 SPEED=30.0 RELATIVE=1
WAIT S=0.2
G0 Z0.05 F3000.0 ;position for liquid contact
G0 Z1.0 F5000.0
G0 X99.25 Y100.0 F5000.0
G0 Z1.0 F3000.0
DISPENSE MM=0.025 SPEED=30.0 RELATIVE=1
WAIT S=0.2
G0 Z0.05 F3000.0 ;position for liquid contact
G0 Z1.0 F5000.0
G0 X100.75 Y100.0 F5000.0
G0 Z1.0 F3000.0
DISPENSE MM=0.025 SPEED=30.0 RELATIVE=1
WAIT S=0.2
G0 Z0.05 F3000.0 ;position for liquid contact
G0 Z1.0 F5000.0
G0 X102.25 Y100.0 F5000.0
G0 Z1.0 F3000.0
DISPENSE MM=0.025 SPEED=30.0 RELATIVE=1
WAIT S=0.2
G0 Z0.05 F3000.0 ;position for liquid contact
G0 Z1.0 F5000.0
G0 X103.75 Y100.0 F5000.0
G0 Z1.0 F3000.0
DISPENSE MM=0.025 SPEED=30.0 RELATIVE=1
WAIT S=0.2
G0 Z0.05 F3000.0 ;position for liquid contact
G0 Z1.0 F5000.0
G0 X105.25 Y100.0 F5000.0
G0 Z1.0 F3000.0
DISPENSE MM=0.025 SPEED=30.0 RELATIVE=1
WAIT S=0.2
G0 Z0.05 F3000.0 ;position for liquid contact
G0 Z1.0 F5000.0
G0 X106.75 Y100.0 F5000.0
G0 Z1.0 F3000.0
DISPENSE MM=0.025 SPEED=30.0 RELATIVE=1
WAIT S=0.2
G0 Z0.05 F3000.0 ;position for liquid contact
G0 Z1.0 F5000.0
G0 X108.25 Y100.0 F5000.0
G0 Z1.0 F3000.0
DISPENSE MM=0.025 SPEED=30.0 RELATIVE=1
WAIT S=0.2
G0 Z0.05 F3000.0 ;position for liquid contact
G0 Z1.0 F5000.0
G0 X109.75 Y100.0 F5000.0
G0 Z1.0 F3000.0
DISPENSE MM=0.025 SPEED=30.0 RELATIVE=1
WAIT S=0.2
G0 Z0.05 F3000.0 ;position for liquid contact
G0 Z1.0 F5000.0
G0 X111.25 Y100.0 F5000.0
G0 Z1.0 F3000.0
DISPENSE MM=0.025 SPEED=30.0 RELATIVE=1
WAIT S=0.2
G0 Z0.05 F3000.0 ;position for liquid contact
G0 Z1.0 F5000.0
G0 X82.75 Y101.5 F5000.0
G0 Z1.0 F3000.0
WAIT S=0.2
DISPENSE MM=0.025 SPEED=30.0 RELATIVE=1
WAIT S=0.2
G0 Z0.05 F3000.0 ;position for liquid contact
G0 Z1.0 F5000.0
G0 X84.25 Y101.5 F5000.0
G0 Z1.0 F3000.0
DISPENSE MM=0.025 SPEED=30.0 RELATIVE=1
WAIT S=0.2
G0 Z0.05 F3000.0 ;position for liquid contact
G0 Z1.0 F5000.0
G0 X85.75 Y101.5 F5000.0
G0 Z1.0 F3000.0
DISPENSE MM=0.025 SPEED=30.0 RELATIVE=1
WAIT S=0.2
G0 Z0.05 F3000.0 ;position for liquid contact
G0 Z1.0 F5000.0
G0 X87.25 Y101.5 F5000.0
G0 Z1.0 F3000.0
DISPENSE MM=0.025 SPEED=30.0 RELATIVE=1
WAIT S=0.2
G0 Z0.05 F3000.0 ;position for liquid contact
G0 Z1.0 F5000.0
G0 X88.75 Y101.5 F5000.0
G0 Z1.0 F3000.0
DISPENSE MM=0.025 SPEED=30.0 RELATIVE=1
WAIT S=0.2
G0 Z0.05 F3000.0 ;position for liquid contact
G0 Z1.0 F5000.0
G0 X90.25 Y101.5 F5000.0
G0 Z1.0 F3000.0
DISPENSE MM=0.025 SPEED=30.0 RELATIVE=1
WAIT S=0.2
G0 Z0.05 F3000.0 ;position for liquid contact
G0 Z1.0 F5000.0
G0 X91.75 Y101.5 F5000.0
G0 Z1.0 F3000.0
DISPENSE MM=0.025 SPEED=30.0 RELATIVE=1
WAIT S=0.2
G0 Z0.05 F3000.0 ;position for liquid contact
G0 Z1.0 F5000.0
G0 X93.25 Y101.5 F5000.0
G0 Z1.0 F3000.0
DISPENSE MM=0.025 SPEED=30.0 RELATIVE=1
WAIT S=0.2
G0 Z0.05 F3000.0 ;position for liquid contact
G0 Z1.0 F5000.0
G0 X94.75 Y101.5 F5000.0
G0 Z1.0 F3000.0
DISPENSE MM=0.025 SPEED=30.0 RELATIVE=1
WAIT S=0.2
G0 Z0.05 F3000.0 ;position for liquid contact
G0 Z1.0 F5000.0
G0 X96.25 Y101.5 F5000.0
G0 Z1.0 F3000.0
DISPENSE MM=0.025 SPEED=30.0 RELATIVE=1
WAIT S=0.2
G0 Z0.05 F3000.0 ;position for liquid contact
G0 Z1.0 F5000.0
G0 X97.75 Y101.5 F5000.0
G0 Z1.0 F3000.0
DISPENSE MM=0.025 SPEED=30.0 RELATIVE=1
WAIT S=0.2
G0 Z0.05 F3000.0 ;position for liquid contact
G0 Z1.0 F5000.0
G0 X99.25 Y101.5 F5000.0
G0 Z1.0 F3000.0
DISPENSE MM=0.025 SPEED=30.0 RELATIVE=1
WAIT S=0.2
G0 Z0.05 F3000.0 ;position for liquid contact
G0 Z1.0 F5000.0
G0 X100.75 Y101.5 F5000.0
G0 Z1.0 F3000.0
DISPENSE MM=0.025 SPEED=30.0 RELATIVE=1
WAIT S=0.2
G0 Z0.05 F3000.0 ;position for liquid contact
G0 Z1.0 F5000.0
G0 X102.25 Y101.5 F5000.0
G0 Z1.0 F3000.0
DISPENSE MM=0.025 SPEED=30.0 RELATIVE=1
WAIT S=0.2
G0 Z0.05 F3000.0 ;position for liquid contact
G0 Z1.0 F5000.0
G0 X103.75 Y101.5 F5000.0
G0 Z1.0 F3000.0
DISPENSE MM=0.025 SPEED=30.0 RELATIVE=1
WAIT S=0.2
G0 Z0.05 F3000.0 ;position for liquid contact
G0 Z1.0 F5000.0
G0 X105.25 Y101.5 F5000.0
G0 Z1.0 F3000.0
DISPENSE MM=0.025 SPEED=30.0 RELATIVE=1
WAIT S=0.2
G0 Z0.05 F3000.0 ;position for liquid contact
G0 Z1.0 F5000.0
G0 X106.75 Y101.5 F5000.0
G0 Z1.0 F3000.0
DISPENSE MM=0.025 SPEED=30.0 RELATIVE=1
WAIT S=0.2
G0 Z0.05 F3000.0 ;position for liquid contact
G0 Z1.0 F5000.0
G0 X108.25 Y101.5 F5000.0
G0 Z1.0 F3000.0
DISPENSE MM=0.025 SPEED=30.0 RELATIVE=1
WAIT S=0.2
G0 Z0.05 F3000.0 ;position for liquid contact
G0 Z1.0 F5000.0
G0 X109.75 Y101.5 F5000.0
G0 Z1.0 F3000.0
DISPENSE MM=0.025 SPEED=30.0 RELATIVE=1
WAIT S=0.2
G0 Z0.05 F3000.0 ;position for liquid contact
G0 Z1.0 F5000.0
G0 X111.25 Y101.5 F5000.0
G0 Z1.0 F3000.0
DISPENSE MM=0.025 SPEED=30.0 RELATIVE=1
WAIT S=0.2
G0 Z0.05 F3000.0 ;position for liquid contact
G0 Z1.0 F5000.0
G0 X82.75 Y103.0 F5000.0
G0 Z1.0 F3000.0
WAIT S=0.2
DISPENSE MM=0.025 SPEED=30.0 RELATIVE=1
WAIT S=0.2
G0 Z0.05 F3000.0 ;position for liquid contact
G0 Z1.0 F5000.0
G0 X84.25 Y103.0 F5000.0
G0 Z1.0 F3000.0
DISPENSE MM=0.025 SPEED=30.0 RELATIVE=1
WAIT S=0.2
G0 Z0.05 F3000.0 ;position for liquid contact
G0 Z1.0 F5000.0
G0 X85.75 Y103.0 F5000.0
G0 Z1.0 F3000.0
DISPENSE MM=0.025 SPEED=30.0 RELATIVE=1
WAIT S=0.2
G0 Z0.05 F3000.0 ;position for liquid contact
G0 Z1.0 F5000.0
G0 X87.25 Y103.0 F5000.0
G0 Z1.0 F3000.0
DISPENSE MM=0.025 SPEED=30.0 RELATIVE=1
WAIT S=0.2
G0 Z0.05 F3000.0 ;position for liquid contact
G0 Z1.0 F5000.0
G0 X88.75 Y103.0 F5000.0
G0 Z1.0 F3000.0
DISPENSE MM=0.025 SPEED=30.0 RELATIVE=1
WAIT S=0.2
G0 Z0.05 F3000.0 ;position for liquid contact
G0 Z1.0 F5000.0
G0 X90.25 Y103.0 F5000.0
G0 Z1.0 F3000.0
DISPENSE MM=0.025 SPEED=30.0 RELATIVE=1
WAIT S=0.2
G0 Z0.05 F3000.0 ;position for liquid contact
G0 Z1.0 F5000.0
G0 X91.75 Y103.0 F5000.0
G0 Z1.0 F3000.0
DISPENSE MM=0.025 SPEED=30.0 RELATIVE=1
WAIT S=0.2
G0 Z0.05 F3000.0 ;position for liquid contact
G0 Z1.0 F5000.0
G0 X93.25 Y103.0 F5000.0
G0 Z1.0 F3000.0
DISPENSE MM=0.025 SPEED=30.0 RELATIVE=1
WAIT S=0.2
G0 Z0.05 F3000.0 ;position for liquid contact
G0 Z1.0 F5000.0
G0 X94.75 Y103.0 F5000.0
G0 Z1.0 F3000.0
DISPENSE MM=0.025 SPEED=30.0 RELATIVE=1
WAIT S=0.2
G0 Z0.05 F3000.0 ;position for liquid contact
G0 Z1.0 F5000.0
G0 X96.25 Y103.0 F5000.0
G0 Z1.0 F3000.0
DISPENSE MM=0.025 SPEED=30.0 RELATIVE=1
WAIT S=0.2
G0 Z0.05 F3000.0 ;position for liquid contact
G0 Z1.0 F5000.0
G0 X97.75 Y103.0 F5000.0
G0 Z1.0 F3000.0
DISPENSE MM=0.025 SPEED=30.0 RELATIVE=1
WAIT S=0.2
G0 Z0.05 F3000.0 ;position for liquid contact
G0 Z1.0 F5000.0
G0 X99.25 Y103.0 F5000.0
G0 Z1.0 F3000.0
DISPENSE MM=0.025 SPEED=30.0 RELATIVE=1
WAIT S=0.2
G0 Z0.05 F3000.0 ;position for liquid contact
G0 Z1.0 F5000.0
G0 X100.75 Y103.0 F5000.0
G0 Z1.0 F3000.0
DISPENSE MM=0.025 SPEED=30.0 RELATIVE=1
WAIT S=0.2
G0 Z0.05 F3000.0 ;position for liquid contact
G0 Z1.0 F5000.0
G0 X102.25 Y103.0 F5000.0
G0 Z1.0 F3000.0
DISPENSE MM=0.025 SPEED=30.0 RELATIVE=1
WAIT S=0.2
G0 Z0.05 F3000.0 ;position for liquid contact
G0 Z1.0 F5000.0
G0 X103.75 Y103.0 F5000.0
G0 Z1.0 F3000.0
DISPENSE MM=0.025 SPEED=30.0 RELATIVE=1
WAIT S=0.2
G0 Z0.05 F3000.0 ;position for liquid contact
G0 Z1.0 F5000.0
G0 X105.25 Y103.0 F5000.0
G0 Z1.0 F3000.0
DISPENSE MM=0.025 SPEED=30.0 RELATIVE=1
WAIT S=0.2
G0 Z0.05 F3000.0 ;position for liquid contact
G0 Z1.0 F5000.0
G0 X106.75 Y103.0 F5000.0
G0 Z1.0 F3000.0
DISPENSE MM=0.025 SPEED=30.0 RELATIVE=1
WAIT S=0.2
G0 Z0.05 F3000.0 ;position for liquid contact
G0 Z1.0 F5000.0
G0 X108.25 Y103.0 F5000.0
G0 Z1.0 F3000.0
DISPENSE MM=0.025 SPEED=30.0 RELATIVE=1
WAIT S=0.2
G0 Z0.05 F3000.0 ;position for liquid contact
G0 Z1.0 F5000.0
G0 X109.75 Y103.0 F5000.0
G0 Z1.0 F3000.0
DISPENSE MM=0.025 SPEED=30.0 RELATIVE=1
WAIT S=0.2
G0 Z0.05 F3000.0 ;position for liquid contact
G0 Z1.0 F5000.0
G0 X111.25 Y103.0 F5000.0
G0 Z1.0 F3000.0
DISPENSE MM=0.025 SPEED=30.0 RELATIVE=1
WAIT S=0.2
G0 Z0.05 F3000.0 ;position for liquid contact
G0 Z1.0 F5000.0
G0 X82.75 Y104.5 F5000.0
G0 Z1.0 F3000.0
WAIT S=0.2
DISPENSE MM=0.025 SPEED=30.0 RELATIVE=1
WAIT S=0.2
G0 Z0.05 F3000.0 ;position for liquid contact
G0 Z1.0 F5000.0
G0 X84.25 Y104.5 F5000.0
G0 Z1.0 F3000.0
DISPENSE MM=0.025 SPEED=30.0 RELATIVE=1
WAIT S=0.2
G0 Z0.05 F3000.0 ;position for liquid contact
G0 Z1.0 F5000.0
G0 X85.75 Y104.5 F5000.0
G0 Z1.0 F3000.0
DISPENSE MM=0.025 SPEED=30.0 RELATIVE=1
WAIT S=0.2
G0 Z0.05 F3000.0 ;position for liquid contact
G0 Z1.0 F5000.0
G0 X87.25 Y104.5 F5000.0
G0 Z1.0 F3000.0
DISPENSE MM=0.025 SPEED=30.0 RELATIVE=1
WAIT S=0.2
G0 Z0.05 F3000.0 ;position for liquid contact
G0 Z1.0 F5000.0
G0 X88.75 Y104.5 F5000.0
G0 Z1.0 F3000.0
DISPENSE MM=0.025 SPEED=30.0 RELATIVE=1
WAIT S=0.2
G0 Z0.05 F3000.0 ;position for liquid contact
G0 Z1.0 F5000.0
G0 X90.25 Y104.5 F5000.0
G0 Z1.0 F3000.0
DISPENSE MM=0.025 SPEED=30.0 RELATIVE=1
WAIT S=0.2
G0 Z0.05 F3000.0 ;position for liquid contact
G0 Z1.0 F5000.0
G0 X91.75 Y104.5 F5000.0
G0 Z1.0 F3000.0
DISPENSE MM=0.025 SPEED=30.0 RELATIVE=1
WAIT S=0.2
G0 Z0.05 F3000.0 ;position for liquid contact
G0 Z1.0 F5000.0
G0 X93.25 Y104.5 F5000.0
G0 Z1.0 F3000.0
DISPENSE MM=0.025 SPEED=30.0 RELATIVE=1
WAIT S=0.2
G0 Z0.05 F3000.0 ;position for liquid contact
G0 Z1.0 F5000.0
G0 X94.75 Y104.5 F5000.0
G0 Z1.0 F3000.0
DISPENSE MM=0.025 SPEED=30.0 RELATIVE=1
WAIT S=0.2
G0 Z0.05 F3000.0 ;position for liquid contact
G0 Z1.0 F5000.0
G0 X96.25 Y104.5 F5000.0
G0 Z1.0 F3000.0
DISPENSE MM=0.025 SPEED=30.0 RELATIVE=1
WAIT S=0.2
G0 Z0.05 F3000.0 ;position for liquid contact
G0 Z1.0 F5000.0
G0 X97.75 Y104.5 F5000.0
G0 Z1.0 F3000.0
DISPENSE MM=0.025 SPEED=30.0 RELATIVE=1
WAIT S=0.2
G0 Z0.05 F3000.0 ;position for liquid contact
G0 Z1.0 F5000.0
G0 X99.25 Y104.5 F5000.0
G0 Z1.0 F3000.0
DISPENSE MM=0.025 SPEED=30.0 RELATIVE=1
WAIT S=0.2
G0 Z0.05 F3000.0 ;position for liquid contact
G0 Z1.0 F5000.0
G0 X100.75 Y104.5 F5000.0
G0 Z1.0 F3000.0
DISPENSE MM=0.025 SPEED=30.0 RELATIVE=1
WAIT S=0.2
G0 Z0.05 F3000.0 ;position for liquid contact
G0 Z1.0 F5000.0
G0 X102.25 Y104.5 F5000.0
G0 Z1.0 F3000.0
DISPENSE MM=0.025 SPEED=30.0 RELATIVE=1
WAIT S=0.2
G0 Z0.05 F3000.0 ;position for liquid contact
G0 Z1.0 F5000.0
G0 X103.75 Y104.5 F5000.0
G0 Z1.0 F3000.0
DISPENSE MM=0.025 SPEED=30.0 RELATIVE=1
WAIT S=0.2
G0 Z0.05 F3000.0 ;position for liquid contact
G0 Z1.0 F5000.0
G0 X105.25 Y104.5 F5000.0
G0 Z1.0 F3000.0
DISPENSE MM=0.025 SPEED=30.0 RELATIVE=1
WAIT S=0.2
G0 Z0.05 F3000.0 ;position for liquid contact
G0 Z1.0 F5000.0
G0 X106.75 Y104.5 F5000.0
G0 Z1.0 F3000.0
DISPENSE MM=0.025 SPEED=30.0 RELATIVE=1
WAIT S=0.2
G0 Z0.05 F3000.0 ;position for liquid contact
G0 Z1.0 F5000.0
G0 X108.25 Y104.5 F5000.0
G0 Z1.0 F3000.0
DISPENSE MM=0.025 SPEED=30.0 RELATIVE=1
WAIT S=0.2
G0 Z0.05 F3000.0 ;position for liquid contact
G0 Z1.0 F5000.0
G0 X109.75 Y104.5 F5000.0
G0 Z1.0 F3000.0
DISPENSE MM=0.025 SPEED=30.0 RELATIVE=1
WAIT S=0.2
G0 Z0.05 F3000.0 ;position for liquid contact
G0 Z1.0 F5000.0
G0 X111.25 Y104.5 F5000.0
G0 Z1.0 F3000.0
DISPENSE MM=0.025 SPEED=30.0 RELATIVE=1
WAIT S=0.2
G0 Z0.05 F3000.0 ;position for liquid contact
G0 Z1.0 F5000.0
G0 X82.75 Y106.0 F5000.0
G0 Z1.0 F3000.0
WAIT S=0.2
DISPENSE MM=0.025 SPEED=30.0 RELATIVE=1
WAIT S=0.2
G0 Z0.05 F3000.0 ;position for liquid contact
G0 Z1.0 F5000.0
G0 X84.25 Y106.0 F5000.0
G0 Z1.0 F3000.0
DISPENSE MM=0.025 SPEED=30.0 RELATIVE=1
WAIT S=0.2
G0 Z0.05 F3000.0 ;position for liquid contact
G0 Z1.0 F5000.0
G0 X85.75 Y106.0 F5000.0
G0 Z1.0 F3000.0
DISPENSE MM=0.025 SPEED=30.0 RELATIVE=1
WAIT S=0.2
G0 Z0.05 F3000.0 ;position for liquid contact
G0 Z1.0 F5000.0
G0 X87.25 Y106.0 F5000.0
G0 Z1.0 F3000.0
DISPENSE MM=0.025 SPEED=30.0 RELATIVE=1
WAIT S=0.2
G0 Z0.05 F3000.0 ;position for liquid contact
G0 Z1.0 F5000.0
G0 X88.75 Y106.0 F5000.0
G0 Z1.0 F3000.0
DISPENSE MM=0.025 SPEED=30.0 RELATIVE=1
WAIT S=0.2
G0 Z0.05 F3000.0 ;position for liquid contact
G0 Z1.0 F5000.0
G0 X90.25 Y106.0 F5000.0
G0 Z1.0 F3000.0
DISPENSE MM=0.025 SPEED=30.0 RELATIVE=1
WAIT S=0.2
G0 Z0.05 F3000.0 ;position for liquid contact
G0 Z1.0 F5000.0
G0 X91.75 Y106.0 F5000.0
G0 Z1.0 F3000.0
DISPENSE MM=0.025 SPEED=30.0 RELATIVE=1
WAIT S=0.2
G0 Z0.05 F3000.0 ;position for liquid contact
G0 Z1.0 F5000.0
G0 X93.25 Y106.0 F5000.0
G0 Z1.0 F3000.0
DISPENSE MM=0.025 SPEED=30.0 RELATIVE=1
WAIT S=0.2
G0 Z0.05 F3000.0 ;position for liquid contact
G0 Z1.0 F5000.0
G0 X94.75 Y106.0 F5000.0
G0 Z1.0 F3000.0
DISPENSE MM=0.025 SPEED=30.0 RELATIVE=1
WAIT S=0.2
G0 Z0.05 F3000.0 ;position for liquid contact
G0 Z1.0 F5000.0
G0 X96.25 Y106.0 F5000.0
G0 Z1.0 F3000.0
DISPENSE MM=0.025 SPEED=30.0 RELATIVE=1
WAIT S=0.2
G0 Z0.05 F3000.0 ;position for liquid contact
G0 Z1.0 F5000.0
G0 X97.75 Y106.0 F5000.0
G0 Z1.0 F3000.0
DISPENSE MM=0.025 SPEED=30.0 RELATIVE=1
WAIT S=0.2
G0 Z0.05 F3000.0 ;position for liquid contact
G0 Z1.0 F5000.0
G0 X99.25 Y106.0 F5000.0
G0 Z1.0 F3000.0
DISPENSE MM=0.025 SPEED=30.0 RELATIVE=1
WAIT S=0.2
G0 Z0.05 F3000.0 ;position for liquid contact
G0 Z1.0 F5000.0
G0 X100.75 Y106.0 F5000.0
G0 Z1.0 F3000.0
DISPENSE MM=0.025 SPEED=30.0 RELATIVE=1
WAIT S=0.2
G0 Z0.05 F3000.0 ;position for liquid contact
G0 Z1.0 F5000.0
G0 X102.25 Y106.0 F5000.0
G0 Z1.0 F3000.0
DISPENSE MM=0.025 SPEED=30.0 RELATIVE=1
WAIT S=0.2
G0 Z0.05 F3000.0 ;position for liquid contact
G0 Z1.0 F5000.0
G0 X103.75 Y106.0 F5000.0
G0 Z1.0 F3000.0
DISPENSE MM=0.025 SPEED=30.0 RELATIVE=1
WAIT S=0.2
G0 Z0.05 F3000.0 ;position for liquid contact
G0 Z1.0 F5000.0
G0 X105.25 Y106.0 F5000.0
G0 Z1.0 F3000.0
DISPENSE MM=0.025 SPEED=30.0 RELATIVE=1
WAIT S=0.2
G0 Z0.05 F3000.0 ;position for liquid contact
G0 Z1.0 F5000.0
G0 X106.75 Y106.0 F5000.0
G0 Z1.0 F3000.0
DISPENSE MM=0.025 SPEED=30.0 RELATIVE=1
WAIT S=0.2
G0 Z0.05 F3000.0 ;position for liquid contact
G0 Z1.0 F5000.0
G0 X108.25 Y106.0 F5000.0
G0 Z1.0 F3000.0
DISPENSE MM=0.025 SPEED=30.0 RELATIVE=1
WAIT S=0.2
G0 Z0.05 F3000.0 ;position for liquid contact
G0 Z1.0 F5000.0
G0 X109.75 Y106.0 F5000.0
G0 Z1.0 F3000.0
DISPENSE MM=0.025 SPEED=30.0 RELATIVE=1
WAIT S=0.2
G0 Z0.05 F3000.0 ;position for liquid contact
G0 Z1.0 F5000.0
G0 X111.25 Y106.0 F5000.0
G0 Z1.0 F3000.0
DISPENSE MM=0.025 SPEED=30.0 RELATIVE=1
WAIT S=0.2
G0 Z0.05 F3000.0 ;position for liquid contact
G0 Z1.0 F5000.0
G0 X82.75 Y107.5 F5000.0
G0 Z1.0 F3000.0
WAIT S=0.2
DISPENSE MM=0.025 SPEED=30.0 RELATIVE=1
WAIT S=0.2
G0 Z0.05 F3000.0 ;position for liquid contact
G0 Z1.0 F5000.0
G0 X84.25 Y107.5 F5000.0
G0 Z1.0 F3000.0
DISPENSE MM=0.025 SPEED=30.0 RELATIVE=1
WAIT S=0.2
G0 Z0.05 F3000.0 ;position for liquid contact
G0 Z1.0 F5000.0
G0 X85.75 Y107.5 F5000.0
G0 Z1.0 F3000.0
DISPENSE MM=0.025 SPEED=30.0 RELATIVE=1
WAIT S=0.2
G0 Z0.05 F3000.0 ;position for liquid contact
G0 Z1.0 F5000.0
G0 X87.25 Y107.5 F5000.0
G0 Z1.0 F3000.0
DISPENSE MM=0.025 SPEED=30.0 RELATIVE=1
WAIT S=0.2
G0 Z0.05 F3000.0 ;position for liquid contact
G0 Z1.0 F5000.0
G0 X88.75 Y107.5 F5000.0
G0 Z1.0 F3000.0
DISPENSE MM=0.025 SPEED=30.0 RELATIVE=1
WAIT S=0.2
G0 Z0.05 F3000.0 ;position for liquid contact
G0 Z1.0 F5000.0
G0 X90.25 Y107.5 F5000.0
G0 Z1.0 F3000.0
DISPENSE MM=0.025 SPEED=30.0 RELATIVE=1
WAIT S=0.2
G0 Z0.05 F3000.0 ;position for liquid contact
G0 Z1.0 F5000.0
G0 X91.75 Y107.5 F5000.0
G0 Z1.0 F3000.0
DISPENSE MM=0.025 SPEED=30.0 RELATIVE=1
WAIT S=0.2
G0 Z0.05 F3000.0 ;position for liquid contact
G0 Z1.0 F5000.0
G0 X93.25 Y107.5 F5000.0
G0 Z1.0 F3000.0
DISPENSE MM=0.025 SPEED=30.0 RELATIVE=1
WAIT S=0.2
G0 Z0.05 F3000.0 ;position for liquid contact
G0 Z1.0 F5000.0
G0 X94.75 Y107.5 F5000.0
G0 Z1.0 F3000.0
DISPENSE MM=0.025 SPEED=30.0 RELATIVE=1
WAIT S=0.2
G0 Z0.05 F3000.0 ;position for liquid contact
G0 Z1.0 F5000.0
G0 X96.25 Y107.5 F5000.0
G0 Z1.0 F3000.0
DISPENSE MM=0.025 SPEED=30.0 RELATIVE=1
WAIT S=0.2
G0 Z0.05 F3000.0 ;position for liquid contact
G0 Z1.0 F5000.0
G0 X97.75 Y107.5 F5000.0
G0 Z1.0 F3000.0
DISPENSE MM=0.025 SPEED=30.0 RELATIVE=1
WAIT S=0.2
G0 Z0.05 F3000.0 ;position for liquid contact
G0 Z1.0 F5000.0
G0 X99.25 Y107.5 F5000.0
G0 Z1.0 F3000.0
DISPENSE MM=0.025 SPEED=30.0 RELATIVE=1
WAIT S=0.2
G0 Z0.05 F3000.0 ;position for liquid contact
G0 Z1.0 F5000.0
G0 X100.75 Y107.5 F5000.0
G0 Z1.0 F3000.0
DISPENSE MM=0.025 SPEED=30.0 RELATIVE=1
WAIT S=0.2
G0 Z0.05 F3000.0 ;position for liquid contact
G0 Z1.0 F5000.0
G0 X102.25 Y107.5 F5000.0
G0 Z1.0 F3000.0
DISPENSE MM=0.025 SPEED=30.0 RELATIVE=1
WAIT S=0.2
G0 Z0.05 F3000.0 ;position for liquid contact
G0 Z1.0 F5000.0
G0 X103.75 Y107.5 F5000.0
G0 Z1.0 F3000.0
DISPENSE MM=0.025 SPEED=30.0 RELATIVE=1
WAIT S=0.2
G0 Z0.05 F3000.0 ;position for liquid contact
G0 Z1.0 F5000.0
G0 X105.25 Y107.5 F5000.0
G0 Z1.0 F3000.0
DISPENSE MM=0.025 SPEED=30.0 RELATIVE=1
WAIT S=0.2
G0 Z0.05 F3000.0 ;position for liquid contact
G0 Z1.0 F5000.0
G0 X106.75 Y107.5 F5000.0
G0 Z1.0 F3000.0
DISPENSE MM=0.025 SPEED=30.0 RELATIVE=1
WAIT S=0.2
G0 Z0.05 F3000.0 ;position for liquid contact
G0 Z1.0 F5000.0
G0 X108.25 Y107.5 F5000.0
G0 Z1.0 F3000.0
DISPENSE MM=0.025 SPEED=30.0 RELATIVE=1
WAIT S=0.2
G0 Z0.05 F3000.0 ;position for liquid contact
G0 Z1.0 F5000.0
G0 X109.75 Y107.5 F5000.0
G0 Z1.0 F3000.0
DISPENSE MM=0.025 SPEED=30.0 RELATIVE=1
WAIT S=0.2
G0 Z0.05 F3000.0 ;position for liquid contact
G0 Z1.0 F5000.0
G0 X111.25 Y107.5 F5000.0
G0 Z1.0 F3000.0
DISPENSE MM=0.025 SPEED=30.0 RELATIVE=1
WAIT S=0.2
G0 Z0.05 F3000.0 ;position for liquid contact
G0 Z1.0 F5000.0

; Washing sequence
G0 Z40.0 F5000
G0 X218.0 Y16.0 F5000
G0 Z-5.0 F500
G0 X219.0 F2000.0
G0 X218.0 F2000.0
G0 X219.0 F2000.0
G0 X218.0 F2000.0
G0 X219.0 F2000.0
G0 X218.0 F2000.0
G0 X219.0 F2000.0
G0 X218.0 F2000.0
G0 X219.0 F2000.0
G0 X218.0 F2000.0
G0 X219.0 F2000.0
G0 X218.0 F2000.0
G0 X219.0 F2000.0
G0 X218.0 F2000.0
G0 X219.0 F2000.0
G0 X218.0 F2000.0
G0 X219.0 F2000.0
G0 X218.0 F2000.0
G0 X219.0 F2000.0
G0 X218.0 F2000.0
G0 X219.0 F2000.0
G0 X218.0 F2000.0
G0 X219.0 F2000.0
G0 X218.0 F2000.0
G0 X219.0 F2000.0
G0 X218.0 F2000.0
G0 X219.0 F2000.0
G0 X218.0 F2000.0
G0 X219.0 F2000.0
G0 X218.0 F2000.0
G0 X219.0 F2000.0
G0 X218.0 F2000.0
G0 X219.0 F2000.0
G0 X218.0 F2000.0
G0 X219.0 F2000.0
G0 X218.0 F2000.0
G0 X219.0 F2000.0
G0 X218.0 F2000.0
G0 X219.0 F2000.0
G0 X218.0 F2000.0
G0 X219.0 F2000.0
G0 X218.0 F2000.0
G0 X219.0 F2000.0
G0 X218.0 F2000.0
G0 X219.0 F2000.0
G0 X218.0 F2000.0
G0 X219.0 F2000.0
G0 X218.0 F2000.0
G0 X219.0 F2000.0
G0 X218.0 F2000.0
G0 X219.0 F2000.0
G0 X218.0 F2000.0
G0 X219.0 F2000.0
G0 X218.0 F2000.0
G0 X219.0 F2000.0
G0 X218.0 F2000.0
G0 X219.0 F2000.0
G0 X218.0 F2000.0
G0 X219.0 F2000.0
G0 X218.0 F2000.0
G0 X219.0 F2000.0
G0 X218.0 F2000.0
G0 X219.0 F2000.0
G0 X218.0 F2000.0
G0 X219.0 F2000.0
G0 X218.0 F2000.0
G0 X219.0 F2000.0
G0 X218.0 F2000.0
G0 X219.0 F2000.0
G0 X218.0 F2000.0
G0 X219.0 F2000.0
G0 X218.0 F2000.0
G0 X219.0 F2000.0
G0 X218.0 F2000.0
G0 X219.0 F2000.0
G0 X218.0 F2000.0
G0 X219.0 F2000.0
G0 X218.0 F2000.0
G0 X219.0 F2000.0
G0 X218.0 F2000.0
G0 X219.0 F2000.0
G0 X218.0 F2000.0
G0 X219.0 F2000.0
G0 X218.0 F2000.0
G0 X219.0 F2000.0
G0 X218.0 F2000.0
G0 X219.0 F2000.0
G0 X218.0 F2000.0
G0 X219.0 F2000.0
G0 X218.0 F2000.0
G0 X219.0 F2000.0
G0 X218.0 F2000.0
G0 X219.0 F2000.0
G0 X218.0 F2000.0
G0 X219.0 F2000.0
G0 X218.0 F2000.0
G0 X219.0 F2000.0
G0 X218.0 F2000.0
G0 X219.0 F2000.0
G0 X218.0 F2000.0
G0 Z40.0 F5000

G0 Z40.0 F5000.0 ; dispensing leftovers
G0 X218.0 Y15.0 F5000.0
G0 Z-17.0 F3000.0
DISPENSE MM=0.0 SPEED=30.0
WAIT S=1.0
ASPIRATE MM=50.0 SPEED=30.0 ; rinse aspiration
WAIT S=0.5
DISPENSE MM=0.0 SPEED=30.0 ; rinse dispense
ASPIRATE MM=50.0 SPEED=30.0 ; rinse aspiration
WAIT S=0.5
DISPENSE MM=0.0 SPEED=30.0 ; rinse dispense
ASPIRATE MM=50.0 SPEED=30.0 ; rinse aspiration
WAIT S=0.5
DISPENSE MM=0.0 SPEED=30.0 ; rinse dispense
ASPIRATE MM=50.0 SPEED=30.0 ; rinse aspiration
WAIT S=0.5
DISPENSE MM=0.0 SPEED=30.0 ; rinse dispense
ASPIRATE MM=50.0 SPEED=30.0 ; rinse aspiration
WAIT S=0.5
DISPENSE MM=0.0 SPEED=30.0 ; rinse dispense
WAIT S=2.0

G0 Z40.0 F5000.0 ; dispensing leftovers
ASPIRATE MM=50.0 SPEED=30.0 ; rinse aspiration
WAIT S=0.5
DISPENSE MM=0.0 SPEED=30.0 ; rinse dispense
ASPIRATE MM=50.0 SPEED=30.0 ; rinse aspiration
WAIT S=0.5
DISPENSE MM=0.0 SPEED=30.0 ; rinse dispense
ASPIRATE MM=50.0 SPEED=30.0 ; rinse aspiration
WAIT S=0.5
DISPENSE MM=0.0 SPEED=30.0 ; rinse dispense
ASPIRATE MM=50.0 SPEED=30.0 ; rinse aspiration
WAIT S=0.5
DISPENSE MM=0.0 SPEED=30.0 ; rinse dispense
ASPIRATE MM=50.0 SPEED=30.0 ; rinse aspiration
WAIT S=0.5
DISPENSE MM=0.0 SPEED=30.0 ; rinse dispense
WAIT S=2.0
G0 Z40.0 F5000.0
G90 ;absolute positioning
G0 Y170.0 F2000.0;present print
